Index,DS,LKMM Prod (ns),User Cons (ns),User Prod (ns),LKMM Cons (ns),E2E (ns),Tput (Mop/s),Relay %
1,MSQueue,135,255,177,349,916,1.09,100
2,MSQueue,132,238,190,292,852,1.17,100
3,MSQueue,131,250,190,364,935,1.07,100
4,MSQueue,157,243,187,346,933,1.07,100
5,MSQueue,183,242,196,334,955,1.05,100
6,MSQueue,129,272,157,366,924,1.08,100
7,MSQueue,127,252,191,356,926,1.08,100
8,MSQueue,141,253,207,304,905,1.10,100
9,MSQueue,169,271,256,359,1055,0.95,100
10,MSQueue,127,263,218,302,910,1.10,100
11,MSQueue,160,245,186,350,941,1.06,100
12,MSQueue,175,237,185,397,994,1.01,100
13,MSQueue,142,247,217,334,940,1.06,100
14,MSQueue,140,241,214,341,936,1.07,100
15,MSQueue,131,234,198,357,920,1.09,100
16,MSQueue,129,230,170,360,889,1.12,100
17,MSQueue,160,234,149,332,875,1.14,100
18,MSQueue,180,228,185,349,942,1.06,100
19,MSQueue,133,232,195,353,913,1.10,100
20,MSQueue,161,208,199,355,923,1.08,100
21,MSQueue,169,237,165,345,916,1.09,100
22,MSQueue,178,245,217,365,1005,1.00,100
23,MSQueue,145,239,243,370,997,1.00,100
24,MSQueue,146,234,182,346,908,1.10,100
25,MSQueue,157,216,185,399,957,1.04,100
26,MSQueue,139,217,190,374,920,1.09,100
27,MSQueue,153,249,175,356,933,1.07,100
28,MSQueue,148,249,159,348,904,1.11,100
29,MSQueue,151,242,197,360,950,1.05,100
30,MSQueue,151,260,209,348,968,1.03,100
31,MSQueue,197,236,181,435,1049,0.95,100
32,MSQueue,152,249,183,305,889,1.12,100
33,MSQueue,116,251,167,366,900,1.11,100
34,MSQueue,167,226,153,387,933,1.07,100
35,MSQueue,127,254,180,352,913,1.10,100
36,MSQueue,117,210,178,372,877,1.14,100
37,MSQueue,173,236,179,325,913,1.10,100
38,MSQueue,187,243,219,333,982,1.02,100
39,MSQueue,145,221,148,310,824,1.21,100
40,MSQueue,129,251,156,332,868,1.15,100
41,MSQueue,164,220,154,367,905,1.10,100
42,MSQueue,157,220,183,373,933,1.07,100
43,MSQueue,132,256,189,304,881,1.14,100
44,MSQueue,166,270,196,372,1004,1.00,100
45,MSQueue,171,241,210,334,956,1.05,100
46,MSQueue,181,225,198,313,917,1.09,100
47,MSQueue,137,259,190,348,934,1.07,100
48,MSQueue,112,226,184,377,899,1.11,100
49,MSQueue,138,233,160,350,881,1.14,100
50,MSQueue,139,224,163,337,863,1.16,100
51,MSQueue,161,207,181,325,874,1.14,100
52,MSQueue,150,231,205,404,990,1.01,100
53,MSQueue,177,263,234,322,996,1.00,100
54,MSQueue,167,219,182,340,908,1.10,100
55,MSQueue,201,211,184,353,949,1.05,100
56,MSQueue,163,218,209,387,977,1.02,100
57,MSQueue,227,242,161,399,1029,0.97,100
58,MSQueue,171,241,201,354,967,1.03,100
59,MSQueue,126,255,203,375,959,1.04,100
60,MSQueue,127,227,212,341,907,1.10,100
61,MSQueue,121,232,155,327,835,1.20,100
62,MSQueue,162,226,148,304,840,1.19,100
63,MSQueue,155,219,187,337,898,1.11,100
64,MSQueue,147,222,185,331,885,1.13,100
65,MSQueue,144,222,152,341,859,1.16,100
66,MSQueue,185,227,189,327,928,1.08,100
67,MSQueue,140,218,181,340,879,1.14,100
68,MSQueue,146,253,172,286,857,1.17,100
69,MSQueue,193,239,185,333,950,1.05,100
70,MSQueue,117,239,176,349,881,1.14,100
71,MSQueue,124,252,187,303,866,1.15,100
72,MSQueue,156,230,148,283,817,1.22,100
73,MSQueue,154,235,178,349,916,1.09,100
74,MSQueue,170,254,185,364,973,1.03,100
75,MSQueue,154,235,297,338,1024,0.98,100
76,MSQueue,165,251,221,330,967,1.03,100
77,MSQueue,125,230,186,330,871,1.15,100
78,MSQueue,159,240,191,330,920,1.09,100
79,MSQueue,130,232,183,323,868,1.15,100
80,MSQueue,160,227,175,326,888,1.13,100
81,MSQueue,163,200,182,417,962,1.04,100
82,MSQueue,184,236,190,380,990,1.01,100
83,MSQueue,153,251,170,304,878,1.14,100
84,MSQueue,181,256,214,328,979,1.02,100
85,MSQueue,214,228,203,403,1048,0.95,100
86,MSQueue,192,231,235,351,1009,0.99,100
87,MSQueue,147,237,195,355,934,1.07,100
88,MSQueue,140,243,173,341,897,1.11,100
89,MSQueue,162,237,179,394,972,1.03,100
90,MSQueue,169,226,192,368,955,1.05,100
91,MSQueue,131,229,193,278,831,1.20,100
92,MSQueue,176,243,202,356,977,1.02,100
93,MSQueue,154,210,169,363,896,1.12,100
94,MSQueue,155,232,191,342,920,1.09,100
95,MSQueue,181,221,182,343,927,1.08,100
96,MSQueue,172,244,214,294,924,1.08,100
97,MSQueue,183,238,209,313,943,1.06,100
98,MSQueue,152,239,222,308,921,1.09,100
99,MSQueue,130,237,151,335,853,1.17,100
100,MSQueue,190,220,165,358,933,1.07,100
101,MSQueue,202,221,173,352,948,1.05,100
102,MSQueue,177,225,205,338,945,1.06,100
103,MSQueue,144,231,231,328,934,1.07,100
104,MSQueue,179,246,215,373,1013,0.99,100
105,MSQueue,173,220,173,368,934,1.07,100
106,MSQueue,151,252,165,359,927,1.08,100
107,MSQueue,141,243,198,345,927,1.08,100
108,MSQueue,176,239,195,308,918,1.09,100
109,MSQueue,124,231,216,315,886,1.13,100
110,MSQueue,195,276,202,368,1041,0.96,100
111,MSQueue,155,226,191,353,925,1.08,100
112,MSQueue,151,212,209,345,917,1.09,100
113,MSQueue,185,242,187,332,946,1.06,100
114,MSQueue,141,219,162,381,903,1.11,100
115,MSQueue,191,246,163,295,895,1.12,100
116,MSQueue,133,222,169,363,887,1.13,100
117,MSQueue,163,223,158,345,889,1.12,100
118,MSQueue,117,248,184,369,918,1.09,100
119,MSQueue,176,206,156,380,918,1.09,100
120,MSQueue,178,252,170,345,945,1.06,100
121,MSQueue,139,249,171,268,827,1.21,100
122,MSQueue,173,219,150,347,889,1.12,100
123,MSQueue,183,217,216,281,897,1.11,100
124,MSQueue,153,224,138,370,885,1.13,100
125,MSQueue,152,211,168,373,904,1.11,100
126,MSQueue,165,200,147,353,865,1.16,100
127,MSQueue,171,240,162,351,924,1.08,100
128,MSQueue,125,253,169,325,872,1.15,100
129,MSQueue,151,247,215,353,966,1.04,100
130,MSQueue,149,214,172,323,858,1.17,100
131,MSQueue,178,211,197,348,934,1.07,100
132,MSQueue,173,243,157,365,938,1.07,100
133,MSQueue,173,200,185,309,867,1.15,100
134,MSQueue,173,238,163,304,878,1.14,100
135,MSQueue,172,211,161,351,895,1.12,100
136,MSQueue,133,255,222,322,932,1.07,100
137,MSQueue,161,230,197,310,898,1.11,100
138,MSQueue,182,244,250,353,1029,0.97,100
139,MSQueue,144,241,209,345,939,1.06,100
140,MSQueue,131,253,162,338,884,1.13,100
141,MSQueue,168,234,163,332,897,1.11,100
142,MSQueue,143,217,155,324,839,1.19,100
143,MSQueue,134,222,178,321,855,1.17,100
144,MSQueue,131,239,220,220,810,1.23,100
145,MSQueue,146,225,175,343,889,1.12,100
146,MSQueue,147,247,162,351,907,1.10,100
147,MSQueue,152,239,170,351,912,1.10,100
148,MSQueue,198,249,157,362,966,1.04,100
149,MSQueue,122,259,159,308,848,1.18,100
150,MSQueue,196,249,187,348,980,1.02,100
151,MSQueue,154,249,201,374,978,1.02,100
152,MSQueue,139,240,205,347,931,1.07,100
153,MSQueue,178,247,191,333,949,1.05,100
154,MSQueue,179,210,189,333,911,1.10,100
155,MSQueue,134,232,209,316,891,1.12,100
156,MSQueue,171,253,222,384,1030,0.97,100
157,MSQueue,175,225,174,326,900,1.11,100
158,MSQueue,161,257,224,351,993,1.01,100
159,MSQueue,139,226,203,273,841,1.19,100
160,MSQueue,137,236,176,365,914,1.09,100
161,MSQueue,143,250,170,300,863,1.16,100
162,MSQueue,214,239,166,327,946,1.06,100
163,MSQueue,128,220,209,272,829,1.21,100
164,MSQueue,175,239,223,321,958,1.04,100
165,MSQueue,141,240,179,366,926,1.08,100
166,MSQueue,160,230,194,369,953,1.05,100
167,MSQueue,196,213,169,339,917,1.09,100
168,MSQueue,120,256,196,343,915,1.09,100
169,MSQueue,144,236,176,377,933,1.07,100
170,MSQueue,137,244,205,338,924,1.08,100
171,MSQueue,162,229,157,365,913,1.10,100
172,MSQueue,129,253,149,315,846,1.18,100
173,MSQueue,154,229,207,333,923,1.08,100
174,MSQueue,163,252,189,350,954,1.05,100
175,MSQueue,150,255,179,322,906,1.10,100
176,MSQueue,136,231,180,342,889,1.12,100
177,MSQueue,138,220,169,358,885,1.13,100
178,MSQueue,159,249,224,325,957,1.04,100
179,MSQueue,150,255,212,367,984,1.02,100
180,MSQueue,159,248,175,329,911,1.10,100
181,MSQueue,198,266,215,350,1029,0.97,100
182,MSQueue,163,242,164,409,978,1.02,100
183,MSQueue,143,258,181,341,923,1.08,100
184,MSQueue,179,257,192,319,947,1.06,100
185,MSQueue,177,232,208,329,946,1.06,100
186,MSQueue,128,245,243,396,1012,0.99,100
187,MSQueue,139,275,199,343,956,1.05,100
188,MSQueue,137,258,200,383,978,1.02,100
189,MSQueue,141,263,201,386,991,1.01,100
190,MSQueue,154,228,154,290,826,1.21,100
191,MSQueue,163,254,160,335,912,1.10,100
192,MSQueue,146,232,181,295,854,1.17,100
193,MSQueue,136,257,192,353,938,1.07,100
194,MSQueue,191,216,163,361,931,1.07,100
195,MSQueue,184,226,158,316,884,1.13,100
196,MSQueue,157,244,185,352,938,1.07,100
197,MSQueue,147,251,199,337,934,1.07,100
198,MSQueue,126,254,182,387,949,1.05,100
199,MSQueue,175,272,173,357,977,1.02,100
200,MSQueue,163,242,225,359,989,1.01,100
201,MSQueue,131,240,212,320,903,1.11,100
202,MSQueue,136,244,189,353,922,1.08,100
203,MSQueue,133,243,183,323,882,1.13,100
204,MSQueue,140,231,238,348,957,1.04,100
205,MSQueue,116,258,224,332,930,1.08,100
206,MSQueue,173,234,211,396,1014,0.99,100
207,MSQueue,135,216,191,387,929,1.08,100
208,MSQueue,151,292,205,344,992,1.01,100
209,MSQueue,165,238,187,314,904,1.11,100
210,MSQueue,142,260,243,337,982,1.02,100
211,MSQueue,133,235,219,378,965,1.04,100
212,MSQueue,161,244,177,340,922,1.08,100
213,MSQueue,156,217,180,354,907,1.10,100
214,MSQueue,135,247,173,366,921,1.09,100
215,MSQueue,190,209,177,321,897,1.11,100
216,MSQueue,147,239,214,361,961,1.04,100
217,MSQueue,166,233,163,369,931,1.07,100
218,MSQueue,124,227,155,322,828,1.21,100
219,MSQueue,159,257,197,350,963,1.04,100
220,MSQueue,176,220,180,335,911,1.10,100
221,MSQueue,188,232,183,332,935,1.07,100
222,MSQueue,132,225,153,321,831,1.20,100
223,MSQueue,135,238,179,385,937,1.07,100
224,MSQueue,138,251,197,370,956,1.05,100
225,MSQueue,192,234,173,336,935,1.07,100
226,MSQueue,176,224,169,348,917,1.09,100
227,MSQueue,137,237,215,300,889,1.12,100
228,MSQueue,141,233,154,340,868,1.15,100
229,MSQueue,152,504,198,323,1177,0.85,100
230,MSQueue,153,252,170,358,933,1.07,100
231,MSQueue,175,245,228,316,964,1.04,100
232,MSQueue,158,235,184,319,896,1.12,100
233,MSQueue,162,248,169,406,985,1.02,100
234,MSQueue,195,223,188,367,973,1.03,100
235,MSQueue,130,243,160,374,907,1.10,100
236,MSQueue,166,242,202,326,936,1.07,100
237,MSQueue,144,250,157,314,865,1.16,100
238,MSQueue,176,234,204,356,970,1.03,100
239,MSQueue,149,245,228,342,964,1.04,100
240,MSQueue,124,222,183,319,848,1.18,100
241,MSQueue,128,248,265,329,970,1.03,100
242,MSQueue,194,249,226,359,1028,0.97,100
243,MSQueue,177,223,171,346,917,1.09,100
244,MSQueue,165,244,167,334,910,1.10,100
245,MSQueue,168,222,154,332,876,1.14,100
246,MSQueue,166,225,181,348,920,1.09,100
247,MSQueue,195,249,215,325,984,1.02,100
248,MSQueue,165,239,201,365,970,1.03,100
249,MSQueue,157,268,198,340,963,1.04,100
250,MSQueue,194,245,181,344,964,1.04,100
251,MSQueue,161,265,155,346,927,1.08,100
252,MSQueue,123,256,197,322,898,1.11,100
253,MSQueue,127,257,151,329,864,1.16,100
254,MSQueue,184,234,148,367,933,1.07,100
255,MSQueue,164,228,182,312,886,1.13,100
256,MSQueue,141,233,168,419,961,1.04,100
257,MSQueue,160,252,193,326,931,1.07,100
258,MSQueue,164,227,191,364,946,1.06,100
259,MSQueue,172,231,204,301,908,1.10,100
260,MSQueue,140,229,158,316,843,1.19,100
261,MSQueue,128,251,170,332,881,1.14,100
262,MSQueue,157,250,182,297,886,1.13,100
263,MSQueue,160,245,165,289,859,1.16,100
264,MSQueue,162,243,191,312,908,1.10,100
265,MSQueue,178,232,196,369,975,1.03,100
266,MSQueue,142,232,215,360,949,1.05,100
267,MSQueue,121,232,224,356,933,1.07,100
268,MSQueue,163,245,178,342,928,1.08,100
269,MSQueue,176,261,192,328,957,1.04,100
270,MSQueue,183,253,168,351,955,1.05,100
271,MSQueue,137,238,195,355,925,1.08,100
272,MSQueue,189,228,182,370,969,1.03,100
273,MSQueue,214,242,209,380,1045,0.96,100
274,MSQueue,182,233,170,359,944,1.06,100
275,MSQueue,172,257,158,333,920,1.09,100
276,MSQueue,147,250,171,363,931,1.07,100
277,MSQueue,127,227,178,336,868,1.15,100
278,MSQueue,196,246,174,336,952,1.05,100
279,MSQueue,192,238,175,393,998,1.00,100
280,MSQueue,165,235,163,305,868,1.15,100
281,MSQueue,130,241,192,326,889,1.12,100
282,MSQueue,135,235,230,347,947,1.06,100
283,MSQueue,169,222,194,355,940,1.06,100
284,MSQueue,147,241,160,410,958,1.04,100
285,MSQueue,133,276,193,317,919,1.09,100
286,MSQueue,157,250,168,358,933,1.07,100
287,MSQueue,173,239,202,393,1007,0.99,100
288,MSQueue,182,233,182,373,970,1.03,100
289,MSQueue,156,248,169,325,898,1.11,100
290,MSQueue,160,227,205,406,998,1.00,100
291,MSQueue,154,233,154,329,870,1.15,100
292,MSQueue,185,238,207,337,967,1.03,100
293,MSQueue,167,243,188,329,927,1.08,100
294,MSQueue,144,214,200,328,886,1.13,100
295,MSQueue,119,222,182,337,860,1.16,100
296,MSQueue,188,251,162,346,947,1.06,100
297,MSQueue,161,246,164,401,972,1.03,100
298,MSQueue,135,264,193,319,911,1.10,100
299,MSQueue,127,240,209,334,910,1.10,100
300,MSQueue,135,252,239,346,972,1.03,100
301,MSQueue,229,232,178,411,1050,0.95,100
302,MSQueue,163,218,202,338,921,1.09,100
303,MSQueue,150,239,166,306,861,1.16,100
304,MSQueue,173,246,196,355,970,1.03,100
305,MSQueue,187,245,202,455,1089,0.92,100
306,MSQueue,117,210,180,328,835,1.20,100
307,MSQueue,217,242,189,345,993,1.01,100
308,MSQueue,139,296,177,353,965,1.04,100
309,MSQueue,121,241,221,370,953,1.05,100
310,MSQueue,126,231,166,357,880,1.14,100
311,MSQueue,158,253,225,373,1009,0.99,100
312,MSQueue,197,229,166,325,917,1.09,100
313,MSQueue,154,263,243,349,1009,0.99,100
314,MSQueue,147,251,217,324,939,1.06,100
315,MSQueue,128,262,164,375,929,1.08,100
316,MSQueue,108,236,206,320,870,1.15,100
317,MSQueue,123,249,202,349,923,1.08,100
318,MSQueue,152,227,167,333,879,1.14,100
319,MSQueue,165,243,193,347,948,1.05,100
320,MSQueue,171,241,179,334,925,1.08,100
321,MSQueue,181,241,190,320,932,1.07,100
322,MSQueue,136,248,199,325,908,1.10,100
323,MSQueue,118,252,224,368,962,1.04,100
324,MSQueue,120,234,206,362,922,1.08,100
325,MSQueue,189,249,222,345,1005,1.00,100
326,MSQueue,193,268,169,346,976,1.02,100
327,MSQueue,108,240,233,292,873,1.15,100
328,MSQueue,190,226,184,358,958,1.04,100
329,MSQueue,166,242,181,359,948,1.05,100
330,MSQueue,136,214,182,351,883,1.13,100
331,MSQueue,145,254,184,342,925,1.08,100
332,MSQueue,140,239,163,281,823,1.22,100
333,MSQueue,154,239,232,328,953,1.05,100
334,MSQueue,131,246,168,335,880,1.14,100
335,MSQueue,138,234,231,350,953,1.05,100
336,MSQueue,124,264,194,346,928,1.08,100
337,MSQueue,125,203,172,375,875,1.14,100
338,MSQueue,140,247,198,348,933,1.07,100
339,MSQueue,122,240,193,350,905,1.10,100
340,MSQueue,133,254,175,341,903,1.11,100
341,MSQueue,123,220,161,321,825,1.21,100
342,MSQueue,136,203,184,358,881,1.14,100
343,MSQueue,118,220,175,372,885,1.13,100
344,MSQueue,169,225,224,341,959,1.04,100
345,MSQueue,170,235,169,370,944,1.06,100
346,MSQueue,129,235,194,343,901,1.11,100
347,MSQueue,156,241,188,299,884,1.13,100
348,MSQueue,221,228,199,399,1047,0.96,100
349,MSQueue,197,228,230,352,1007,0.99,100
350,MSQueue,146,239,209,330,924,1.08,100
351,MSQueue,135,255,195,380,965,1.04,100
352,MSQueue,156,215,188,356,915,1.09,100
353,MSQueue,141,226,207,354,928,1.08,100
354,MSQueue,124,238,175,316,853,1.17,100
355,MSQueue,138,238,233,429,1038,0.96,100
356,MSQueue,133,240,162,316,851,1.18,100
357,MSQueue,130,249,248,346,973,1.03,100
358,MSQueue,158,249,169,324,900,1.11,100
359,MSQueue,129,244,192,356,921,1.09,100
360,MSQueue,135,226,205,352,918,1.09,100
361,MSQueue,111,245,207,368,931,1.07,100
362,MSQueue,168,239,149,337,893,1.12,100
363,MSQueue,191,249,213,358,1011,0.99,100
364,MSQueue,146,232,208,338,924,1.08,100
365,MSQueue,124,258,193,345,920,1.09,100
366,MSQueue,216,233,182,376,1007,0.99,100
367,MSQueue,153,273,228,325,979,1.02,100
368,MSQueue,166,502,168,319,1155,0.87,100
369,MSQueue,136,251,177,369,933,1.07,100
370,MSQueue,120,241,162,372,895,1.12,100
371,MSQueue,164,238,180,360,942,1.06,100
372,MSQueue,195,235,187,376,993,1.01,100
373,MSQueue,137,241,195,321,894,1.12,100
374,MSQueue,174,224,203,378,979,1.02,100
375,MSQueue,157,271,169,355,952,1.05,100
376,MSQueue,179,256,183,357,975,1.03,100
377,MSQueue,137,241,225,297,900,1.11,100
378,MSQueue,161,225,229,373,988,1.01,100
379,MSQueue,147,245,199,355,946,1.06,100
380,MSQueue,123,221,232,349,925,1.08,100
381,MSQueue,147,211,160,330,848,1.18,100
382,MSQueue,159,233,149,366,907,1.10,100
383,MSQueue,174,246,196,363,979,1.02,100
384,MSQueue,125,244,173,324,866,1.15,100
385,MSQueue,141,233,217,346,937,1.07,100
386,MSQueue,131,248,168,358,905,1.10,100
387,MSQueue,160,228,190,343,921,1.09,100
388,MSQueue,156,232,156,271,815,1.23,100
389,MSQueue,158,227,171,330,886,1.13,100
390,MSQueue,183,214,186,341,924,1.08,100
391,MSQueue,206,240,193,357,996,1.00,100
392,MSQueue,143,243,207,351,944,1.06,100
393,MSQueue,131,273,212,404,1020,0.98,100
394,MSQueue,182,253,203,347,985,1.02,100
395,MSQueue,192,235,185,347,959,1.04,100
396,MSQueue,246,246,207,352,1051,0.95,100
397,MSQueue,140,237,158,312,847,1.18,100
398,MSQueue,176,232,190,359,957,1.04,100
399,MSQueue,169,243,201,313,926,1.08,100
400,MSQueue,176,250,183,360,969,1.03,100
401,MSQueue,134,226,216,356,932,1.07,100
402,MSQueue,126,232,192,383,933,1.07,100
403,MSQueue,133,250,221,353,957,1.04,100
404,MSQueue,169,262,188,373,992,1.01,100
405,MSQueue,157,222,222,329,930,1.08,100
406,MSQueue,141,251,174,312,878,1.14,100
407,MSQueue,170,240,148,309,867,1.15,100
408,MSQueue,150,251,212,348,961,1.04,100
409,MSQueue,129,246,179,347,901,1.11,100
410,MSQueue,127,257,214,345,943,1.06,100
411,MSQueue,143,255,190,360,948,1.05,100
412,MSQueue,142,238,233,343,956,1.05,100
413,MSQueue,139,243,198,308,888,1.13,100
414,MSQueue,187,256,184,353,980,1.02,100
415,MSQueue,105,219,161,335,820,1.22,100
416,MSQueue,139,264,165,364,932,1.07,100
417,MSQueue,103,257,197,341,898,1.11,100
418,MSQueue,143,225,164,344,876,1.14,100
419,MSQueue,120,267,192,346,925,1.08,100
420,MSQueue,134,235,219,359,947,1.06,100
421,MSQueue,189,244,213,300,946,1.06,100
422,MSQueue,207,252,194,379,1032,0.97,100
423,MSQueue,178,249,186,340,953,1.05,100
424,MSQueue,142,244,219,301,906,1.10,100
425,MSQueue,153,235,189,343,920,1.09,100
426,MSQueue,157,229,160,309,855,1.17,100
427,MSQueue,185,230,206,368,989,1.01,100
428,MSQueue,141,229,189,338,897,1.11,100
429,MSQueue,194,249,168,329,940,1.06,100
430,MSQueue,151,248,158,340,897,1.11,100
431,MSQueue,127,234,182,371,914,1.09,100
432,MSQueue,169,250,182,340,941,1.06,100
433,MSQueue,137,228,193,353,911,1.10,100
434,MSQueue,158,230,172,362,922,1.08,100
435,MSQueue,182,235,191,320,928,1.08,100
436,MSQueue,139,233,166,341,879,1.14,100
437,MSQueue,156,243,181,354,934,1.07,100
438,MSQueue,123,256,221,357,957,1.04,100
439,MSQueue,213,246,182,341,982,1.02,100
440,MSQueue,153,240,191,374,958,1.04,100
441,MSQueue,172,245,181,323,921,1.09,100
442,MSQueue,158,266,196,317,937,1.07,100
443,MSQueue,146,258,185,335,924,1.08,100
444,MSQueue,154,236,209,349,948,1.05,100
445,MSQueue,141,256,164,340,901,1.11,100
446,MSQueue,167,224,194,313,898,1.11,100
447,MSQueue,136,256,152,389,933,1.07,100
448,MSQueue,143,284,208,360,995,1.01,100
449,MSQueue,140,240,197,301,878,1.14,100
450,MSQueue,165,258,228,329,980,1.02,100
451,MSQueue,171,238,195,345,949,1.05,100
452,MSQueue,179,242,166,322,909,1.10,100
453,MSQueue,186,221,193,348,948,1.05,100
454,MSQueue,135,221,158,366,880,1.14,100
455,MSQueue,173,241,221,398,1033,0.97,100
456,MSQueue,144,241,208,335,928,1.08,100
457,MSQueue,159,225,204,400,988,1.01,100
458,MSQueue,133,237,198,328,896,1.12,100
459,MSQueue,139,221,207,340,907,1.10,100
460,MSQueue,152,237,197,389,975,1.03,100
461,MSQueue,139,240,173,359,911,1.10,100
462,MSQueue,161,258,158,339,916,1.09,100
463,MSQueue,176,243,195,335,949,1.05,100
464,MSQueue,139,222,153,354,868,1.15,100
465,MSQueue,173,220,226,325,944,1.06,100
466,MSQueue,154,220,187,329,890,1.12,100
467,MSQueue,135,259,159,338,891,1.12,100
468,MSQueue,143,231,201,357,932,1.07,100
469,MSQueue,159,226,191,304,880,1.14,100
470,MSQueue,145,246,216,338,945,1.06,100
471,MSQueue,187,219,194,341,941,1.06,100
472,MSQueue,192,253,166,349,960,1.04,100
473,MSQueue,130,262,198,328,918,1.09,100
474,MSQueue,191,231,217,339,978,1.02,100
475,MSQueue,161,257,167,377,962,1.04,100
476,MSQueue,146,253,198,349,946,1.06,100
477,MSQueue,113,256,223,336,928,1.08,100
478,MSQueue,138,268,186,305,897,1.11,100
479,MSQueue,206,257,233,369,1065,0.94,100
480,MSQueue,159,227,173,346,905,1.10,100
481,MSQueue,142,233,202,342,919,1.09,100
482,MSQueue,129,247,150,341,867,1.15,100
483,MSQueue,156,239,210,343,948,1.05,100
484,MSQueue,118,250,168,311,847,1.18,100
485,MSQueue,139,268,158,355,920,1.09,100
486,MSQueue,177,248,171,331,927,1.08,100
487,MSQueue,127,235,183,350,895,1.12,100
488,MSQueue,140,242,194,338,914,1.09,100
489,MSQueue,116,218,161,322,817,1.22,100
490,MSQueue,174,222,154,329,879,1.14,100
491,MSQueue,126,261,193,325,905,1.10,100
492,MSQueue,153,253,169,360,935,1.07,100
493,MSQueue,150,221,179,320,870,1.15,100
494,MSQueue,196,214,170,365,945,1.06,100
495,MSQueue,138,247,179,379,943,1.06,100
496,MSQueue,136,222,188,347,893,1.12,100
497,MSQueue,111,240,195,344,890,1.12,100
498,MSQueue,116,253,196,349,914,1.09,100
499,MSQueue,141,232,142,372,887,1.13,100
500,MSQueue,165,210,181,367,923,1.08,100
501,MSQueue,147,250,196,388,981,1.02,100
502,MSQueue,170,209,212,329,920,1.09,100
503,MSQueue,131,236,173,359,899,1.11,100
504,MSQueue,163,220,158,330,871,1.15,100
505,MSQueue,129,237,183,333,882,1.13,100
506,MSQueue,133,247,182,335,897,1.11,100
507,MSQueue,162,273,226,354,1015,0.99,100
508,MSQueue,171,248,216,360,995,1.01,100
509,MSQueue,155,224,171,329,879,1.14,100
510,MSQueue,163,243,187,330,923,1.08,100
511,MSQueue,171,238,187,341,937,1.07,100
512,MSQueue,137,255,219,360,971,1.03,100
513,MSQueue,129,234,165,307,835,1.20,100
514,MSQueue,175,232,206,347,960,1.04,100
515,MSQueue,204,244,221,344,1013,0.99,100
516,MSQueue,132,246,183,332,893,1.12,100
517,MSQueue,159,213,180,318,870,1.15,100
518,MSQueue,164,221,164,392,941,1.06,100
519,MSQueue,136,223,195,352,906,1.10,100
520,MSQueue,151,228,160,341,880,1.14,100
521,MSQueue,175,215,180,369,939,1.06,100
522,MSQueue,167,270,199,347,983,1.02,100
523,MSQueue,147,223,191,387,948,1.05,100
524,MSQueue,135,238,159,315,847,1.18,100
525,MSQueue,171,217,156,396,940,1.06,100
526,MSQueue,160,231,175,342,908,1.10,100
527,MSQueue,143,269,201,330,943,1.06,100
528,MSQueue,123,236,190,343,892,1.12,100
529,MSQueue,232,225,208,344,1009,0.99,100
530,MSQueue,154,249,186,426,1015,0.99,100
531,MSQueue,160,212,142,371,885,1.13,100
532,MSQueue,110,207,182,345,844,1.18,100
533,MSQueue,180,228,176,343,927,1.08,100
534,MSQueue,204,489,155,363,1211,0.83,100
535,MSQueue,134,222,179,284,819,1.22,100
536,MSQueue,165,233,144,286,828,1.21,100
537,MSQueue,200,246,148,390,984,1.02,100
538,MSQueue,167,246,174,353,940,1.06,100
539,MSQueue,159,241,225,333,958,1.04,100
540,MSQueue,138,218,191,378,925,1.08,100
541,MSQueue,189,272,183,350,994,1.01,100
542,MSQueue,191,220,189,350,950,1.05,100
543,MSQueue,148,216,214,384,962,1.04,100
544,MSQueue,156,220,181,338,895,1.12,100
545,MSQueue,164,235,155,434,988,1.01,100
546,MSQueue,185,225,183,314,907,1.10,100
547,MSQueue,139,232,183,360,914,1.09,100
548,MSQueue,127,215,172,343,857,1.17,100
549,MSQueue,117,235,229,365,946,1.06,100
550,MSQueue,163,234,169,367,933,1.07,100
551,MSQueue,168,221,196,390,975,1.03,100
552,MSQueue,132,231,217,315,895,1.12,100
553,MSQueue,108,251,178,334,871,1.15,100
554,MSQueue,137,226,236,315,914,1.09,100
555,MSQueue,124,233,171,322,850,1.18,100
556,MSQueue,131,247,177,359,914,1.09,100
557,MSQueue,149,221,163,319,852,1.17,100
558,MSQueue,211,231,158,365,965,1.04,100
559,MSQueue,137,228,189,365,919,1.09,100
560,MSQueue,148,235,187,404,974,1.03,100
561,MSQueue,167,253,164,335,919,1.09,100
562,MSQueue,224,251,176,337,988,1.01,100
563,MSQueue,172,242,196,405,1015,0.99,100
564,MSQueue,216,257,186,278,937,1.07,100
565,MSQueue,155,241,208,366,970,1.03,100
566,MSQueue,177,231,169,349,926,1.08,100
567,MSQueue,162,206,169,346,883,1.13,100
568,MSQueue,116,236,211,355,918,1.09,100
569,MSQueue,168,229,188,426,1011,0.99,100
570,MSQueue,149,245,221,366,981,1.02,100
571,MSQueue,135,243,147,354,879,1.14,100
572,MSQueue,131,244,177,366,918,1.09,100
573,MSQueue,128,238,218,351,935,1.07,100
574,MSQueue,195,226,185,353,959,1.04,100
575,MSQueue,152,262,191,360,965,1.04,100
576,MSQueue,145,232,146,343,866,1.15,100
577,MSQueue,135,254,217,345,951,1.05,100
578,MSQueue,125,263,188,365,941,1.06,100
579,MSQueue,127,268,160,368,923,1.08,100
580,MSQueue,126,231,162,357,876,1.14,100
581,MSQueue,124,241,189,368,922,1.08,100
582,MSQueue,168,208,168,323,867,1.15,100
583,MSQueue,180,244,192,386,1002,1.00,100
584,MSQueue,131,245,169,338,883,1.13,100
585,MSQueue,168,232,199,347,946,1.06,100
586,MSQueue,153,243,193,348,937,1.07,100
587,MSQueue,145,217,174,394,930,1.08,100
588,MSQueue,163,228,222,358,971,1.03,100
589,MSQueue,128,232,188,347,895,1.12,100
590,MSQueue,146,258,156,350,910,1.10,100
591,MSQueue,126,216,202,335,879,1.14,100
592,MSQueue,123,236,189,355,903,1.11,100
593,MSQueue,151,233,225,333,942,1.06,100
594,MSQueue,175,229,184,316,904,1.11,100
595,MSQueue,180,236,201,320,937,1.07,100
596,MSQueue,146,231,168,310,855,1.17,100
597,MSQueue,190,239,178,358,965,1.04,100
598,MSQueue,153,278,202,334,967,1.03,100
599,MSQueue,145,241,165,365,916,1.09,100
600,MSQueue,164,252,219,352,987,1.01,100
601,MSQueue,130,240,154,332,856,1.17,100
602,MSQueue,189,215,179,316,899,1.11,100
603,MSQueue,140,257,230,311,938,1.07,100
604,MSQueue,164,248,149,345,906,1.10,100
605,MSQueue,185,212,175,358,930,1.08,100
606,MSQueue,145,210,220,347,922,1.08,100
607,MSQueue,138,236,166,334,874,1.14,100
608,MSQueue,156,251,225,361,993,1.01,100
609,MSQueue,156,218,141,340,855,1.17,100
610,MSQueue,134,238,181,341,894,1.12,100
611,MSQueue,175,261,178,352,966,1.04,100
612,MSQueue,138,227,175,320,860,1.16,100
613,MSQueue,171,242,189,337,939,1.06,100
614,MSQueue,138,253,208,395,994,1.01,100
615,MSQueue,156,243,215,412,1026,0.97,100
616,MSQueue,187,234,212,329,962,1.04,100
617,MSQueue,180,241,192,307,920,1.09,100
618,MSQueue,141,243,218,388,990,1.01,100
619,MSQueue,179,235,186,342,942,1.06,100
620,MSQueue,149,224,174,285,832,1.20,100
621,MSQueue,128,243,197,404,972,1.03,100
622,MSQueue,132,254,225,332,943,1.06,100
623,MSQueue,217,254,216,360,1047,0.96,100
624,MSQueue,150,262,219,382,1013,0.99,100
625,MSQueue,181,248,201,356,986,1.01,100
626,MSQueue,129,260,189,358,936,1.07,100
627,MSQueue,163,252,200,346,961,1.04,100
628,MSQueue,189,251,191,351,982,1.02,100
629,MSQueue,176,237,166,313,892,1.12,100
630,MSQueue,152,242,176,370,940,1.06,100
631,MSQueue,146,225,189,359,919,1.09,100
632,MSQueue,160,256,169,361,946,1.06,100
633,MSQueue,148,228,212,380,968,1.03,100
634,MSQueue,137,239,147,341,864,1.16,100
635,MSQueue,131,261,167,325,884,1.13,100
636,MSQueue,138,258,184,353,933,1.07,100
637,MSQueue,150,259,182,354,945,1.06,100
638,MSQueue,151,226,175,380,932,1.07,100
639,MSQueue,157,249,168,386,960,1.04,100
640,MSQueue,138,247,186,293,864,1.16,100
641,MSQueue,189,249,242,346,1026,0.97,100
642,MSQueue,124,236,181,355,896,1.12,100
643,MSQueue,100,226,143,340,809,1.24,100
644,MSQueue,127,249,231,378,985,1.02,100
645,MSQueue,141,253,164,343,901,1.11,100
646,MSQueue,152,237,158,310,857,1.17,100
647,MSQueue,184,227,221,344,976,1.02,100
648,MSQueue,125,241,229,345,940,1.06,100
649,MSQueue,177,236,196,343,952,1.05,100
650,MSQueue,170,225,174,363,932,1.07,100
651,MSQueue,138,242,217,356,953,1.05,100
652,MSQueue,136,245,176,327,884,1.13,100
653,MSQueue,167,231,165,352,915,1.09,100
654,MSQueue,147,231,156,359,893,1.12,100
655,MSQueue,179,243,178,331,931,1.07,100
656,MSQueue,175,253,194,362,984,1.02,100
657,MSQueue,207,246,195,339,987,1.01,100
658,MSQueue,150,220,226,341,937,1.07,100
659,MSQueue,147,235,231,322,935,1.07,100
660,MSQueue,120,254,223,308,905,1.10,100
661,MSQueue,129,222,162,404,917,1.09,100
662,MSQueue,150,254,213,351,968,1.03,100
663,MSQueue,182,223,178,347,930,1.08,100
664,MSQueue,106,231,209,363,909,1.10,100
665,MSQueue,135,240,185,349,909,1.10,100
666,MSQueue,136,242,191,319,888,1.13,100
667,MSQueue,153,248,168,342,911,1.10,100
668,MSQueue,158,236,185,329,908,1.10,100
669,MSQueue,178,234,178,314,904,1.11,100
670,MSQueue,157,247,167,357,928,1.08,100
671,MSQueue,164,232,201,338,935,1.07,100
672,MSQueue,130,261,214,388,993,1.01,100
673,MSQueue,112,227,200,325,864,1.16,100
674,MSQueue,187,239,169,298,893,1.12,100
675,MSQueue,163,223,189,414,989,1.01,100
676,MSQueue,135,250,194,349,928,1.08,100
677,MSQueue,131,239,206,383,959,1.04,100
678,MSQueue,190,239,226,362,1017,0.98,100
679,MSQueue,169,246,176,372,963,1.04,100
680,MSQueue,144,229,199,389,961,1.04,100
681,MSQueue,137,225,169,350,881,1.14,100
682,MSQueue,137,264,193,328,922,1.08,100
683,MSQueue,134,223,199,305,861,1.16,100
684,MSQueue,167,239,195,286,887,1.13,100
685,MSQueue,147,249,163,353,912,1.10,100
686,MSQueue,160,239,182,385,966,1.04,100
687,MSQueue,146,235,202,366,949,1.05,100
688,MSQueue,152,249,165,363,929,1.08,100
689,MSQueue,170,241,180,403,994,1.01,100
690,MSQueue,138,227,173,398,936,1.07,100
691,MSQueue,137,253,181,317,888,1.13,100
692,MSQueue,154,245,171,357,927,1.08,100
693,MSQueue,157,220,180,407,964,1.04,100
694,MSQueue,136,231,148,397,912,1.10,100
695,MSQueue,122,242,220,332,916,1.09,100
696,MSQueue,174,248,151,350,923,1.08,100
697,MSQueue,138,236,207,341,922,1.08,100
698,MSQueue,166,286,201,338,991,1.01,100
699,MSQueue,127,239,210,322,898,1.11,100
700,MSQueue,135,239,152,343,869,1.15,100
701,MSQueue,164,249,213,331,957,1.04,100
702,MSQueue,129,270,195,342,936,1.07,100
703,MSQueue,143,231,159,350,883,1.13,100
704,MSQueue,178,230,176,315,899,1.11,100
705,MSQueue,167,230,176,330,903,1.11,100
706,MSQueue,150,234,167,351,902,1.11,100
707,MSQueue,129,214,185,347,875,1.14,100
708,MSQueue,155,232,177,347,911,1.10,100
709,MSQueue,202,249,153,322,926,1.08,100
710,MSQueue,148,241,192,331,912,1.10,100
711,MSQueue,107,217,183,327,834,1.20,100
712,MSQueue,142,242,181,356,921,1.09,100
713,MSQueue,166,216,236,344,962,1.04,100
714,MSQueue,178,236,207,328,949,1.05,100
715,MSQueue,124,232,211,336,903,1.11,100
716,MSQueue,161,193,181,344,879,1.14,100
717,MSQueue,179,215,162,350,906,1.10,100
718,MSQueue,129,205,190,357,881,1.14,100
719,MSQueue,173,225,164,352,914,1.09,100
720,MSQueue,144,247,207,336,934,1.07,100
721,MSQueue,163,269,177,352,961,1.04,100
722,MSQueue,151,236,186,333,906,1.10,100
723,MSQueue,197,280,176,370,1023,0.98,100
724,MSQueue,129,258,203,298,888,1.13,100
725,MSQueue,183,232,188,355,958,1.04,100
726,MSQueue,163,233,251,358,1005,1.00,100
727,MSQueue,135,249,180,316,880,1.14,100
728,MSQueue,147,229,217,321,914,1.09,100
729,MSQueue,163,258,188,351,960,1.04,100
730,MSQueue,123,240,194,341,898,1.11,100
731,MSQueue,142,214,182,323,861,1.16,100
732,MSQueue,152,253,214,349,968,1.03,100
733,MSQueue,198,247,161,351,957,1.04,100
734,MSQueue,111,233,215,358,917,1.09,100
735,MSQueue,158,241,191,353,943,1.06,100
736,MSQueue,141,236,188,314,879,1.14,100
737,MSQueue,134,238,202,337,911,1.10,100
738,MSQueue,133,240,211,317,901,1.11,100
739,MSQueue,137,238,172,346,893,1.12,100
740,MSQueue,134,239,210,344,927,1.08,100
741,MSQueue,121,216,181,351,869,1.15,100
742,MSQueue,161,282,171,361,975,1.03,100
743,MSQueue,123,236,211,336,906,1.10,100
744,MSQueue,151,212,199,333,895,1.12,100
745,MSQueue,150,220,208,379,957,1.04,100
746,MSQueue,160,221,191,347,919,1.09,100
747,MSQueue,187,243,166,337,933,1.07,100
748,MSQueue,167,233,160,364,924,1.08,100
749,MSQueue,136,241,189,360,926,1.08,100
750,MSQueue,129,220,206,336,891,1.12,100
751,MSQueue,148,234,160,401,943,1.06,100
752,MSQueue,170,234,217,361,982,1.02,100
753,MSQueue,131,207,186,358,882,1.13,100
754,MSQueue,133,258,191,334,916,1.09,100
755,MSQueue,147,245,182,327,901,1.11,100
756,MSQueue,161,211,159,370,901,1.11,100
757,MSQueue,148,238,153,342,881,1.14,100
758,MSQueue,123,239,181,346,889,1.12,100
759,MSQueue,152,243,223,316,934,1.07,100
760,MSQueue,138,213,171,327,849,1.18,100
761,MSQueue,143,251,169,340,903,1.11,100
762,MSQueue,189,237,172,349,947,1.06,100
763,MSQueue,174,214,162,291,841,1.19,100
764,MSQueue,140,235,208,388,971,1.03,100
765,MSQueue,208,225,192,283,908,1.10,100
766,MSQueue,127,254,172,332,885,1.13,100
767,MSQueue,131,222,200,314,867,1.15,100
768,MSQueue,122,226,169,342,859,1.16,100
769,MSQueue,169,218,180,368,935,1.07,100
770,MSQueue,143,270,207,394,1014,0.99,100
771,MSQueue,201,233,187,345,966,1.04,100
772,MSQueue,127,245,181,381,934,1.07,100
773,MSQueue,104,229,185,353,871,1.15,100
774,MSQueue,120,241,147,328,836,1.20,100
775,MSQueue,125,256,193,327,901,1.11,100
776,MSQueue,135,230,189,339,893,1.12,100
777,MSQueue,134,463,188,338,1123,0.89,100
778,MSQueue,181,216,191,341,929,1.08,100
779,MSQueue,189,253,215,362,1019,0.98,100
780,MSQueue,192,235,180,368,975,1.03,100
781,MSQueue,165,229,158,335,887,1.13,100
782,MSQueue,153,229,169,304,855,1.17,100
783,MSQueue,203,255,222,374,1054,0.95,100
784,MSQueue,134,250,178,300,862,1.16,100
785,MSQueue,180,222,195,301,898,1.11,100
786,MSQueue,132,206,182,364,884,1.13,100
787,MSQueue,170,231,164,348,913,1.10,100
788,MSQueue,146,257,172,309,884,1.13,100
789,MSQueue,148,244,175,343,910,1.10,100
790,MSQueue,179,242,200,347,968,1.03,100
791,MSQueue,175,257,153,348,933,1.07,100
792,MSQueue,166,232,156,428,982,1.02,100
793,MSQueue,115,234,162,332,843,1.19,100
794,MSQueue,129,197,157,303,786,1.27,100
795,MSQueue,168,253,187,326,934,1.07,100
796,MSQueue,187,254,153,420,1014,0.99,100
797,MSQueue,175,221,180,322,898,1.11,100
798,MSQueue,172,225,179,345,921,1.09,100
799,MSQueue,170,229,195,323,917,1.09,100
800,MSQueue,138,241,162,343,884,1.13,100
801,MSQueue,158,236,198,360,952,1.05,100
802,MSQueue,132,214,186,321,853,1.17,100
803,MSQueue,191,236,233,371,1031,0.97,100
804,MSQueue,154,231,164,321,870,1.15,100
805,MSQueue,194,251,168,308,921,1.09,100
806,MSQueue,170,244,181,370,965,1.04,100
807,MSQueue,146,269,163,309,887,1.13,100
808,MSQueue,127,243,226,335,931,1.07,100
809,MSQueue,143,234,159,347,883,1.13,100
810,MSQueue,141,212,222,376,951,1.05,100
811,MSQueue,140,226,213,408,987,1.01,100
812,MSQueue,133,232,206,328,899,1.11,100
813,MSQueue,163,222,192,376,953,1.05,100
814,MSQueue,130,246,180,356,912,1.10,100
815,MSQueue,159,237,223,336,955,1.05,100
816,MSQueue,163,213,158,365,899,1.11,100
817,MSQueue,163,226,194,352,935,1.07,100
818,MSQueue,140,233,164,351,888,1.13,100
819,MSQueue,170,235,168,334,907,1.10,100
820,MSQueue,133,239,163,360,895,1.12,100
821,MSQueue,158,230,200,322,910,1.10,100
822,MSQueue,154,249,181,360,944,1.06,100
823,MSQueue,157,233,187,345,922,1.08,100
824,MSQueue,177,229,191,391,988,1.01,100
825,MSQueue,156,248,219,362,985,1.02,100
826,MSQueue,131,258,176,320,885,1.13,100
827,MSQueue,134,228,195,277,834,1.20,100
828,MSQueue,227,219,204,296,946,1.06,100
829,MSQueue,151,251,212,371,985,1.02,100
830,MSQueue,149,226,199,255,829,1.21,100
831,MSQueue,180,247,161,360,948,1.05,100
832,MSQueue,133,220,159,324,836,1.20,100
833,MSQueue,124,227,207,360,918,1.09,100
834,MSQueue,182,255,208,362,1007,0.99,100
835,MSQueue,161,249,175,342,927,1.08,100
836,MSQueue,172,224,184,320,900,1.11,100
837,MSQueue,143,235,206,311,895,1.12,100
838,MSQueue,119,240,205,383,947,1.06,100
839,MSQueue,135,262,245,340,982,1.02,100
840,MSQueue,134,226,196,341,897,1.11,100
841,MSQueue,183,248,184,346,961,1.04,100
842,MSQueue,118,259,171,355,903,1.11,100
843,MSQueue,164,235,205,331,935,1.07,100
844,MSQueue,168,245,182,326,921,1.09,100
845,MSQueue,217,266,190,323,996,1.00,100
846,MSQueue,148,235,210,361,954,1.05,100
847,MSQueue,155,233,221,336,945,1.06,100
848,MSQueue,154,241,191,416,1002,1.00,100
849,MSQueue,134,210,179,369,892,1.12,100
850,MSQueue,168,244,187,336,935,1.07,100
851,MSQueue,133,240,218,290,881,1.14,100
852,MSQueue,176,246,231,368,1021,0.98,100
853,MSQueue,157,220,170,347,894,1.12,100
854,MSQueue,170,240,183,362,955,1.05,100
855,MSQueue,185,209,179,333,906,1.10,100
856,MSQueue,153,224,184,334,895,1.12,100
857,MSQueue,147,240,164,386,937,1.07,100
858,MSQueue,146,266,201,358,971,1.03,100
859,MSQueue,154,242,195,321,912,1.10,100
860,MSQueue,180,240,203,305,928,1.08,100
861,MSQueue,140,240,215,338,933,1.07,100
862,MSQueue,138,230,179,319,866,1.15,100
863,MSQueue,168,289,198,374,1029,0.97,100
864,MSQueue,171,253,182,357,963,1.04,100
865,MSQueue,147,241,228,352,968,1.03,100
866,MSQueue,164,228,194,285,871,1.15,100
867,MSQueue,147,220,183,339,889,1.12,100
868,MSQueue,127,243,208,371,949,1.05,100
869,MSQueue,137,244,154,354,889,1.12,100
870,MSQueue,211,251,230,338,1030,0.97,100
871,MSQueue,135,262,249,368,1014,0.99,100
872,MSQueue,210,250,201,345,1006,0.99,100
873,MSQueue,152,216,210,380,958,1.04,100
874,MSQueue,141,233,171,370,915,1.09,100
875,MSQueue,128,251,201,357,937,1.07,100
876,MSQueue,146,259,185,354,944,1.06,100
877,MSQueue,194,222,208,329,953,1.05,100
878,MSQueue,190,227,165,342,924,1.08,100
879,MSQueue,174,485,179,344,1182,0.85,100
880,MSQueue,131,234,185,360,910,1.10,100
881,MSQueue,126,230,211,336,903,1.11,100
882,MSQueue,173,232,210,359,974,1.03,100
883,MSQueue,133,233,196,351,913,1.10,100
884,MSQueue,142,233,218,357,950,1.05,100
885,MSQueue,123,239,207,335,904,1.11,100
886,MSQueue,121,230,182,338,871,1.15,100
887,MSQueue,197,232,181,318,928,1.08,100
888,MSQueue,137,244,171,363,915,1.09,100
889,MSQueue,140,249,211,349,949,1.05,100
890,MSQueue,181,248,186,356,971,1.03,100
891,MSQueue,156,251,147,356,910,1.10,100
892,MSQueue,129,241,164,372,906,1.10,100
893,MSQueue,170,231,179,344,924,1.08,100
894,MSQueue,111,236,204,377,928,1.08,100
895,MSQueue,165,222,191,318,896,1.12,100
896,MSQueue,189,226,166,373,954,1.05,100
897,MSQueue,156,238,228,348,970,1.03,100
898,MSQueue,164,218,168,366,916,1.09,100
899,MSQueue,182,240,193,345,960,1.04,100
900,MSQueue,215,232,163,334,944,1.06,100
901,MSQueue,161,242,188,357,948,1.05,100
902,MSQueue,179,246,194,357,976,1.02,100
903,MSQueue,127,224,197,343,891,1.12,100
904,MSQueue,183,251,164,369,967,1.03,100
905,MSQueue,188,241,183,319,931,1.07,100
906,MSQueue,173,236,199,335,943,1.06,100
907,MSQueue,160,225,150,304,839,1.19,100
908,MSQueue,155,246,175,373,949,1.05,100
909,MSQueue,172,228,197,378,975,1.03,100
910,MSQueue,120,245,156,328,849,1.18,100
911,MSQueue,138,234,195,317,884,1.13,100
912,MSQueue,184,236,214,329,963,1.04,100
913,MSQueue,189,242,196,361,988,1.01,100
914,MSQueue,115,249,179,375,918,1.09,100
915,MSQueue,135,208,162,351,856,1.17,100
916,MSQueue,180,243,160,358,941,1.06,100
917,MSQueue,163,242,202,300,907,1.10,100
918,MSQueue,158,226,231,442,1057,0.95,100
919,MSQueue,185,291,186,346,1008,0.99,100
920,MSQueue,151,257,176,387,971,1.03,100
921,MSQueue,151,225,181,335,892,1.12,100
922,MSQueue,166,218,157,352,893,1.12,100
923,MSQueue,143,262,173,341,919,1.09,100
924,MSQueue,130,233,176,388,927,1.08,100
925,MSQueue,173,229,194,368,964,1.04,100
926,MSQueue,150,246,183,358,937,1.07,100
927,MSQueue,174,219,176,328,897,1.11,100
928,MSQueue,167,250,178,305,900,1.11,100
929,MSQueue,116,222,199,343,880,1.14,100
930,MSQueue,192,276,221,350,1039,0.96,100
931,MSQueue,163,259,197,323,942,1.06,100
932,MSQueue,130,258,159,330,877,1.14,100
933,MSQueue,172,267,216,352,1007,0.99,100
934,MSQueue,142,244,166,343,895,1.12,100
935,MSQueue,113,230,197,337,877,1.14,100
936,MSQueue,196,245,201,356,998,1.00,100
937,MSQueue,138,247,182,321,888,1.13,100
938,MSQueue,134,217,227,309,887,1.13,100
939,MSQueue,140,241,182,315,878,1.14,100
940,MSQueue,171,208,193,361,933,1.07,100
941,MSQueue,169,242,205,342,958,1.04,100
942,MSQueue,162,253,188,358,961,1.04,100
943,MSQueue,158,242,173,336,909,1.10,100
944,MSQueue,130,239,197,336,902,1.11,100
945,MSQueue,170,240,206,372,988,1.01,100
946,MSQueue,179,235,214,343,971,1.03,100
947,MSQueue,138,228,204,318,888,1.13,100
948,MSQueue,176,231,155,370,932,1.07,100
949,MSQueue,149,229,190,357,925,1.08,100
950,MSQueue,151,235,187,326,899,1.11,100
951,MSQueue,123,261,173,397,954,1.05,100
952,MSQueue,163,251,191,361,966,1.04,100
953,MSQueue,133,250,164,364,911,1.10,100
954,MSQueue,211,245,185,368,1009,0.99,100
955,MSQueue,131,261,189,363,944,1.06,100
956,MSQueue,138,237,156,266,797,1.25,100
957,MSQueue,128,216,195,275,814,1.23,100
958,MSQueue,152,222,188,325,887,1.13,100
959,MSQueue,138,226,225,360,949,1.05,100
960,MSQueue,165,260,171,334,930,1.08,100
961,MSQueue,127,235,172,372,906,1.10,100
962,MSQueue,153,211,176,359,899,1.11,100
963,MSQueue,150,237,200,280,867,1.15,100
964,MSQueue,152,235,169,325,881,1.14,100
965,MSQueue,186,230,166,352,934,1.07,100
966,MSQueue,192,252,211,370,1025,0.98,100
967,MSQueue,161,241,167,346,915,1.09,100
968,MSQueue,172,233,195,354,954,1.05,100
969,MSQueue,131,243,234,321,929,1.08,100
970,MSQueue,155,252,182,389,978,1.02,100
971,MSQueue,143,218,197,364,922,1.08,100
972,MSQueue,156,236,189,298,879,1.14,100
973,MSQueue,169,224,199,319,911,1.10,100
974,MSQueue,165,251,185,341,942,1.06,100
975,MSQueue,157,211,224,323,915,1.09,100
976,MSQueue,150,211,205,293,859,1.16,100
977,MSQueue,199,247,189,354,989,1.01,100
978,MSQueue,123,222,193,356,894,1.12,100
979,MSQueue,160,252,194,368,974,1.03,100
980,MSQueue,159,239,178,345,921,1.09,100
981,MSQueue,128,216,166,370,880,1.14,100
982,MSQueue,132,240,170,339,881,1.14,100
983,MSQueue,173,215,167,304,859,1.16,100
984,MSQueue,107,238,195,364,904,1.11,100
985,MSQueue,135,217,150,387,889,1.12,100
986,MSQueue,139,240,213,322,914,1.09,100
987,MSQueue,173,232,213,341,959,1.04,100
988,MSQueue,139,237,217,339,932,1.07,100
989,MSQueue,134,244,205,397,980,1.02,100
990,MSQueue,151,255,159,366,931,1.07,100
991,MSQueue,146,212,190,353,901,1.11,100
992,MSQueue,153,232,198,331,914,1.09,100
993,MSQueue,178,211,163,388,940,1.06,100
994,MSQueue,171,233,202,337,943,1.06,100
995,MSQueue,153,237,193,360,943,1.06,100
996,MSQueue,173,209,189,307,878,1.14,100
997,MSQueue,157,238,204,309,908,1.10,100
998,MSQueue,127,220,205,380,932,1.07,100
999,MSQueue,139,259,208,303,909,1.10,100
1000,MSQueue,101,239,205,305,850,1.18,100
1001,Vyukhov MPMC,145,151,130,104,530,1.89,100
1002,Vyukhov MPMC,165,144,133,116,558,1.79,100
1003,Vyukhov MPMC,162,142,106,102,512,1.95,100
1004,Vyukhov MPMC,140,150,115,113,518,1.93,100
1005,Vyukhov MPMC,143,164,119,105,531,1.88,100
1006,Vyukhov MPMC,131,153,110,103,497,2.01,100
1007,Vyukhov MPMC,156,158,111,103,528,1.89,100
1008,Vyukhov MPMC,205,139,118,104,566,1.77,100
1009,Vyukhov MPMC,243,161,108,101,613,1.63,100
1010,Vyukhov MPMC,141,159,138,117,555,1.80,100
1011,Vyukhov MPMC,199,162,117,113,591,1.69,100
1012,Vyukhov MPMC,143,165,127,103,538,1.86,100
1013,Vyukhov MPMC,178,167,113,103,561,1.78,100
1014,Vyukhov MPMC,165,150,123,97,535,1.87,100
1015,Vyukhov MPMC,142,167,137,116,562,1.78,100
1016,Vyukhov MPMC,121,153,120,114,508,1.97,100
1017,Vyukhov MPMC,135,144,111,104,494,2.02,100
1018,Vyukhov MPMC,133,156,116,99,504,1.98,100
1019,Vyukhov MPMC,175,145,124,116,560,1.79,100
1020,Vyukhov MPMC,130,144,124,113,511,1.96,100
1021,Vyukhov MPMC,158,160,152,109,579,1.73,100
1022,Vyukhov MPMC,155,139,117,105,516,1.94,100
1023,Vyukhov MPMC,137,153,133,101,524,1.91,100
1024,Vyukhov MPMC,148,141,114,111,514,1.95,100
1025,Vyukhov MPMC,149,160,123,100,532,1.88,100
1026,Vyukhov MPMC,144,155,136,106,541,1.85,100
1027,Vyukhov MPMC,129,151,120,102,502,1.99,100
1028,Vyukhov MPMC,142,149,127,112,530,1.89,100
1029,Vyukhov MPMC,216,141,127,117,601,1.66,100
1030,Vyukhov MPMC,145,148,122,110,525,1.90,100
1031,Vyukhov MPMC,150,147,116,100,513,1.95,100
1032,Vyukhov MPMC,154,139,108,102,503,1.99,100
1033,Vyukhov MPMC,200,157,123,104,584,1.71,100
1034,Vyukhov MPMC,132,142,115,104,493,2.03,100
1035,Vyukhov MPMC,171,141,118,112,542,1.85,100
1036,Vyukhov MPMC,122,137,110,101,470,2.13,100
1037,Vyukhov MPMC,154,193,137,122,606,1.65,100
1038,Vyukhov MPMC,152,152,120,107,531,1.88,100
1039,Vyukhov MPMC,133,154,142,103,532,1.88,100
1040,Vyukhov MPMC,170,151,106,114,541,1.85,100
1041,Vyukhov MPMC,134,140,128,114,516,1.94,100
1042,Vyukhov MPMC,161,155,133,104,553,1.81,100
1043,Vyukhov MPMC,147,145,128,103,523,1.91,100
1044,Vyukhov MPMC,147,147,108,102,504,1.98,100
1045,Vyukhov MPMC,140,141,110,120,511,1.96,100
1046,Vyukhov MPMC,156,148,124,104,532,1.88,100
1047,Vyukhov MPMC,143,146,151,114,554,1.81,100
1048,Vyukhov MPMC,195,158,124,115,592,1.69,100
1049,Vyukhov MPMC,142,146,108,100,496,2.02,100
1050,Vyukhov MPMC,155,155,118,101,529,1.89,100
1051,Vyukhov MPMC,128,145,157,106,536,1.87,100
1052,Vyukhov MPMC,191,152,105,125,573,1.75,100
1053,Vyukhov MPMC,167,159,121,100,547,1.83,100
1054,Vyukhov MPMC,165,159,109,102,535,1.87,100
1055,Vyukhov MPMC,145,156,117,103,521,1.92,100
1056,Vyukhov MPMC,147,139,109,113,508,1.97,100
1057,Vyukhov MPMC,129,386,114,105,734,1.36,100
1058,Vyukhov MPMC,128,151,122,132,533,1.88,100
1059,Vyukhov MPMC,131,163,120,102,516,1.94,100
1060,Vyukhov MPMC,130,143,124,104,501,2.00,100
1061,Vyukhov MPMC,135,153,122,112,522,1.92,100
1062,Vyukhov MPMC,167,173,132,109,581,1.72,100
1063,Vyukhov MPMC,153,143,123,100,519,1.93,100
1064,Vyukhov MPMC,137,178,135,108,558,1.79,100
1065,Vyukhov MPMC,159,155,123,102,539,1.86,100
1066,Vyukhov MPMC,141,141,101,112,495,2.02,100
1067,Vyukhov MPMC,181,163,170,113,627,1.59,100
1068,Vyukhov MPMC,150,163,118,114,545,1.83,100
1069,Vyukhov MPMC,143,153,107,104,507,1.97,100
1070,Vyukhov MPMC,160,144,135,100,539,1.86,100
1071,Vyukhov MPMC,152,144,121,113,530,1.89,100
1072,Vyukhov MPMC,172,151,148,112,583,1.72,100
1073,Vyukhov MPMC,173,143,108,113,537,1.86,100
1074,Vyukhov MPMC,148,156,124,99,527,1.90,100
1075,Vyukhov MPMC,183,153,118,104,558,1.79,100
1076,Vyukhov MPMC,128,158,109,100,495,2.02,100
1077,Vyukhov MPMC,168,148,98,115,529,1.89,100
1078,Vyukhov MPMC,137,151,112,102,502,1.99,100
1079,Vyukhov MPMC,142,141,107,105,495,2.02,100
1080,Vyukhov MPMC,129,145,104,114,492,2.03,100
1081,Vyukhov MPMC,145,157,119,103,524,1.91,100
1082,Vyukhov MPMC,126,150,126,99,501,2.00,100
1083,Vyukhov MPMC,164,141,122,124,551,1.81,100
1084,Vyukhov MPMC,138,155,140,100,533,1.88,100
1085,Vyukhov MPMC,145,149,110,119,523,1.91,100
1086,Vyukhov MPMC,164,166,122,105,557,1.80,100
1087,Vyukhov MPMC,151,162,115,104,532,1.88,100
1088,Vyukhov MPMC,129,141,131,101,502,1.99,100
1089,Vyukhov MPMC,155,179,116,115,565,1.77,100
1090,Vyukhov MPMC,183,169,128,97,577,1.73,100
1091,Vyukhov MPMC,200,150,127,111,588,1.70,100
1092,Vyukhov MPMC,153,165,139,116,573,1.75,100
1093,Vyukhov MPMC,166,153,121,130,570,1.75,100
1094,Vyukhov MPMC,222,150,144,102,618,1.62,100
1095,Vyukhov MPMC,144,151,120,99,514,1.95,100
1096,Vyukhov MPMC,189,160,114,96,559,1.79,100
1097,Vyukhov MPMC,172,144,121,114,551,1.81,100
1098,Vyukhov MPMC,155,156,113,110,534,1.87,100
1099,Vyukhov MPMC,134,156,135,105,530,1.89,100
1100,Vyukhov MPMC,144,155,132,110,541,1.85,100
1101,Vyukhov MPMC,123,147,136,118,524,1.91,100
1102,Vyukhov MPMC,149,149,106,137,541,1.85,100
1103,Vyukhov MPMC,179,183,126,108,596,1.68,100
1104,Vyukhov MPMC,136,151,110,113,510,1.96,100
1105,Vyukhov MPMC,141,146,115,102,504,1.98,100
1106,Vyukhov MPMC,157,164,124,114,559,1.79,100
1107,Vyukhov MPMC,190,140,108,102,540,1.85,100
1108,Vyukhov MPMC,182,152,110,116,560,1.79,100
1109,Vyukhov MPMC,131,154,120,102,507,1.97,100
1110,Vyukhov MPMC,208,142,114,103,567,1.76,100
1111,Vyukhov MPMC,203,147,109,116,575,1.74,100
1112,Vyukhov MPMC,160,162,141,113,576,1.74,100
1113,Vyukhov MPMC,171,147,151,106,575,1.74,100
1114,Vyukhov MPMC,200,170,129,136,635,1.57,100
1115,Vyukhov MPMC,184,161,123,116,584,1.71,100
1116,Vyukhov MPMC,135,159,113,121,528,1.89,100
1117,Vyukhov MPMC,181,155,123,115,574,1.74,100
1118,Vyukhov MPMC,140,139,134,113,526,1.90,100
1119,Vyukhov MPMC,142,160,127,106,535,1.87,100
1120,Vyukhov MPMC,190,154,112,101,557,1.80,100
1121,Vyukhov MPMC,187,144,128,104,563,1.78,100
1122,Vyukhov MPMC,136,156,126,98,516,1.94,100
1123,Vyukhov MPMC,151,162,119,117,549,1.82,100
1124,Vyukhov MPMC,136,147,133,100,516,1.94,100
1125,Vyukhov MPMC,139,154,154,103,550,1.82,100
1126,Vyukhov MPMC,179,144,117,105,545,1.83,100
1127,Vyukhov MPMC,178,150,123,114,565,1.77,100
1128,Vyukhov MPMC,130,146,114,98,488,2.05,100
1129,Vyukhov MPMC,150,145,117,103,515,1.94,100
1130,Vyukhov MPMC,158,176,126,115,575,1.74,100
1131,Vyukhov MPMC,153,147,128,101,529,1.89,100
1132,Vyukhov MPMC,128,149,147,116,540,1.85,100
1133,Vyukhov MPMC,163,152,114,101,530,1.89,100
1134,Vyukhov MPMC,138,144,105,102,489,2.04,100
1135,Vyukhov MPMC,159,148,108,113,528,1.89,100
1136,Vyukhov MPMC,230,143,121,134,628,1.59,100
1137,Vyukhov MPMC,183,148,106,102,539,1.86,100
1138,Vyukhov MPMC,212,160,125,114,611,1.64,100
1139,Vyukhov MPMC,124,144,113,101,482,2.07,100
1140,Vyukhov MPMC,176,144,117,113,550,1.82,100
1141,Vyukhov MPMC,155,171,117,112,555,1.80,100
1142,Vyukhov MPMC,151,139,107,112,509,1.96,100
1143,Vyukhov MPMC,154,153,137,101,545,1.83,100
1144,Vyukhov MPMC,131,139,116,109,495,2.02,100
1145,Vyukhov MPMC,143,163,103,116,525,1.90,100
1146,Vyukhov MPMC,196,146,134,105,581,1.72,100
1147,Vyukhov MPMC,153,141,124,96,514,1.95,100
1148,Vyukhov MPMC,183,166,98,113,560,1.79,100
1149,Vyukhov MPMC,209,163,121,115,608,1.64,100
1150,Vyukhov MPMC,161,145,115,101,522,1.92,100
1151,Vyukhov MPMC,180,147,114,115,556,1.80,100
1152,Vyukhov MPMC,171,165,115,116,567,1.76,100
1153,Vyukhov MPMC,141,145,126,107,519,1.93,100
1154,Vyukhov MPMC,142,154,163,106,565,1.77,100
1155,Vyukhov MPMC,152,143,116,114,525,1.90,100
1156,Vyukhov MPMC,146,149,122,100,517,1.93,100
1157,Vyukhov MPMC,166,152,120,99,537,1.86,100
1158,Vyukhov MPMC,131,167,117,116,531,1.88,100
1159,Vyukhov MPMC,148,168,142,106,564,1.77,100
1160,Vyukhov MPMC,178,168,135,113,594,1.68,100
1161,Vyukhov MPMC,187,153,129,103,572,1.75,100
1162,Vyukhov MPMC,200,159,135,110,604,1.66,100
1163,Vyukhov MPMC,143,173,157,114,587,1.70,100
1164,Vyukhov MPMC,228,167,124,100,619,1.62,100
1165,Vyukhov MPMC,156,159,128,101,544,1.84,100
1166,Vyukhov MPMC,139,153,116,99,507,1.97,100
1167,Vyukhov MPMC,134,148,142,116,540,1.85,100
1168,Vyukhov MPMC,136,147,118,100,501,2.00,100
1169,Vyukhov MPMC,164,146,114,114,538,1.86,100
1170,Vyukhov MPMC,143,150,129,129,551,1.81,100
1171,Vyukhov MPMC,145,141,128,111,525,1.90,100
1172,Vyukhov MPMC,152,158,128,104,542,1.85,100
1173,Vyukhov MPMC,171,144,119,104,538,1.86,100
1174,Vyukhov MPMC,139,145,179,107,570,1.75,100
1175,Vyukhov MPMC,157,146,109,102,514,1.95,100
1176,Vyukhov MPMC,172,149,115,115,551,1.81,100
1177,Vyukhov MPMC,182,156,119,103,560,1.79,100
1178,Vyukhov MPMC,177,144,117,100,538,1.86,100
1179,Vyukhov MPMC,166,155,114,102,537,1.86,100
1180,Vyukhov MPMC,158,154,137,130,579,1.73,100
1181,Vyukhov MPMC,154,178,129,104,565,1.77,100
1182,Vyukhov MPMC,211,174,121,128,634,1.58,100
1183,Vyukhov MPMC,134,152,143,113,542,1.85,100
1184,Vyukhov MPMC,149,148,123,116,536,1.87,100
1185,Vyukhov MPMC,138,153,112,103,506,1.98,100
1186,Vyukhov MPMC,125,161,126,118,530,1.89,100
1187,Vyukhov MPMC,130,166,119,106,521,1.92,100
1188,Vyukhov MPMC,225,169,146,99,639,1.56,100
1189,Vyukhov MPMC,123,139,109,108,479,2.09,100
1190,Vyukhov MPMC,139,142,111,109,501,2.00,100
1191,Vyukhov MPMC,133,170,132,112,547,1.83,100
1192,Vyukhov MPMC,203,160,120,111,594,1.68,100
1193,Vyukhov MPMC,140,158,109,114,521,1.92,100
1194,Vyukhov MPMC,133,146,114,103,496,2.02,100
1195,Vyukhov MPMC,152,158,123,113,546,1.83,100
1196,Vyukhov MPMC,202,156,137,99,594,1.68,100
1197,Vyukhov MPMC,172,146,109,97,524,1.91,100
1198,Vyukhov MPMC,138,150,121,100,509,1.96,100
1199,Vyukhov MPMC,160,147,120,107,534,1.87,100
1200,Vyukhov MPMC,159,179,156,106,600,1.67,100
1201,Vyukhov MPMC,153,146,122,117,538,1.86,100
1202,Vyukhov MPMC,149,161,163,106,579,1.73,100
1203,Vyukhov MPMC,188,143,131,109,571,1.75,100
1204,Vyukhov MPMC,164,151,134,102,551,1.81,100
1205,Vyukhov MPMC,178,155,122,120,575,1.74,100
1206,Vyukhov MPMC,144,154,120,99,517,1.93,100
1207,Vyukhov MPMC,153,147,142,105,547,1.83,100
1208,Vyukhov MPMC,184,141,130,110,565,1.77,100
1209,Vyukhov MPMC,137,142,104,100,483,2.07,100
1210,Vyukhov MPMC,186,147,118,103,554,1.81,100
1211,Vyukhov MPMC,170,147,139,116,572,1.75,100
1212,Vyukhov MPMC,138,169,144,119,570,1.75,100
1213,Vyukhov MPMC,135,148,117,105,505,1.98,100
1214,Vyukhov MPMC,228,138,112,111,589,1.70,100
1215,Vyukhov MPMC,141,152,115,115,523,1.91,100
1216,Vyukhov MPMC,137,151,119,104,511,1.96,100
1217,Vyukhov MPMC,155,155,114,115,539,1.86,100
1218,Vyukhov MPMC,128,173,130,114,545,1.83,100
1219,Vyukhov MPMC,119,151,130,100,500,2.00,100
1220,Vyukhov MPMC,143,159,114,114,530,1.89,100
1221,Vyukhov MPMC,123,149,134,103,509,1.96,100
1222,Vyukhov MPMC,124,144,110,102,480,2.08,100
1223,Vyukhov MPMC,174,161,133,100,568,1.76,100
1224,Vyukhov MPMC,175,146,116,105,542,1.85,100
1225,Vyukhov MPMC,133,157,122,114,526,1.90,100
1226,Vyukhov MPMC,183,163,107,98,551,1.81,100
1227,Vyukhov MPMC,197,155,150,115,617,1.62,100
1228,Vyukhov MPMC,151,142,113,111,517,1.93,100
1229,Vyukhov MPMC,148,142,146,102,538,1.86,100
1230,Vyukhov MPMC,200,145,103,140,588,1.70,100
1231,Vyukhov MPMC,179,158,115,114,566,1.77,100
1232,Vyukhov MPMC,134,146,115,101,496,2.02,100
1233,Vyukhov MPMC,139,145,109,113,506,1.98,100
1234,Vyukhov MPMC,143,146,110,123,522,1.92,100
1235,Vyukhov MPMC,185,146,122,113,566,1.77,100
1236,Vyukhov MPMC,153,151,146,101,551,1.81,100
1237,Vyukhov MPMC,172,149,118,105,544,1.84,100
1238,Vyukhov MPMC,122,148,150,112,532,1.88,100
1239,Vyukhov MPMC,131,158,125,102,516,1.94,100
1240,Vyukhov MPMC,172,154,129,103,558,1.79,100
1241,Vyukhov MPMC,131,155,132,101,519,1.93,100
1242,Vyukhov MPMC,129,158,127,115,529,1.89,100
1243,Vyukhov MPMC,144,152,117,101,514,1.95,100
1244,Vyukhov MPMC,133,144,122,116,515,1.94,100
1245,Vyukhov MPMC,151,165,112,139,567,1.76,100
1246,Vyukhov MPMC,137,174,128,113,552,1.81,100
1247,Vyukhov MPMC,172,152,130,98,552,1.81,100
1248,Vyukhov MPMC,137,165,117,113,532,1.88,100
1249,Vyukhov MPMC,140,154,128,100,522,1.92,100
1250,Vyukhov MPMC,135,144,118,128,525,1.90,100
1251,Vyukhov MPMC,171,143,123,101,538,1.86,100
1252,Vyukhov MPMC,163,153,118,111,545,1.83,100
1253,Vyukhov MPMC,142,158,127,102,529,1.89,100
1254,Vyukhov MPMC,130,148,120,114,512,1.95,100
1255,Vyukhov MPMC,149,165,156,140,610,1.64,100
1256,Vyukhov MPMC,155,139,120,103,517,1.93,100
1257,Vyukhov MPMC,231,145,104,130,610,1.64,100
1258,Vyukhov MPMC,183,166,117,126,592,1.69,100
1259,Vyukhov MPMC,134,142,115,101,492,2.03,100
1260,Vyukhov MPMC,155,147,103,114,519,1.93,100
1261,Vyukhov MPMC,194,143,132,105,574,1.74,100
1262,Vyukhov MPMC,125,160,109,112,506,1.98,100
1263,Vyukhov MPMC,142,139,100,101,482,2.07,100
1264,Vyukhov MPMC,198,141,107,121,567,1.76,100
1265,Vyukhov MPMC,133,140,121,99,493,2.03,100
1266,Vyukhov MPMC,143,150,118,105,516,1.94,100
1267,Vyukhov MPMC,141,144,120,108,513,1.95,100
1268,Vyukhov MPMC,195,161,139,126,621,1.61,100
1269,Vyukhov MPMC,154,153,144,115,566,1.77,100
1270,Vyukhov MPMC,148,144,129,105,526,1.90,100
1271,Vyukhov MPMC,235,145,119,121,620,1.61,100
1272,Vyukhov MPMC,130,140,145,94,509,1.96,100
1273,Vyukhov MPMC,161,155,131,101,548,1.82,100
1274,Vyukhov MPMC,166,144,109,113,532,1.88,100
1275,Vyukhov MPMC,159,140,110,100,509,1.96,100
1276,Vyukhov MPMC,185,157,106,101,549,1.82,100
1277,Vyukhov MPMC,127,151,96,103,477,2.10,100
1278,Vyukhov MPMC,137,142,112,113,504,1.98,100
1279,Vyukhov MPMC,156,148,118,113,535,1.87,100
1280,Vyukhov MPMC,140,157,120,99,516,1.94,100
1281,Vyukhov MPMC,158,142,106,101,507,1.97,100
1282,Vyukhov MPMC,140,161,119,105,525,1.90,100
1283,Vyukhov MPMC,142,160,113,101,516,1.94,100
1284,Vyukhov MPMC,138,159,113,112,522,1.92,100
1285,Vyukhov MPMC,136,151,130,108,525,1.90,100
1286,Vyukhov MPMC,151,155,108,112,526,1.90,100
1287,Vyukhov MPMC,137,142,113,104,496,2.02,100
1288,Vyukhov MPMC,130,147,106,114,497,2.01,100
1289,Vyukhov MPMC,132,147,120,114,513,1.95,100
1290,Vyukhov MPMC,222,163,118,113,616,1.62,100
1291,Vyukhov MPMC,165,157,139,104,565,1.77,100
1292,Vyukhov MPMC,139,169,119,110,537,1.86,100
1293,Vyukhov MPMC,130,155,138,113,536,1.87,100
1294,Vyukhov MPMC,179,160,131,103,573,1.75,100
1295,Vyukhov MPMC,140,166,135,121,562,1.78,100
1296,Vyukhov MPMC,136,166,110,105,517,1.93,100
1297,Vyukhov MPMC,139,143,105,113,500,2.00,100
1298,Vyukhov MPMC,171,166,109,103,549,1.82,100
1299,Vyukhov MPMC,198,150,104,103,555,1.80,100
1300,Vyukhov MPMC,199,143,105,103,550,1.82,100
1301,Vyukhov MPMC,153,149,124,113,539,1.86,100
1302,Vyukhov MPMC,172,143,127,103,545,1.83,100
1303,Vyukhov MPMC,155,139,125,104,523,1.91,100
1304,Vyukhov MPMC,144,171,131,113,559,1.79,100
1305,Vyukhov MPMC,195,169,126,104,594,1.68,100
1306,Vyukhov MPMC,197,155,117,100,569,1.76,100
1307,Vyukhov MPMC,138,177,131,101,547,1.83,100
1308,Vyukhov MPMC,132,144,113,117,506,1.98,100
1309,Vyukhov MPMC,128,141,120,104,493,2.03,100
1310,Vyukhov MPMC,133,149,124,103,509,1.96,100
1311,Vyukhov MPMC,140,149,140,101,530,1.89,100
1312,Vyukhov MPMC,133,152,131,107,523,1.91,100
1313,Vyukhov MPMC,124,144,122,115,505,1.98,100
1314,Vyukhov MPMC,188,142,108,101,539,1.86,100
1315,Vyukhov MPMC,136,166,119,117,538,1.86,100
1316,Vyukhov MPMC,140,144,95,111,490,2.04,100
1317,Vyukhov MPMC,133,159,134,103,529,1.89,100
1318,Vyukhov MPMC,145,164,118,105,532,1.88,100
1319,Vyukhov MPMC,130,163,114,115,522,1.92,100
1320,Vyukhov MPMC,125,150,129,108,512,1.95,100
1321,Vyukhov MPMC,133,145,118,103,499,2.00,100
1322,Vyukhov MPMC,149,149,107,117,522,1.92,100
1323,Vyukhov MPMC,157,143,109,101,510,1.96,100
1324,Vyukhov MPMC,115,149,111,133,508,1.97,100
1325,Vyukhov MPMC,125,139,103,101,468,2.14,100
1326,Vyukhov MPMC,138,158,112,104,512,1.95,100
1327,Vyukhov MPMC,153,151,120,118,542,1.85,100
1328,Vyukhov MPMC,140,153,116,116,525,1.90,100
1329,Vyukhov MPMC,151,173,129,112,565,1.77,100
1330,Vyukhov MPMC,135,159,115,102,511,1.96,100
1331,Vyukhov MPMC,126,149,119,113,507,1.97,100
1332,Vyukhov MPMC,139,148,111,102,500,2.00,100
1333,Vyukhov MPMC,184,142,116,103,545,1.83,100
1334,Vyukhov MPMC,138,149,110,113,510,1.96,100
1335,Vyukhov MPMC,140,164,115,101,520,1.92,100
1336,Vyukhov MPMC,144,147,104,102,497,2.01,100
1337,Vyukhov MPMC,161,161,106,113,541,1.85,100
1338,Vyukhov MPMC,186,144,112,115,557,1.80,100
1339,Vyukhov MPMC,146,162,120,113,541,1.85,100
1340,Vyukhov MPMC,204,159,125,101,589,1.70,100
1341,Vyukhov MPMC,125,156,109,99,489,2.04,100
1342,Vyukhov MPMC,130,146,97,112,485,2.06,100
1343,Vyukhov MPMC,137,161,123,105,526,1.90,100
1344,Vyukhov MPMC,140,144,117,112,513,1.95,100
1345,Vyukhov MPMC,128,150,124,97,499,2.00,100
1346,Vyukhov MPMC,143,146,136,110,535,1.87,100
1347,Vyukhov MPMC,127,147,136,147,557,1.80,100
1348,Vyukhov MPMC,162,155,142,114,573,1.75,100
1349,Vyukhov MPMC,128,146,121,101,496,2.02,100
1350,Vyukhov MPMC,143,145,114,113,515,1.94,100
1351,Vyukhov MPMC,134,154,124,115,527,1.90,100
1352,Vyukhov MPMC,134,153,115,100,502,1.99,100
1353,Vyukhov MPMC,200,163,132,102,597,1.68,100
1354,Vyukhov MPMC,203,148,136,97,584,1.71,100
1355,Vyukhov MPMC,147,147,110,112,516,1.94,100
1356,Vyukhov MPMC,151,153,106,134,544,1.84,100
1357,Vyukhov MPMC,192,137,118,103,550,1.82,100
1358,Vyukhov MPMC,189,161,109,113,572,1.75,100
1359,Vyukhov MPMC,148,168,126,106,548,1.82,100
1360,Vyukhov MPMC,136,156,118,103,513,1.95,100
1361,Vyukhov MPMC,125,165,150,111,551,1.81,100
1362,Vyukhov MPMC,140,159,131,116,546,1.83,100
1363,Vyukhov MPMC,166,149,117,102,534,1.87,100
1364,Vyukhov MPMC,132,152,115,107,506,1.98,100
1365,Vyukhov MPMC,128,139,106,97,470,2.13,100
1366,Vyukhov MPMC,144,137,102,101,484,2.07,100
1367,Vyukhov MPMC,170,144,153,133,600,1.67,100
1368,Vyukhov MPMC,128,146,113,111,498,2.01,100
1369,Vyukhov MPMC,141,178,116,111,546,1.83,100
1370,Vyukhov MPMC,141,163,128,113,545,1.83,100
1371,Vyukhov MPMC,129,143,105,107,484,2.07,100
1372,Vyukhov MPMC,142,140,120,107,509,1.96,100
1373,Vyukhov MPMC,152,151,100,105,508,1.97,100
1374,Vyukhov MPMC,201,147,94,112,554,1.81,100
1375,Vyukhov MPMC,144,157,141,104,546,1.83,100
1376,Vyukhov MPMC,168,153,115,100,536,1.87,100
1377,Vyukhov MPMC,133,188,129,98,548,1.82,100
1378,Vyukhov MPMC,125,160,131,97,513,1.95,100
1379,Vyukhov MPMC,129,142,112,99,482,2.07,100
1380,Vyukhov MPMC,131,175,124,112,542,1.85,100
1381,Vyukhov MPMC,147,141,123,117,528,1.89,100
1382,Vyukhov MPMC,142,149,119,115,525,1.90,100
1383,Vyukhov MPMC,215,154,121,101,591,1.69,100
1384,Vyukhov MPMC,156,167,114,116,553,1.81,100
1385,Vyukhov MPMC,118,140,105,100,463,2.16,100
1386,Vyukhov MPMC,174,143,124,101,542,1.85,100
1387,Vyukhov MPMC,141,137,121,114,513,1.95,100
1388,Vyukhov MPMC,149,154,145,112,560,1.79,100
1389,Vyukhov MPMC,138,147,126,113,524,1.91,100
1390,Vyukhov MPMC,112,143,93,104,452,2.21,100
1391,Vyukhov MPMC,137,180,165,105,587,1.70,100
1392,Vyukhov MPMC,152,157,108,102,519,1.93,100
1393,Vyukhov MPMC,192,162,106,118,578,1.73,100
1394,Vyukhov MPMC,127,146,110,101,484,2.07,100
1395,Vyukhov MPMC,127,145,125,103,500,2.00,100
1396,Vyukhov MPMC,213,143,130,104,590,1.69,100
1397,Vyukhov MPMC,132,148,128,111,519,1.93,100
1398,Vyukhov MPMC,144,154,103,102,503,1.99,100
1399,Vyukhov MPMC,148,155,122,104,529,1.89,100
1400,Vyukhov MPMC,160,153,130,101,544,1.84,100
1401,Vyukhov MPMC,144,168,111,115,538,1.86,100
1402,Vyukhov MPMC,208,175,116,112,611,1.64,100
1403,Vyukhov MPMC,143,157,107,105,512,1.95,100
1404,Vyukhov MPMC,208,145,126,104,583,1.72,100
1405,Vyukhov MPMC,118,145,111,101,475,2.11,100
1406,Vyukhov MPMC,201,153,124,112,590,1.69,100
1407,Vyukhov MPMC,129,152,139,115,535,1.87,100
1408,Vyukhov MPMC,135,168,123,102,528,1.89,100
1409,Vyukhov MPMC,132,166,115,102,515,1.94,100
1410,Vyukhov MPMC,161,142,121,102,526,1.90,100
1411,Vyukhov MPMC,144,145,114,107,510,1.96,100
1412,Vyukhov MPMC,210,149,112,101,572,1.75,100
1413,Vyukhov MPMC,144,155,123,113,535,1.87,100
1414,Vyukhov MPMC,152,148,128,106,534,1.87,100
1415,Vyukhov MPMC,146,168,126,104,544,1.84,100
1416,Vyukhov MPMC,138,143,130,125,536,1.87,100
1417,Vyukhov MPMC,127,149,133,102,511,1.96,100
1418,Vyukhov MPMC,157,139,119,102,517,1.93,100
1419,Vyukhov MPMC,121,152,106,102,481,2.08,100
1420,Vyukhov MPMC,144,146,116,107,513,1.95,100
1421,Vyukhov MPMC,180,187,115,113,595,1.68,100
1422,Vyukhov MPMC,176,146,126,112,560,1.79,100
1423,Vyukhov MPMC,190,182,121,102,595,1.68,100
1424,Vyukhov MPMC,138,151,113,103,505,1.98,100
1425,Vyukhov MPMC,178,150,118,121,567,1.76,100
1426,Vyukhov MPMC,149,140,111,107,507,1.97,100
1427,Vyukhov MPMC,128,154,115,112,509,1.96,100
1428,Vyukhov MPMC,146,145,142,113,546,1.83,100
1429,Vyukhov MPMC,130,138,113,115,496,2.02,100
1430,Vyukhov MPMC,165,146,108,99,518,1.93,100
1431,Vyukhov MPMC,136,156,113,103,508,1.97,100
1432,Vyukhov MPMC,201,141,116,99,557,1.80,100
1433,Vyukhov MPMC,137,138,113,102,490,2.04,100
1434,Vyukhov MPMC,129,151,121,100,501,2.00,100
1435,Vyukhov MPMC,149,145,123,114,531,1.88,100
1436,Vyukhov MPMC,166,158,118,115,557,1.80,100
1437,Vyukhov MPMC,156,162,394,113,825,1.21,100
1438,Vyukhov MPMC,134,148,111,99,492,2.03,100
1439,Vyukhov MPMC,125,146,104,104,479,2.09,100
1440,Vyukhov MPMC,179,148,124,103,554,1.81,100
1441,Vyukhov MPMC,152,162,115,115,544,1.84,100
1442,Vyukhov MPMC,165,144,115,99,523,1.91,100
1443,Vyukhov MPMC,132,153,138,116,539,1.86,100
1444,Vyukhov MPMC,136,164,130,102,532,1.88,100
1445,Vyukhov MPMC,147,145,117,114,523,1.91,100
1446,Vyukhov MPMC,174,153,122,103,552,1.81,100
1447,Vyukhov MPMC,147,149,109,102,507,1.97,100
1448,Vyukhov MPMC,134,147,109,97,487,2.05,100
1449,Vyukhov MPMC,203,144,97,120,564,1.77,100
1450,Vyukhov MPMC,158,140,124,113,535,1.87,100
1451,Vyukhov MPMC,133,150,121,117,521,1.92,100
1452,Vyukhov MPMC,140,146,138,115,539,1.86,100
1453,Vyukhov MPMC,146,149,157,105,557,1.80,100
1454,Vyukhov MPMC,137,138,96,112,483,2.07,100
1455,Vyukhov MPMC,142,149,124,108,523,1.91,100
1456,Vyukhov MPMC,125,158,132,99,514,1.95,100
1457,Vyukhov MPMC,144,150,110,114,518,1.93,100
1458,Vyukhov MPMC,146,160,122,112,540,1.85,100
1459,Vyukhov MPMC,154,155,113,111,533,1.88,100
1460,Vyukhov MPMC,135,162,112,104,513,1.95,100
1461,Vyukhov MPMC,143,149,129,102,523,1.91,100
1462,Vyukhov MPMC,176,149,100,114,539,1.86,100
1463,Vyukhov MPMC,132,142,129,113,516,1.94,100
1464,Vyukhov MPMC,131,142,103,112,488,2.05,100
1465,Vyukhov MPMC,195,140,128,99,562,1.78,100
1466,Vyukhov MPMC,173,143,104,101,521,1.92,100
1467,Vyukhov MPMC,149,142,149,103,543,1.84,100
1468,Vyukhov MPMC,174,148,124,108,554,1.81,100
1469,Vyukhov MPMC,147,157,105,104,513,1.95,100
1470,Vyukhov MPMC,126,140,107,102,475,2.11,100
1471,Vyukhov MPMC,153,138,119,102,512,1.95,100
1472,Vyukhov MPMC,128,142,124,130,524,1.91,100
1473,Vyukhov MPMC,157,141,116,109,523,1.91,100
1474,Vyukhov MPMC,123,146,112,103,484,2.07,100
1475,Vyukhov MPMC,152,160,135,105,552,1.81,100
1476,Vyukhov MPMC,149,145,108,103,505,1.98,100
1477,Vyukhov MPMC,154,147,109,97,507,1.97,100
1478,Vyukhov MPMC,130,160,125,112,527,1.90,100
1479,Vyukhov MPMC,153,147,124,116,540,1.85,100
1480,Vyukhov MPMC,115,145,120,100,480,2.08,100
1481,Vyukhov MPMC,155,149,104,111,519,1.93,100
1482,Vyukhov MPMC,116,140,108,116,480,2.08,100
1483,Vyukhov MPMC,152,140,124,98,514,1.95,100
1484,Vyukhov MPMC,151,149,120,105,525,1.90,100
1485,Vyukhov MPMC,145,144,128,111,528,1.89,100
1486,Vyukhov MPMC,152,149,101,116,518,1.93,100
1487,Vyukhov MPMC,128,157,130,99,514,1.95,100
1488,Vyukhov MPMC,132,156,118,103,509,1.96,100
1489,Vyukhov MPMC,130,143,118,102,493,2.03,100
1490,Vyukhov MPMC,130,146,108,103,487,2.05,100
1491,Vyukhov MPMC,140,156,135,122,553,1.81,100
1492,Vyukhov MPMC,199,157,119,116,591,1.69,100
1493,Vyukhov MPMC,130,165,183,104,582,1.72,100
1494,Vyukhov MPMC,162,143,148,108,561,1.78,100
1495,Vyukhov MPMC,138,147,134,121,540,1.85,100
1496,Vyukhov MPMC,149,146,132,114,541,1.85,100
1497,Vyukhov MPMC,141,137,109,103,490,2.04,100
1498,Vyukhov MPMC,160,146,101,103,510,1.96,100
1499,Vyukhov MPMC,137,159,113,117,526,1.90,100
1500,Vyukhov MPMC,167,153,88,114,522,1.92,100
1501,Vyukhov MPMC,143,139,107,115,504,1.98,100
1502,Vyukhov MPMC,159,152,124,112,547,1.83,100
1503,Vyukhov MPMC,139,144,118,108,509,1.96,100
1504,Vyukhov MPMC,132,160,136,103,531,1.88,100
1505,Vyukhov MPMC,143,142,115,115,515,1.94,100
1506,Vyukhov MPMC,158,139,112,110,519,1.93,100
1507,Vyukhov MPMC,150,147,121,124,542,1.85,100
1508,Vyukhov MPMC,189,153,144,103,589,1.70,100
1509,Vyukhov MPMC,143,155,121,106,525,1.90,100
1510,Vyukhov MPMC,157,159,126,118,560,1.79,100
1511,Vyukhov MPMC,160,174,136,121,591,1.69,100
1512,Vyukhov MPMC,150,169,135,118,572,1.75,100
1513,Vyukhov MPMC,139,152,115,120,526,1.90,100
1514,Vyukhov MPMC,125,145,110,113,493,2.03,100
1515,Vyukhov MPMC,163,149,99,114,525,1.90,100
1516,Vyukhov MPMC,168,147,113,105,533,1.88,100
1517,Vyukhov MPMC,195,145,170,99,609,1.64,100
1518,Vyukhov MPMC,147,159,116,112,534,1.87,100
1519,Vyukhov MPMC,134,144,114,118,510,1.96,100
1520,Vyukhov MPMC,135,155,114,102,506,1.98,100
1521,Vyukhov MPMC,151,151,115,98,515,1.94,100
1522,Vyukhov MPMC,128,146,100,102,476,2.10,100
1523,Vyukhov MPMC,131,140,134,101,506,1.98,100
1524,Vyukhov MPMC,145,153,138,114,550,1.82,100
1525,Vyukhov MPMC,167,144,153,134,598,1.67,100
1526,Vyukhov MPMC,132,158,123,117,530,1.89,100
1527,Vyukhov MPMC,140,140,124,122,526,1.90,100
1528,Vyukhov MPMC,141,148,138,115,542,1.85,100
1529,Vyukhov MPMC,172,140,106,101,519,1.93,100
1530,Vyukhov MPMC,127,161,122,101,511,1.96,100
1531,Vyukhov MPMC,159,161,117,114,551,1.81,100
1532,Vyukhov MPMC,165,170,113,103,551,1.81,100
1533,Vyukhov MPMC,184,146,136,104,570,1.75,100
1534,Vyukhov MPMC,155,155,120,104,534,1.87,100
1535,Vyukhov MPMC,148,141,117,101,507,1.97,100
1536,Vyukhov MPMC,170,158,164,119,611,1.64,100
1537,Vyukhov MPMC,171,162,126,119,578,1.73,100
1538,Vyukhov MPMC,149,143,99,113,504,1.98,100
1539,Vyukhov MPMC,135,143,114,106,498,2.01,100
1540,Vyukhov MPMC,134,142,99,106,481,2.08,100
1541,Vyukhov MPMC,134,149,114,104,501,2.00,100
1542,Vyukhov MPMC,120,151,116,101,488,2.05,100
1543,Vyukhov MPMC,157,143,118,130,548,1.82,100
1544,Vyukhov MPMC,176,139,99,103,517,1.93,100
1545,Vyukhov MPMC,134,161,135,103,533,1.88,100
1546,Vyukhov MPMC,202,141,130,94,567,1.76,100
1547,Vyukhov MPMC,145,153,119,101,518,1.93,100
1548,Vyukhov MPMC,157,158,112,102,529,1.89,100
1549,Vyukhov MPMC,168,152,130,147,597,1.68,100
1550,Vyukhov MPMC,195,146,115,102,558,1.79,100
1551,Vyukhov MPMC,166,143,157,103,569,1.76,100
1552,Vyukhov MPMC,130,153,122,115,520,1.92,100
1553,Vyukhov MPMC,166,148,100,113,527,1.90,100
1554,Vyukhov MPMC,142,144,116,114,516,1.94,100
1555,Vyukhov MPMC,150,145,112,101,508,1.97,100
1556,Vyukhov MPMC,164,157,144,116,581,1.72,100
1557,Vyukhov MPMC,180,146,106,106,538,1.86,100
1558,Vyukhov MPMC,144,144,117,101,506,1.98,100
1559,Vyukhov MPMC,182,161,119,146,608,1.64,100
1560,Vyukhov MPMC,121,164,119,102,506,1.98,100
1561,Vyukhov MPMC,170,155,101,115,541,1.85,100
1562,Vyukhov MPMC,164,147,136,115,562,1.78,100
1563,Vyukhov MPMC,123,159,107,106,495,2.02,100
1564,Vyukhov MPMC,175,155,126,140,596,1.68,100
1565,Vyukhov MPMC,149,150,106,120,525,1.90,100
1566,Vyukhov MPMC,147,141,120,102,510,1.96,100
1567,Vyukhov MPMC,140,139,126,114,519,1.93,100
1568,Vyukhov MPMC,157,146,132,104,539,1.86,100
1569,Vyukhov MPMC,132,150,101,110,493,2.03,100
1570,Vyukhov MPMC,188,174,111,109,582,1.72,100
1571,Vyukhov MPMC,140,159,120,106,525,1.90,100
1572,Vyukhov MPMC,177,141,110,120,548,1.82,100
1573,Vyukhov MPMC,129,146,118,112,505,1.98,100
1574,Vyukhov MPMC,170,165,115,115,565,1.77,100
1575,Vyukhov MPMC,119,392,124,100,735,1.36,100
1576,Vyukhov MPMC,131,144,120,105,500,2.00,100
1577,Vyukhov MPMC,134,158,120,104,516,1.94,100
1578,Vyukhov MPMC,146,158,128,100,532,1.88,100
1579,Vyukhov MPMC,131,161,126,113,531,1.88,100
1580,Vyukhov MPMC,134,163,126,98,521,1.92,100
1581,Vyukhov MPMC,141,155,116,112,524,1.91,100
1582,Vyukhov MPMC,151,169,119,130,569,1.76,100
1583,Vyukhov MPMC,138,151,123,112,524,1.91,100
1584,Vyukhov MPMC,160,143,119,98,520,1.92,100
1585,Vyukhov MPMC,136,395,119,107,757,1.32,100
1586,Vyukhov MPMC,148,149,114,110,521,1.92,100
1587,Vyukhov MPMC,118,145,144,117,524,1.91,100
1588,Vyukhov MPMC,144,147,114,111,516,1.94,100
1589,Vyukhov MPMC,171,142,129,115,557,1.80,100
1590,Vyukhov MPMC,157,149,139,116,561,1.78,100
1591,Vyukhov MPMC,155,162,124,116,557,1.80,100
1592,Vyukhov MPMC,126,148,128,102,504,1.98,100
1593,Vyukhov MPMC,131,158,123,115,527,1.90,100
1594,Vyukhov MPMC,133,146,142,117,538,1.86,100
1595,Vyukhov MPMC,138,149,137,101,525,1.90,100
1596,Vyukhov MPMC,159,149,127,110,545,1.83,100
1597,Vyukhov MPMC,121,154,124,115,514,1.95,100
1598,Vyukhov MPMC,145,173,121,100,539,1.86,100
1599,Vyukhov MPMC,141,155,127,101,524,1.91,100
1600,Vyukhov MPMC,140,153,133,112,538,1.86,100
1601,Vyukhov MPMC,204,147,124,116,591,1.69,100
1602,Vyukhov MPMC,153,169,131,113,566,1.77,100
1603,Vyukhov MPMC,159,169,142,111,581,1.72,100
1604,Vyukhov MPMC,135,143,128,123,529,1.89,100
1605,Vyukhov MPMC,138,159,133,104,534,1.87,100
1606,Vyukhov MPMC,200,169,133,102,604,1.66,100
1607,Vyukhov MPMC,142,144,120,100,506,1.98,100
1608,Vyukhov MPMC,193,160,121,124,598,1.67,100
1609,Vyukhov MPMC,140,152,108,110,510,1.96,100
1610,Vyukhov MPMC,157,146,118,113,534,1.87,100
1611,Vyukhov MPMC,233,169,140,112,654,1.53,100
1612,Vyukhov MPMC,168,157,122,134,581,1.72,100
1613,Vyukhov MPMC,146,146,119,115,526,1.90,100
1614,Vyukhov MPMC,185,153,113,101,552,1.81,100
1615,Vyukhov MPMC,142,157,103,119,521,1.92,100
1616,Vyukhov MPMC,176,141,100,111,528,1.89,100
1617,Vyukhov MPMC,182,150,133,101,566,1.77,100
1618,Vyukhov MPMC,124,171,147,132,574,1.74,100
1619,Vyukhov MPMC,130,146,136,112,524,1.91,100
1620,Vyukhov MPMC,121,144,118,122,505,1.98,100
1621,Vyukhov MPMC,170,149,114,114,547,1.83,100
1622,Vyukhov MPMC,177,145,130,118,570,1.75,100
1623,Vyukhov MPMC,138,158,117,111,524,1.91,100
1624,Vyukhov MPMC,155,172,122,115,564,1.77,100
1625,Vyukhov MPMC,136,142,97,104,479,2.09,100
1626,Vyukhov MPMC,264,152,108,144,668,1.50,100
1627,Vyukhov MPMC,204,155,114,116,589,1.70,100
1628,Vyukhov MPMC,153,146,131,103,533,1.88,100
1629,Vyukhov MPMC,148,151,116,104,519,1.93,100
1630,Vyukhov MPMC,120,141,109,98,468,2.14,100
1631,Vyukhov MPMC,147,150,114,112,523,1.91,100
1632,Vyukhov MPMC,151,162,120,101,534,1.87,100
1633,Vyukhov MPMC,136,150,165,111,562,1.78,100
1634,Vyukhov MPMC,142,166,117,104,529,1.89,100
1635,Vyukhov MPMC,151,164,123,106,544,1.84,100
1636,Vyukhov MPMC,186,148,115,103,552,1.81,100
1637,Vyukhov MPMC,139,158,122,103,522,1.92,100
1638,Vyukhov MPMC,144,157,136,102,539,1.86,100
1639,Vyukhov MPMC,130,175,125,106,536,1.87,100
1640,Vyukhov MPMC,125,141,135,115,516,1.94,100
1641,Vyukhov MPMC,177,169,120,113,579,1.73,100
1642,Vyukhov MPMC,162,143,97,114,516,1.94,100
1643,Vyukhov MPMC,134,168,127,109,538,1.86,100
1644,Vyukhov MPMC,137,139,123,114,513,1.95,100
1645,Vyukhov MPMC,135,149,125,100,509,1.96,100
1646,Vyukhov MPMC,239,152,129,115,635,1.57,100
1647,Vyukhov MPMC,148,157,114,107,526,1.90,100
1648,Vyukhov MPMC,129,142,104,96,471,2.12,100
1649,Vyukhov MPMC,126,140,124,110,500,2.00,100
1650,Vyukhov MPMC,165,151,109,103,528,1.89,100
1651,Vyukhov MPMC,142,148,117,106,513,1.95,100
1652,Vyukhov MPMC,158,147,114,105,524,1.91,100
1653,Vyukhov MPMC,206,161,132,116,615,1.63,100
1654,Vyukhov MPMC,140,155,126,115,536,1.87,100
1655,Vyukhov MPMC,141,179,105,114,539,1.86,100
1656,Vyukhov MPMC,160,150,123,116,549,1.82,100
1657,Vyukhov MPMC,140,156,136,102,534,1.87,100
1658,Vyukhov MPMC,132,169,101,111,513,1.95,100
1659,Vyukhov MPMC,144,153,129,109,535,1.87,100
1660,Vyukhov MPMC,124,146,140,102,512,1.95,100
1661,Vyukhov MPMC,131,150,133,108,522,1.92,100
1662,Vyukhov MPMC,128,164,94,97,483,2.07,100
1663,Vyukhov MPMC,146,152,123,132,553,1.81,100
1664,Vyukhov MPMC,141,144,119,101,505,1.98,100
1665,Vyukhov MPMC,133,187,115,114,549,1.82,100
1666,Vyukhov MPMC,144,162,125,116,547,1.83,100
1667,Vyukhov MPMC,155,154,113,111,533,1.88,100
1668,Vyukhov MPMC,155,146,106,102,509,1.96,100
1669,Vyukhov MPMC,164,154,123,101,542,1.85,100
1670,Vyukhov MPMC,160,151,113,103,527,1.90,100
1671,Vyukhov MPMC,141,143,111,103,498,2.01,100
1672,Vyukhov MPMC,170,159,124,116,569,1.76,100
1673,Vyukhov MPMC,134,141,119,98,492,2.03,100
1674,Vyukhov MPMC,158,156,118,116,548,1.82,100
1675,Vyukhov MPMC,179,142,127,118,566,1.77,100
1676,Vyukhov MPMC,159,408,121,116,804,1.24,100
1677,Vyukhov MPMC,133,154,116,102,505,1.98,100
1678,Vyukhov MPMC,190,140,113,112,555,1.80,100
1679,Vyukhov MPMC,136,150,140,108,534,1.87,100
1680,Vyukhov MPMC,177,140,144,115,576,1.74,100
1681,Vyukhov MPMC,175,160,150,114,599,1.67,100
1682,Vyukhov MPMC,144,145,139,107,535,1.87,100
1683,Vyukhov MPMC,132,157,130,104,523,1.91,100
1684,Vyukhov MPMC,190,142,118,98,548,1.82,100
1685,Vyukhov MPMC,160,151,118,114,543,1.84,100
1686,Vyukhov MPMC,131,143,130,100,504,1.98,100
1687,Vyukhov MPMC,131,143,139,111,524,1.91,100
1688,Vyukhov MPMC,152,162,141,117,572,1.75,100
1689,Vyukhov MPMC,144,148,142,109,543,1.84,100
1690,Vyukhov MPMC,200,170,162,101,633,1.58,100
1691,Vyukhov MPMC,151,152,113,112,528,1.89,100
1692,Vyukhov MPMC,147,147,130,103,527,1.90,100
1693,Vyukhov MPMC,136,153,109,105,503,1.99,100
1694,Vyukhov MPMC,161,151,127,100,539,1.86,100
1695,Vyukhov MPMC,174,152,122,115,563,1.78,100
1696,Vyukhov MPMC,155,143,116,101,515,1.94,100
1697,Vyukhov MPMC,127,144,119,103,493,2.03,100
1698,Vyukhov MPMC,203,150,133,105,591,1.69,100
1699,Vyukhov MPMC,143,149,120,113,525,1.90,100
1700,Vyukhov MPMC,166,149,130,109,554,1.81,100
1701,Vyukhov MPMC,183,138,105,104,530,1.89,100
1702,Vyukhov MPMC,222,143,138,100,603,1.66,100
1703,Vyukhov MPMC,136,142,121,114,513,1.95,100
1704,Vyukhov MPMC,139,162,130,116,547,1.83,100
1705,Vyukhov MPMC,196,177,136,116,625,1.60,100
1706,Vyukhov MPMC,188,153,131,116,588,1.70,100
1707,Vyukhov MPMC,169,168,111,104,552,1.81,100
1708,Vyukhov MPMC,141,146,113,100,500,2.00,100
1709,Vyukhov MPMC,163,150,133,99,545,1.83,100
1710,Vyukhov MPMC,188,145,103,100,536,1.87,100
1711,Vyukhov MPMC,139,149,118,111,517,1.93,100
1712,Vyukhov MPMC,180,168,122,115,585,1.71,100
1713,Vyukhov MPMC,132,149,104,115,500,2.00,100
1714,Vyukhov MPMC,165,141,164,102,572,1.75,100
1715,Vyukhov MPMC,147,156,126,131,560,1.79,100
1716,Vyukhov MPMC,148,146,101,100,495,2.02,100
1717,Vyukhov MPMC,127,154,120,100,501,2.00,100
1718,Vyukhov MPMC,131,151,152,117,551,1.81,100
1719,Vyukhov MPMC,143,153,102,114,512,1.95,100
1720,Vyukhov MPMC,149,160,134,113,556,1.80,100
1721,Vyukhov MPMC,164,142,113,121,540,1.85,100
1722,Vyukhov MPMC,146,171,129,115,561,1.78,100
1723,Vyukhov MPMC,138,150,122,132,542,1.85,100
1724,Vyukhov MPMC,146,156,95,102,499,2.00,100
1725,Vyukhov MPMC,175,146,102,103,526,1.90,100
1726,Vyukhov MPMC,186,154,133,99,572,1.75,100
1727,Vyukhov MPMC,140,141,117,113,511,1.96,100
1728,Vyukhov MPMC,191,149,130,110,580,1.72,100
1729,Vyukhov MPMC,163,152,117,115,547,1.83,100
1730,Vyukhov MPMC,130,144,124,101,499,2.00,100
1731,Vyukhov MPMC,185,169,119,115,588,1.70,100
1732,Vyukhov MPMC,139,154,130,98,521,1.92,100
1733,Vyukhov MPMC,164,162,135,103,564,1.77,100
1734,Vyukhov MPMC,134,143,118,97,492,2.03,100
1735,Vyukhov MPMC,147,152,129,106,534,1.87,100
1736,Vyukhov MPMC,133,144,112,114,503,1.99,100
1737,Vyukhov MPMC,152,149,101,102,504,1.98,100
1738,Vyukhov MPMC,134,151,116,113,514,1.95,100
1739,Vyukhov MPMC,261,142,126,100,629,1.59,100
1740,Vyukhov MPMC,165,141,122,101,529,1.89,100
1741,Vyukhov MPMC,175,142,116,103,536,1.87,100
1742,Vyukhov MPMC,147,142,113,116,518,1.93,100
1743,Vyukhov MPMC,150,146,110,116,522,1.92,100
1744,Vyukhov MPMC,128,156,109,102,495,2.02,100
1745,Vyukhov MPMC,174,145,102,116,537,1.86,100
1746,Vyukhov MPMC,152,139,111,100,502,1.99,100
1747,Vyukhov MPMC,158,142,104,114,518,1.93,100
1748,Vyukhov MPMC,235,157,111,114,617,1.62,100
1749,Vyukhov MPMC,170,160,116,118,564,1.77,100
1750,Vyukhov MPMC,142,147,120,110,519,1.93,100
1751,Vyukhov MPMC,148,145,125,102,520,1.92,100
1752,Vyukhov MPMC,162,147,110,115,534,1.87,100
1753,Vyukhov MPMC,131,143,118,99,491,2.04,100
1754,Vyukhov MPMC,134,147,104,123,508,1.97,100
1755,Vyukhov MPMC,123,145,116,102,486,2.06,100
1756,Vyukhov MPMC,193,144,133,115,585,1.71,100
1757,Vyukhov MPMC,144,147,107,100,498,2.01,100
1758,Vyukhov MPMC,190,150,133,114,587,1.70,100
1759,Vyukhov MPMC,125,165,119,111,520,1.92,100
1760,Vyukhov MPMC,148,140,123,102,513,1.95,100
1761,Vyukhov MPMC,152,143,126,112,533,1.88,100
1762,Vyukhov MPMC,175,168,108,112,563,1.78,100
1763,Vyukhov MPMC,129,144,105,102,480,2.08,100
1764,Vyukhov MPMC,147,142,133,114,536,1.87,100
1765,Vyukhov MPMC,138,141,96,114,489,2.04,100
1766,Vyukhov MPMC,180,147,110,103,540,1.85,100
1767,Vyukhov MPMC,160,140,116,104,520,1.92,100
1768,Vyukhov MPMC,184,145,117,114,560,1.79,100
1769,Vyukhov MPMC,210,150,109,101,570,1.75,100
1770,Vyukhov MPMC,134,140,109,105,488,2.05,100
1771,Vyukhov MPMC,146,146,121,101,514,1.95,100
1772,Vyukhov MPMC,164,142,164,111,581,1.72,100
1773,Vyukhov MPMC,107,142,114,103,466,2.15,100
1774,Vyukhov MPMC,130,147,106,109,492,2.03,100
1775,Vyukhov MPMC,170,152,124,98,544,1.84,100
1776,Vyukhov MPMC,150,155,111,103,519,1.93,100
1777,Vyukhov MPMC,127,160,106,108,501,2.00,100
1778,Vyukhov MPMC,148,141,118,101,508,1.97,100
1779,Vyukhov MPMC,139,152,131,113,535,1.87,100
1780,Vyukhov MPMC,155,159,114,103,531,1.88,100
1781,Vyukhov MPMC,141,157,107,116,521,1.92,100
1782,Vyukhov MPMC,158,156,96,101,511,1.96,100
1783,Vyukhov MPMC,169,145,111,100,525,1.90,100
1784,Vyukhov MPMC,133,161,111,119,524,1.91,100
1785,Vyukhov MPMC,133,156,172,105,566,1.77,100
1786,Vyukhov MPMC,161,165,118,104,548,1.82,100
1787,Vyukhov MPMC,156,148,111,106,521,1.92,100
1788,Vyukhov MPMC,152,146,156,115,569,1.76,100
1789,Vyukhov MPMC,162,161,129,100,552,1.81,100
1790,Vyukhov MPMC,163,147,106,104,520,1.92,100
1791,Vyukhov MPMC,169,142,94,111,516,1.94,100
1792,Vyukhov MPMC,135,155,97,133,520,1.92,100
1793,Vyukhov MPMC,150,146,114,101,511,1.96,100
1794,Vyukhov MPMC,173,145,147,108,573,1.75,100
1795,Vyukhov MPMC,223,142,104,101,570,1.75,100
1796,Vyukhov MPMC,147,158,143,102,550,1.82,100
1797,Vyukhov MPMC,157,143,110,113,523,1.91,100
1798,Vyukhov MPMC,180,1415,120,115,1830,0.55,100
1799,Vyukhov MPMC,168,145,112,112,537,1.86,100
1800,Vyukhov MPMC,218,142,125,100,585,1.71,100
1801,Vyukhov MPMC,188,146,101,114,549,1.82,100
1802,Vyukhov MPMC,179,157,109,114,559,1.79,100
1803,Vyukhov MPMC,170,149,132,108,559,1.79,100
1804,Vyukhov MPMC,180,155,123,118,576,1.74,100
1805,Vyukhov MPMC,125,149,120,101,495,2.02,100
1806,Vyukhov MPMC,133,143,135,103,514,1.95,100
1807,Vyukhov MPMC,127,143,104,103,477,2.10,100
1808,Vyukhov MPMC,138,137,114,114,503,1.99,100
1809,Vyukhov MPMC,149,146,108,119,522,1.92,100
1810,Vyukhov MPMC,146,161,105,100,512,1.95,100
1811,Vyukhov MPMC,187,153,124,109,573,1.75,100
1812,Vyukhov MPMC,139,142,156,119,556,1.80,100
1813,Vyukhov MPMC,168,144,111,112,535,1.87,100
1814,Vyukhov MPMC,198,144,116,120,578,1.73,100
1815,Vyukhov MPMC,139,138,110,116,503,1.99,100
1816,Vyukhov MPMC,199,147,136,105,587,1.70,100
1817,Vyukhov MPMC,200,147,123,101,571,1.75,100
1818,Vyukhov MPMC,126,166,155,143,590,1.69,100
1819,Vyukhov MPMC,121,151,126,112,510,1.96,100
1820,Vyukhov MPMC,145,141,108,128,522,1.92,100
1821,Vyukhov MPMC,163,145,103,104,515,1.94,100
1822,Vyukhov MPMC,172,157,125,117,571,1.75,100
1823,Vyukhov MPMC,172,152,132,99,555,1.80,100
1824,Vyukhov MPMC,146,153,133,128,560,1.79,100
1825,Vyukhov MPMC,127,147,108,102,484,2.07,100
1826,Vyukhov MPMC,147,145,131,97,520,1.92,100
1827,Vyukhov MPMC,149,141,108,114,512,1.95,100
1828,Vyukhov MPMC,132,145,121,98,496,2.02,100
1829,Vyukhov MPMC,194,149,120,107,570,1.75,100
1830,Vyukhov MPMC,198,151,105,110,564,1.77,100
1831,Vyukhov MPMC,136,146,100,113,495,2.02,100
1832,Vyukhov MPMC,141,150,122,101,514,1.95,100
1833,Vyukhov MPMC,165,140,123,113,541,1.85,100
1834,Vyukhov MPMC,147,142,131,100,520,1.92,100
1835,Vyukhov MPMC,156,141,103,103,503,1.99,100
1836,Vyukhov MPMC,165,135,103,113,516,1.94,100
1837,Vyukhov MPMC,132,142,113,104,491,2.04,100
1838,Vyukhov MPMC,176,141,110,98,525,1.90,100
1839,Vyukhov MPMC,147,147,111,98,503,1.99,100
1840,Vyukhov MPMC,148,143,108,108,507,1.97,100
1841,Vyukhov MPMC,170,144,116,100,530,1.89,100
1842,Vyukhov MPMC,166,157,131,115,569,1.76,100
1843,Vyukhov MPMC,188,147,118,101,554,1.81,100
1844,Vyukhov MPMC,170,150,115,111,546,1.83,100
1845,Vyukhov MPMC,210,143,118,114,585,1.71,100
1846,Vyukhov MPMC,192,160,120,114,586,1.71,100
1847,Vyukhov MPMC,131,152,126,116,525,1.90,100
1848,Vyukhov MPMC,141,146,125,130,542,1.85,100
1849,Vyukhov MPMC,140,134,117,103,494,2.02,100
1850,Vyukhov MPMC,143,159,143,104,549,1.82,100
1851,Vyukhov MPMC,149,176,116,105,546,1.83,100
1852,Vyukhov MPMC,153,149,113,105,520,1.92,100
1853,Vyukhov MPMC,163,156,113,115,547,1.83,100
1854,Vyukhov MPMC,147,150,128,100,525,1.90,100
1855,Vyukhov MPMC,150,153,117,116,536,1.87,100
1856,Vyukhov MPMC,202,144,126,118,590,1.69,100
1857,Vyukhov MPMC,151,155,121,100,527,1.90,100
1858,Vyukhov MPMC,237,144,127,108,616,1.62,100
1859,Vyukhov MPMC,184,142,106,112,544,1.84,100
1860,Vyukhov MPMC,148,150,121,113,532,1.88,100
1861,Vyukhov MPMC,146,141,122,120,529,1.89,100
1862,Vyukhov MPMC,145,145,116,102,508,1.97,100
1863,Vyukhov MPMC,141,149,114,100,504,1.98,100
1864,Vyukhov MPMC,139,140,123,113,515,1.94,100
1865,Vyukhov MPMC,157,143,121,114,535,1.87,100
1866,Vyukhov MPMC,121,140,117,109,487,2.05,100
1867,Vyukhov MPMC,134,141,115,104,494,2.02,100
1868,Vyukhov MPMC,115,142,105,116,478,2.09,100
1869,Vyukhov MPMC,195,144,138,118,595,1.68,100
1870,Vyukhov MPMC,128,140,105,114,487,2.05,100
1871,Vyukhov MPMC,159,144,99,100,502,1.99,100
1872,Vyukhov MPMC,188,143,102,103,536,1.87,100
1873,Vyukhov MPMC,162,141,116,108,527,1.90,100
1874,Vyukhov MPMC,130,151,111,134,526,1.90,100
1875,Vyukhov MPMC,133,144,125,104,506,1.98,100
1876,Vyukhov MPMC,147,144,122,130,543,1.84,100
1877,Vyukhov MPMC,131,143,121,118,513,1.95,100
1878,Vyukhov MPMC,185,138,93,101,517,1.93,100
1879,Vyukhov MPMC,142,143,122,114,521,1.92,100
1880,Vyukhov MPMC,175,139,106,107,527,1.90,100
1881,Vyukhov MPMC,245,141,114,114,614,1.63,100
1882,Vyukhov MPMC,166,148,111,107,532,1.88,100
1883,Vyukhov MPMC,147,145,117,101,510,1.96,100
1884,Vyukhov MPMC,137,140,109,115,501,2.00,100
1885,Vyukhov MPMC,137,145,105,113,500,2.00,100
1886,Vyukhov MPMC,200,138,113,120,571,1.75,100
1887,Vyukhov MPMC,142,148,104,101,495,2.02,100
1888,Vyukhov MPMC,141,144,113,113,511,1.96,100
1889,Vyukhov MPMC,141,143,117,100,501,2.00,100
1890,Vyukhov MPMC,182,147,130,110,569,1.76,100
1891,Vyukhov MPMC,127,140,111,103,481,2.08,100
1892,Vyukhov MPMC,132,153,116,141,542,1.85,100
1893,Vyukhov MPMC,137,158,110,113,518,1.93,100
1894,Vyukhov MPMC,128,147,124,112,511,1.96,100
1895,Vyukhov MPMC,163,168,133,103,567,1.76,100
1896,Vyukhov MPMC,129,146,122,103,500,2.00,100
1897,Vyukhov MPMC,171,146,117,113,547,1.83,100
1898,Vyukhov MPMC,170,161,109,114,554,1.81,100
1899,Vyukhov MPMC,129,151,173,107,560,1.79,100
1900,Vyukhov MPMC,185,141,154,113,593,1.69,100
1901,Vyukhov MPMC,129,143,116,101,489,2.04,100
1902,Vyukhov MPMC,147,149,121,118,535,1.87,100
1903,Vyukhov MPMC,158,143,123,120,544,1.84,100
1904,Vyukhov MPMC,132,144,139,102,517,1.93,100
1905,Vyukhov MPMC,144,154,110,106,514,1.95,100
1906,Vyukhov MPMC,164,139,104,104,511,1.96,100
1907,Vyukhov MPMC,172,154,114,113,553,1.81,100
1908,Vyukhov MPMC,139,148,112,103,502,1.99,100
1909,Vyukhov MPMC,143,145,130,110,528,1.89,100
1910,Vyukhov MPMC,152,149,103,131,535,1.87,100
1911,Vyukhov MPMC,134,147,113,105,499,2.00,100
1912,Vyukhov MPMC,137,150,111,105,503,1.99,100
1913,Vyukhov MPMC,145,169,129,103,546,1.83,100
1914,Vyukhov MPMC,139,147,122,104,512,1.95,100
1915,Vyukhov MPMC,155,167,124,122,568,1.76,100
1916,Vyukhov MPMC,144,164,123,114,545,1.83,100
1917,Vyukhov MPMC,164,164,132,101,561,1.78,100
1918,Vyukhov MPMC,215,159,127,99,600,1.67,100
1919,Vyukhov MPMC,155,147,129,98,529,1.89,100
1920,Vyukhov MPMC,129,172,140,101,542,1.85,100
1921,Vyukhov MPMC,199,177,160,119,655,1.53,100
1922,Vyukhov MPMC,158,144,108,115,525,1.90,100
1923,Vyukhov MPMC,144,154,126,123,547,1.83,100
1924,Vyukhov MPMC,171,164,113,102,550,1.82,100
1925,Vyukhov MPMC,151,149,132,114,546,1.83,100
1926,Vyukhov MPMC,143,160,125,103,531,1.88,100
1927,Vyukhov MPMC,139,142,120,111,512,1.95,100
1928,Vyukhov MPMC,160,153,169,112,594,1.68,100
1929,Vyukhov MPMC,148,155,120,114,537,1.86,100
1930,Vyukhov MPMC,192,161,121,114,588,1.70,100
1931,Vyukhov MPMC,135,145,115,101,496,2.02,100
1932,Vyukhov MPMC,143,141,114,115,513,1.95,100
1933,Vyukhov MPMC,162,138,107,115,522,1.92,100
1934,Vyukhov MPMC,223,153,138,115,629,1.59,100
1935,Vyukhov MPMC,142,155,124,102,523,1.91,100
1936,Vyukhov MPMC,141,157,120,101,519,1.93,100
1937,Vyukhov MPMC,142,148,126,102,518,1.93,100
1938,Vyukhov MPMC,159,183,108,99,549,1.82,100
1939,Vyukhov MPMC,137,155,133,112,537,1.86,100
1940,Vyukhov MPMC,134,145,121,101,501,2.00,100
1941,Vyukhov MPMC,131,150,123,111,515,1.94,100
1942,Vyukhov MPMC,181,143,141,114,579,1.73,100
1943,Vyukhov MPMC,140,147,122,113,522,1.92,100
1944,Vyukhov MPMC,170,142,120,115,547,1.83,100
1945,Vyukhov MPMC,154,148,120,107,529,1.89,100
1946,Vyukhov MPMC,163,143,118,102,526,1.90,100
1947,Vyukhov MPMC,166,149,132,103,550,1.82,100
1948,Vyukhov MPMC,140,144,108,114,506,1.98,100
1949,Vyukhov MPMC,130,167,113,103,513,1.95,100
1950,Vyukhov MPMC,131,165,167,113,576,1.74,100
1951,Vyukhov MPMC,180,143,125,106,554,1.81,100
1952,Vyukhov MPMC,126,158,122,105,511,1.96,100
1953,Vyukhov MPMC,145,142,128,99,514,1.95,100
1954,Vyukhov MPMC,140,148,121,109,518,1.93,100
1955,Vyukhov MPMC,142,150,145,126,563,1.78,100
1956,Vyukhov MPMC,156,146,131,114,547,1.83,100
1957,Vyukhov MPMC,142,140,101,103,486,2.06,100
1958,Vyukhov MPMC,145,153,119,117,534,1.87,100
1959,Vyukhov MPMC,132,143,109,103,487,2.05,100
1960,Vyukhov MPMC,155,144,109,102,510,1.96,100
1961,Vyukhov MPMC,169,158,121,99,547,1.83,100
1962,Vyukhov MPMC,188,150,126,103,567,1.76,100
1963,Vyukhov MPMC,143,160,130,100,533,1.88,100
1964,Vyukhov MPMC,145,153,134,96,528,1.89,100
1965,Vyukhov MPMC,135,140,146,116,537,1.86,100
1966,Vyukhov MPMC,161,144,109,100,514,1.95,100
1967,Vyukhov MPMC,134,163,120,97,514,1.95,100
1968,Vyukhov MPMC,179,145,118,101,543,1.84,100
1969,Vyukhov MPMC,129,148,122,101,500,2.00,100
1970,Vyukhov MPMC,187,145,134,116,582,1.72,100
1971,Vyukhov MPMC,139,139,101,99,478,2.09,100
1972,Vyukhov MPMC,136,144,115,103,498,2.01,100
1973,Vyukhov MPMC,150,151,141,126,568,1.76,100
1974,Vyukhov MPMC,146,152,120,114,532,1.88,100
1975,Vyukhov MPMC,146,161,119,111,537,1.86,100
1976,Vyukhov MPMC,166,162,116,114,558,1.79,100
1977,Vyukhov MPMC,210,142,110,103,565,1.77,100
1978,Vyukhov MPMC,138,156,113,138,545,1.83,100
1979,Vyukhov MPMC,146,145,139,114,544,1.84,100
1980,Vyukhov MPMC,132,142,96,100,470,2.13,100
1981,Vyukhov MPMC,147,145,124,117,533,1.88,100
1982,Vyukhov MPMC,228,172,130,109,639,1.56,100
1983,Vyukhov MPMC,141,137,103,111,492,2.03,100
1984,Vyukhov MPMC,155,159,126,101,541,1.85,100
1985,Vyukhov MPMC,205,144,114,100,563,1.78,100
1986,Vyukhov MPMC,187,168,139,116,610,1.64,100
1987,Vyukhov MPMC,163,156,135,130,584,1.71,100
1988,Vyukhov MPMC,123,164,115,102,504,1.98,100
1989,Vyukhov MPMC,135,154,109,103,501,2.00,100
1990,Vyukhov MPMC,140,149,118,117,524,1.91,100
1991,Vyukhov MPMC,200,147,134,114,595,1.68,100
1992,Vyukhov MPMC,224,146,132,116,618,1.62,100
1993,Vyukhov MPMC,137,164,115,103,519,1.93,100
1994,Vyukhov MPMC,160,141,106,108,515,1.94,100
1995,Vyukhov MPMC,126,144,127,111,508,1.97,100
1996,Vyukhov MPMC,208,151,108,111,578,1.73,100
1997,Vyukhov MPMC,188,142,113,111,554,1.81,100
1998,Vyukhov MPMC,196,141,94,115,546,1.83,100
1999,Vyukhov MPMC,154,148,109,114,525,1.90,100
2000,Vyukhov MPMC,179,155,114,117,565,1.77,100
2001,Folly SPSC,125,102,95,65,387,2.58,100
2002,Folly SPSC,94,93,94,70,351,2.85,100
2003,Folly SPSC,95,96,76,65,332,3.01,100
2004,Folly SPSC,108,93,72,54,327,3.06,100
2005,Folly SPSC,105,101,69,59,334,2.99,100
2006,Folly SPSC,101,95,79,56,331,3.02,100
2007,Folly SPSC,95,96,84,76,351,2.85,100
2008,Folly SPSC,97,99,62,53,311,3.22,100
2009,Folly SPSC,100,99,63,80,342,2.92,100
2010,Folly SPSC,86,95,71,53,305,3.28,100
2011,Folly SPSC,152,96,66,55,369,2.71,100
2012,Folly SPSC,86,90,87,55,318,3.14,100
2013,Folly SPSC,101,97,54,58,310,3.23,100
2014,Folly SPSC,95,103,115,57,370,2.70,100
2015,Folly SPSC,102,98,131,54,385,2.60,100
2016,Folly SPSC,89,93,75,49,306,3.27,100
2017,Folly SPSC,127,99,109,77,412,2.43,100
2018,Folly SPSC,114,99,72,55,340,2.94,100
2019,Folly SPSC,88,94,86,50,318,3.14,100
2020,Folly SPSC,91,103,91,52,337,2.97,100
2021,Folly SPSC,83,95,93,54,325,3.08,100
2022,Folly SPSC,116,100,70,55,341,2.93,100
2023,Folly SPSC,169,92,79,56,396,2.53,100
2024,Folly SPSC,92,97,101,54,344,2.91,100
2025,Folly SPSC,95,98,74,57,324,3.09,100
2026,Folly SPSC,94,99,80,70,343,2.92,100
2027,Folly SPSC,127,99,71,55,352,2.84,100
2028,Folly SPSC,103,100,63,55,321,3.12,100
2029,Folly SPSC,114,100,76,54,344,2.91,100
2030,Folly SPSC,131,104,90,55,380,2.63,100
2031,Folly SPSC,87,98,152,55,392,2.55,100
2032,Folly SPSC,107,96,50,68,321,3.12,100
2033,Folly SPSC,100,97,80,54,331,3.02,100
2034,Folly SPSC,109,98,89,55,351,2.85,100
2035,Folly SPSC,153,94,63,89,399,2.51,100
2036,Folly SPSC,97,95,83,58,333,3.00,100
2037,Folly SPSC,94,93,71,54,312,3.21,100
2038,Folly SPSC,138,98,81,57,374,2.67,100
2039,Folly SPSC,108,96,81,54,339,2.95,100
2040,Folly SPSC,102,97,57,57,313,3.19,100
2041,Folly SPSC,103,101,62,77,343,2.92,100
2042,Folly SPSC,103,96,70,57,326,3.07,100
2043,Folly SPSC,92,97,88,54,331,3.02,100
2044,Folly SPSC,101,97,58,53,309,3.24,100
2045,Folly SPSC,87,102,78,50,317,3.15,100
2046,Folly SPSC,109,97,87,53,346,2.89,100
2047,Folly SPSC,195,96,109,82,482,2.07,100
2048,Folly SPSC,81,93,51,58,283,3.53,100
2049,Folly SPSC,95,106,69,56,326,3.07,100
2050,Folly SPSC,93,100,86,50,329,3.04,100
2051,Folly SPSC,100,106,70,53,329,3.04,100
2052,Folly SPSC,104,94,65,55,318,3.14,100
2053,Folly SPSC,92,97,84,49,322,3.11,100
2054,Folly SPSC,136,96,69,57,358,2.79,100
2055,Folly SPSC,121,92,78,54,345,2.90,100
2056,Folly SPSC,108,99,98,83,388,2.58,100
2057,Folly SPSC,141,96,66,52,355,2.82,100
2058,Folly SPSC,137,98,71,57,363,2.75,100
2059,Folly SPSC,99,93,108,56,356,2.81,100
2060,Folly SPSC,132,95,66,49,342,2.92,100
2061,Folly SPSC,111,98,68,58,335,2.99,100
2062,Folly SPSC,118,103,57,51,329,3.04,100
2063,Folly SPSC,147,100,71,50,368,2.72,100
2064,Folly SPSC,87,99,55,54,295,3.39,100
2065,Folly SPSC,117,95,84,54,350,2.86,100
2066,Folly SPSC,85,97,93,59,334,2.99,100
2067,Folly SPSC,56,103,71,54,284,3.52,100
2068,Folly SPSC,104,97,69,78,348,2.87,100
2069,Folly SPSC,109,102,63,54,328,3.05,100
2070,Folly SPSC,85,99,81,55,320,3.12,100
2071,Folly SPSC,132,102,55,50,339,2.95,100
2072,Folly SPSC,95,97,76,55,323,3.10,100
2073,Folly SPSC,123,96,64,58,341,2.93,100
2074,Folly SPSC,91,97,69,59,316,3.16,100
2075,Folly SPSC,118,100,63,56,337,2.97,100
2076,Folly SPSC,90,96,96,54,336,2.98,100
2077,Folly SPSC,108,97,105,53,363,2.75,100
2078,Folly SPSC,113,100,65,57,335,2.99,100
2079,Folly SPSC,102,96,91,82,371,2.70,100
2080,Folly SPSC,146,95,59,53,353,2.83,100
2081,Folly SPSC,144,98,83,55,380,2.63,100
2082,Folly SPSC,128,93,68,54,343,2.92,100
2083,Folly SPSC,89,103,100,57,349,2.87,100
2084,Folly SPSC,99,98,85,58,340,2.94,100
2085,Folly SPSC,152,94,98,48,392,2.55,100
2086,Folly SPSC,99,113,88,56,356,2.81,100
2087,Folly SPSC,132,98,63,54,347,2.88,100
2088,Folly SPSC,128,98,80,50,356,2.81,100
2089,Folly SPSC,118,95,104,52,369,2.71,100
2090,Folly SPSC,88,94,88,53,323,3.10,100
2091,Folly SPSC,91,100,61,76,328,3.05,100
2092,Folly SPSC,91,112,87,57,347,2.88,100
2093,Folly SPSC,81,108,90,55,334,2.99,100
2094,Folly SPSC,140,97,79,53,369,2.71,100
2095,Folly SPSC,88,98,89,54,329,3.04,100
2096,Folly SPSC,116,95,54,49,314,3.18,100
2097,Folly SPSC,141,95,80,53,369,2.71,100
2098,Folly SPSC,156,98,72,54,380,2.63,100
2099,Folly SPSC,105,105,60,50,320,3.12,100
2100,Folly SPSC,147,96,60,49,352,2.84,100
2101,Folly SPSC,128,99,96,53,376,2.66,100
2102,Folly SPSC,106,106,75,57,344,2.91,100
2103,Folly SPSC,92,109,104,54,359,2.79,100
2104,Folly SPSC,144,96,56,54,350,2.86,100
2105,Folly SPSC,86,96,63,58,303,3.30,100
2106,Folly SPSC,91,96,80,74,341,2.93,100
2107,Folly SPSC,93,103,127,54,377,2.65,100
2108,Folly SPSC,94,95,77,81,347,2.88,100
2109,Folly SPSC,120,99,79,57,355,2.82,100
2110,Folly SPSC,148,101,74,53,376,2.66,100
2111,Folly SPSC,96,95,87,55,333,3.00,100
2112,Folly SPSC,95,96,70,88,349,2.87,100
2113,Folly SPSC,139,98,82,54,373,2.68,100
2114,Folly SPSC,128,109,76,53,366,2.73,100
2115,Folly SPSC,85,99,61,58,303,3.30,100
2116,Folly SPSC,145,99,86,85,415,2.41,100
2117,Folly SPSC,128,107,68,55,358,2.79,100
2118,Folly SPSC,108,116,68,54,346,2.89,100
2119,Folly SPSC,90,96,102,54,342,2.92,100
2120,Folly SPSC,169,96,84,57,406,2.46,100
2121,Folly SPSC,108,96,77,53,334,2.99,100
2122,Folly SPSC,74,95,65,82,316,3.16,100
2123,Folly SPSC,112,98,88,54,352,2.84,100
2124,Folly SPSC,94,104,73,57,328,3.05,100
2125,Folly SPSC,111,92,73,46,322,3.11,100
2126,Folly SPSC,98,96,72,54,320,3.12,100
2127,Folly SPSC,100,98,77,55,330,3.03,100
2128,Folly SPSC,97,96,71,54,318,3.14,100
2129,Folly SPSC,106,93,91,57,347,2.88,100
2130,Folly SPSC,167,96,70,54,387,2.58,100
2131,Folly SPSC,116,98,74,55,343,2.92,100
2132,Folly SPSC,80,98,57,77,312,3.21,100
2133,Folly SPSC,108,99,76,54,337,2.97,100
2134,Folly SPSC,92,100,69,50,311,3.22,100
2135,Folly SPSC,78,96,63,55,292,3.42,100
2136,Folly SPSC,88,99,77,56,320,3.12,100
2137,Folly SPSC,104,358,62,58,582,1.72,100
2138,Folly SPSC,86,97,94,58,335,2.99,100
2139,Folly SPSC,92,94,126,55,367,2.72,100
2140,Folly SPSC,94,100,82,54,330,3.03,100
2141,Folly SPSC,123,97,83,54,357,2.80,100
2142,Folly SPSC,141,99,73,51,364,2.75,100
2143,Folly SPSC,123,105,69,56,353,2.83,100
2144,Folly SPSC,113,94,77,62,346,2.89,100
2145,Folly SPSC,100,102,63,54,319,3.13,100
2146,Folly SPSC,103,138,66,58,365,2.74,100
2147,Folly SPSC,87,94,138,50,369,2.71,100
2148,Folly SPSC,100,96,73,52,321,3.12,100
2149,Folly SPSC,121,96,77,54,348,2.87,100
2150,Folly SPSC,145,100,82,56,383,2.61,100
2151,Folly SPSC,91,97,65,58,311,3.22,100
2152,Folly SPSC,93,103,73,54,323,3.10,100
2153,Folly SPSC,144,95,82,53,374,2.67,100
2154,Folly SPSC,192,99,53,49,393,2.54,100
2155,Folly SPSC,100,101,78,83,362,2.76,100
2156,Folly SPSC,126,96,69,56,347,2.88,100
2157,Folly SPSC,135,95,63,56,349,2.87,100
2158,Folly SPSC,83,100,83,54,320,3.12,100
2159,Folly SPSC,128,92,82,76,378,2.65,100
2160,Folly SPSC,132,98,75,53,358,2.79,100
2161,Folly SPSC,107,97,64,106,374,2.67,100
2162,Folly SPSC,117,98,68,57,340,2.94,100
2163,Folly SPSC,94,92,102,56,344,2.91,100
2164,Folly SPSC,159,95,108,53,415,2.41,100
2165,Folly SPSC,117,92,66,54,329,3.04,100
2166,Folly SPSC,92,102,77,53,324,3.09,100
2167,Folly SPSC,151,97,78,49,375,2.67,100
2168,Folly SPSC,106,96,56,53,311,3.22,100
2169,Folly SPSC,101,99,61,53,314,3.18,100
2170,Folly SPSC,86,98,57,55,296,3.38,100
2171,Folly SPSC,93,95,133,57,378,2.65,100
2172,Folly SPSC,137,92,73,58,360,2.78,100
2173,Folly SPSC,86,99,70,45,300,3.33,100
2174,Folly SPSC,85,97,75,53,310,3.23,100
2175,Folly SPSC,96,113,70,57,336,2.98,100
2176,Folly SPSC,90,97,80,53,320,3.12,100
2177,Folly SPSC,82,98,83,54,317,3.15,100
2178,Folly SPSC,88,93,93,57,331,3.02,100
2179,Folly SPSC,98,104,80,56,338,2.96,100
2180,Folly SPSC,76,98,69,53,296,3.38,100
2181,Folly SPSC,91,100,84,57,332,3.01,100
2182,Folly SPSC,85,97,65,53,300,3.33,100
2183,Folly SPSC,96,98,59,73,326,3.07,100
2184,Folly SPSC,86,95,83,57,321,3.12,100
2185,Folly SPSC,90,94,68,72,324,3.09,100
2186,Folly SPSC,81,101,81,54,317,3.15,100
2187,Folly SPSC,84,98,97,54,333,3.00,100
2188,Folly SPSC,136,112,74,49,371,2.70,100
2189,Folly SPSC,89,95,58,70,312,3.21,100
2190,Folly SPSC,96,96,94,58,344,2.91,100
2191,Folly SPSC,91,91,82,53,317,3.15,100
2192,Folly SPSC,96,97,120,59,372,2.69,100
2193,Folly SPSC,86,98,122,57,363,2.75,100
2194,Folly SPSC,99,102,68,57,326,3.07,100
2195,Folly SPSC,175,97,64,53,389,2.57,100
2196,Folly SPSC,92,99,72,57,320,3.12,100
2197,Folly SPSC,88,97,72,53,310,3.23,100
2198,Folly SPSC,102,95,83,81,361,2.77,100
2199,Folly SPSC,104,102,122,55,383,2.61,100
2200,Folly SPSC,85,97,73,54,309,3.24,100
2201,Folly SPSC,94,99,72,54,319,3.13,100
2202,Folly SPSC,106,101,71,80,358,2.79,100
2203,Folly SPSC,93,97,82,49,321,3.12,100
2204,Folly SPSC,95,102,85,54,336,2.98,100
2205,Folly SPSC,151,95,91,54,391,2.56,100
2206,Folly SPSC,101,101,97,55,354,2.82,100
2207,Folly SPSC,90,95,99,55,339,2.95,100
2208,Folly SPSC,129,96,83,74,382,2.62,100
2209,Folly SPSC,113,96,126,57,392,2.55,100
2210,Folly SPSC,137,103,85,91,416,2.40,100
2211,Folly SPSC,117,107,88,54,366,2.73,100
2212,Folly SPSC,126,98,65,54,343,2.92,100
2213,Folly SPSC,114,112,75,50,351,2.85,100
2214,Folly SPSC,121,106,67,57,351,2.85,100
2215,Folly SPSC,104,104,66,58,332,3.01,100
2216,Folly SPSC,86,94,92,53,325,3.08,100
2217,Folly SPSC,119,96,72,49,336,2.98,100
2218,Folly SPSC,89,97,77,57,320,3.12,100
2219,Folly SPSC,127,97,110,55,389,2.57,100
2220,Folly SPSC,121,96,94,57,368,2.72,100
2221,Folly SPSC,104,97,97,54,352,2.84,100
2222,Folly SPSC,107,93,67,57,324,3.09,100
2223,Folly SPSC,94,97,70,76,337,2.97,100
2224,Folly SPSC,109,96,78,54,337,2.97,100
2225,Folly SPSC,128,97,75,53,353,2.83,100
2226,Folly SPSC,100,98,78,58,334,2.99,100
2227,Folly SPSC,81,93,74,57,305,3.28,100
2228,Folly SPSC,102,100,58,54,314,3.18,100
2229,Folly SPSC,104,97,80,49,330,3.03,100
2230,Folly SPSC,96,96,92,80,364,2.75,100
2231,Folly SPSC,108,98,60,53,319,3.13,100
2232,Folly SPSC,70,96,99,54,319,3.13,100
2233,Folly SPSC,99,94,81,65,339,2.95,100
2234,Folly SPSC,83,100,84,55,322,3.11,100
2235,Folly SPSC,82,95,83,50,310,3.23,100
2236,Folly SPSC,85,96,82,58,321,3.12,100
2237,Folly SPSC,111,102,97,53,363,2.75,100
2238,Folly SPSC,146,109,112,85,452,2.21,100
2239,Folly SPSC,92,96,108,57,353,2.83,100
2240,Folly SPSC,74,93,67,45,279,3.58,100
2241,Folly SPSC,95,95,128,54,372,2.69,100
2242,Folly SPSC,92,106,59,59,316,3.16,100
2243,Folly SPSC,94,100,58,54,306,3.27,100
2244,Folly SPSC,98,101,122,53,374,2.67,100
2245,Folly SPSC,92,98,71,56,317,3.15,100
2246,Folly SPSC,86,97,82,56,321,3.12,100
2247,Folly SPSC,84,98,73,59,314,3.18,100
2248,Folly SPSC,90,95,54,59,298,3.36,100
2249,Folly SPSC,89,96,94,54,333,3.00,100
2250,Folly SPSC,96,97,60,55,308,3.25,100
2251,Folly SPSC,85,99,86,50,320,3.12,100
2252,Folly SPSC,87,98,84,54,323,3.10,100
2253,Folly SPSC,92,104,111,76,383,2.61,100
2254,Folly SPSC,86,109,62,57,314,3.18,100
2255,Folly SPSC,83,93,76,54,306,3.27,100
2256,Folly SPSC,73,98,82,58,311,3.22,100
2257,Folly SPSC,88,101,84,53,326,3.07,100
2258,Folly SPSC,104,97,71,54,326,3.07,100
2259,Folly SPSC,87,94,55,57,293,3.41,100
2260,Folly SPSC,80,96,96,53,325,3.08,100
2261,Folly SPSC,79,93,76,53,301,3.32,100
2262,Folly SPSC,83,103,72,49,307,3.26,100
2263,Folly SPSC,84,97,98,55,334,2.99,100
2264,Folly SPSC,89,95,77,55,316,3.16,100
2265,Folly SPSC,87,97,74,54,312,3.21,100
2266,Folly SPSC,91,99,83,49,322,3.11,100
2267,Folly SPSC,82,98,80,55,315,3.17,100
2268,Folly SPSC,74,99,79,55,307,3.26,100
2269,Folly SPSC,61,97,90,54,302,3.31,100
2270,Folly SPSC,83,97,111,53,344,2.91,100
2271,Folly SPSC,83,97,76,52,308,3.25,100
2272,Folly SPSC,143,93,91,49,376,2.66,100
2273,Folly SPSC,98,99,84,54,335,2.99,100
2274,Folly SPSC,108,93,81,54,336,2.98,100
2275,Folly SPSC,106,111,67,55,339,2.95,100
2276,Folly SPSC,83,95,74,58,310,3.23,100
2277,Folly SPSC,101,96,85,54,336,2.98,100
2278,Folly SPSC,105,98,64,75,342,2.92,100
2279,Folly SPSC,72,91,69,57,289,3.46,100
2280,Folly SPSC,80,95,101,57,333,3.00,100
2281,Folly SPSC,82,98,88,71,339,2.95,100
2282,Folly SPSC,85,103,92,54,334,2.99,100
2283,Folly SPSC,84,92,65,56,297,3.37,100
2284,Folly SPSC,90,94,77,53,314,3.18,100
2285,Folly SPSC,115,101,78,54,348,2.87,100
2286,Folly SPSC,123,99,91,82,395,2.53,100
2287,Folly SPSC,88,97,88,54,327,3.06,100
2288,Folly SPSC,86,103,70,54,313,3.19,100
2289,Folly SPSC,88,98,95,57,338,2.96,100
2290,Folly SPSC,82,95,72,58,307,3.26,100
2291,Folly SPSC,85,99,77,57,318,3.14,100
2292,Folly SPSC,91,97,61,53,302,3.31,100
2293,Folly SPSC,88,94,76,53,311,3.22,100
2294,Folly SPSC,76,97,112,48,333,3.00,100
2295,Folly SPSC,80,95,70,50,295,3.39,100
2296,Folly SPSC,102,108,68,73,351,2.85,100
2297,Folly SPSC,108,95,91,54,348,2.87,100
2298,Folly SPSC,116,97,70,58,341,2.93,100
2299,Folly SPSC,97,101,104,55,357,2.80,100
2300,Folly SPSC,89,112,114,54,369,2.71,100
2301,Folly SPSC,81,90,112,56,339,2.95,100
2302,Folly SPSC,94,98,78,51,321,3.12,100
2303,Folly SPSC,90,102,125,72,389,2.57,100
2304,Folly SPSC,87,96,77,57,317,3.15,100
2305,Folly SPSC,87,92,65,51,295,3.39,100
2306,Folly SPSC,74,95,93,54,316,3.16,100
2307,Folly SPSC,87,94,82,59,322,3.11,100
2308,Folly SPSC,84,94,84,53,315,3.17,100
2309,Folly SPSC,57,101,88,49,295,3.39,100
2310,Folly SPSC,112,93,89,81,375,2.67,100
2311,Folly SPSC,85,107,91,54,337,2.97,100
2312,Folly SPSC,84,108,102,54,348,2.87,100
2313,Folly SPSC,84,108,114,50,356,2.81,100
2314,Folly SPSC,108,96,106,53,363,2.75,100
2315,Folly SPSC,85,93,86,54,318,3.14,100
2316,Folly SPSC,88,97,93,56,334,2.99,100
2317,Folly SPSC,85,94,72,55,306,3.27,100
2318,Folly SPSC,98,98,88,58,342,2.92,100
2319,Folly SPSC,84,96,92,54,326,3.07,100
2320,Folly SPSC,86,98,91,54,329,3.04,100
2321,Folly SPSC,96,99,106,76,377,2.65,100
2322,Folly SPSC,69,109,94,55,327,3.06,100
2323,Folly SPSC,69,95,109,54,327,3.06,100
2324,Folly SPSC,84,92,78,57,311,3.22,100
2325,Folly SPSC,88,98,71,56,313,3.19,100
2326,Folly SPSC,85,95,73,51,304,3.29,100
2327,Folly SPSC,85,99,84,53,321,3.12,100
2328,Folly SPSC,92,100,86,54,332,3.01,100
2329,Folly SPSC,100,98,99,53,350,2.86,100
2330,Folly SPSC,70,93,90,54,307,3.26,100
2331,Folly SPSC,97,91,72,74,334,2.99,100
2332,Folly SPSC,87,97,63,53,300,3.33,100
2333,Folly SPSC,89,100,62,52,303,3.30,100
2334,Folly SPSC,87,96,73,58,314,3.18,100
2335,Folly SPSC,90,101,88,56,335,2.99,100
2336,Folly SPSC,90,93,99,59,341,2.93,100
2337,Folly SPSC,96,92,87,57,332,3.01,100
2338,Folly SPSC,84,95,74,72,325,3.08,100
2339,Folly SPSC,83,99,84,55,321,3.12,100
2340,Folly SPSC,88,95,88,60,331,3.02,100
2341,Folly SPSC,85,110,75,51,321,3.12,100
2342,Folly SPSC,70,98,65,57,290,3.45,100
2343,Folly SPSC,86,112,66,51,315,3.17,100
2344,Folly SPSC,78,92,93,58,321,3.12,100
2345,Folly SPSC,88,96,89,53,326,3.07,100
2346,Folly SPSC,87,99,74,57,317,3.15,100
2347,Folly SPSC,78,97,79,57,311,3.22,100
2348,Folly SPSC,84,99,81,49,313,3.19,100
2349,Folly SPSC,94,98,73,53,318,3.14,100
2350,Folly SPSC,98,103,90,82,373,2.68,100
2351,Folly SPSC,80,111,87,55,333,3.00,100
2352,Folly SPSC,73,104,70,54,301,3.32,100
2353,Folly SPSC,81,98,93,56,328,3.05,100
2354,Folly SPSC,78,94,61,77,310,3.23,100
2355,Folly SPSC,88,111,114,58,371,2.70,100
2356,Folly SPSC,87,101,72,54,314,3.18,100
2357,Folly SPSC,91,102,76,52,321,3.12,100
2358,Folly SPSC,80,98,84,51,313,3.19,100
2359,Folly SPSC,72,96,72,57,297,3.37,100
2360,Folly SPSC,91,102,74,58,325,3.08,100
2361,Folly SPSC,80,96,77,58,311,3.22,100
2362,Folly SPSC,89,99,81,58,327,3.06,100
2363,Folly SPSC,87,97,91,57,332,3.01,100
2364,Folly SPSC,85,101,65,53,304,3.29,100
2365,Folly SPSC,85,109,98,54,346,2.89,100
2366,Folly SPSC,87,97,85,56,325,3.08,100
2367,Folly SPSC,90,101,89,53,333,3.00,100
2368,Folly SPSC,83,94,94,53,324,3.09,100
2369,Folly SPSC,86,95,88,48,317,3.15,100
2370,Folly SPSC,100,98,89,53,340,2.94,100
2371,Folly SPSC,85,99,79,54,317,3.15,100
2372,Folly SPSC,79,99,73,54,305,3.28,100
2373,Folly SPSC,84,95,78,53,310,3.23,100
2374,Folly SPSC,89,107,53,53,302,3.31,100
2375,Folly SPSC,85,94,94,55,328,3.05,100
2376,Folly SPSC,85,97,98,59,339,2.95,100
2377,Folly SPSC,84,97,72,49,302,3.31,100
2378,Folly SPSC,108,99,84,51,342,2.92,100
2379,Folly SPSC,78,92,79,58,307,3.26,100
2380,Folly SPSC,133,100,87,85,405,2.47,100
2381,Folly SPSC,82,94,62,57,295,3.39,100
2382,Folly SPSC,162,96,105,81,444,2.25,100
2383,Folly SPSC,93,98,89,57,337,2.97,100
2384,Folly SPSC,91,101,84,58,334,2.99,100
2385,Folly SPSC,84,93,104,71,352,2.84,100
2386,Folly SPSC,96,98,91,51,336,2.98,100
2387,Folly SPSC,113,110,78,53,354,2.82,100
2388,Folly SPSC,88,99,76,54,317,3.15,100
2389,Folly SPSC,88,99,79,58,324,3.09,100
2390,Folly SPSC,99,114,82,86,381,2.62,100
2391,Folly SPSC,74,98,61,53,286,3.50,100
2392,Folly SPSC,89,95,75,53,312,3.21,100
2393,Folly SPSC,84,98,91,54,327,3.06,100
2394,Folly SPSC,86,99,105,55,345,2.90,100
2395,Folly SPSC,85,90,65,53,293,3.41,100
2396,Folly SPSC,82,99,80,54,315,3.17,100
2397,Folly SPSC,89,94,82,54,319,3.13,100
2398,Folly SPSC,88,96,96,50,330,3.03,100
2399,Folly SPSC,99,98,116,57,370,2.70,100
2400,Folly SPSC,120,93,77,54,344,2.91,100
2401,Folly SPSC,85,92,74,54,305,3.28,100
2402,Folly SPSC,89,91,70,53,303,3.30,100
2403,Folly SPSC,84,101,107,53,345,2.90,100
2404,Folly SPSC,85,115,94,58,352,2.84,100
2405,Folly SPSC,88,96,91,53,328,3.05,100
2406,Folly SPSC,85,98,53,45,281,3.56,100
2407,Folly SPSC,73,103,81,55,312,3.21,100
2408,Folly SPSC,81,373,85,55,594,1.68,100
2409,Folly SPSC,79,96,83,52,310,3.23,100
2410,Folly SPSC,95,102,87,55,339,2.95,100
2411,Folly SPSC,85,101,82,54,322,3.11,100
2412,Folly SPSC,85,91,119,55,350,2.86,100
2413,Folly SPSC,101,96,78,57,332,3.01,100
2414,Folly SPSC,83,101,74,57,315,3.17,100
2415,Folly SPSC,140,91,94,53,378,2.65,100
2416,Folly SPSC,96,112,73,54,335,2.99,100
2417,Folly SPSC,88,91,72,53,304,3.29,100
2418,Folly SPSC,82,94,105,55,336,2.98,100
2419,Folly SPSC,89,92,123,53,357,2.80,100
2420,Folly SPSC,82,102,94,59,337,2.97,100
2421,Folly SPSC,84,93,86,49,312,3.21,100
2422,Folly SPSC,94,102,89,71,356,2.81,100
2423,Folly SPSC,80,94,85,58,317,3.15,100
2424,Folly SPSC,96,104,75,68,343,2.92,100
2425,Folly SPSC,96,94,70,57,317,3.15,100
2426,Folly SPSC,86,99,91,54,330,3.03,100
2427,Folly SPSC,110,96,89,53,348,2.87,100
2428,Folly SPSC,83,107,87,53,330,3.03,100
2429,Folly SPSC,101,100,72,89,362,2.76,100
2430,Folly SPSC,93,95,82,49,319,3.13,100
2431,Folly SPSC,107,111,73,85,376,2.66,100
2432,Folly SPSC,91,99,75,49,314,3.18,100
2433,Folly SPSC,104,108,99,56,367,2.72,100
2434,Folly SPSC,80,95,85,58,318,3.14,100
2435,Folly SPSC,90,101,75,50,316,3.16,100
2436,Folly SPSC,103,99,77,51,330,3.03,100
2437,Folly SPSC,82,100,68,55,305,3.28,100
2438,Folly SPSC,86,94,77,57,314,3.18,100
2439,Folly SPSC,74,96,104,57,331,3.02,100
2440,Folly SPSC,84,97,75,53,309,3.24,100
2441,Folly SPSC,88,94,75,53,310,3.23,100
2442,Folly SPSC,90,97,83,58,328,3.05,100
2443,Folly SPSC,98,98,89,80,365,2.74,100
2444,Folly SPSC,127,97,68,58,350,2.86,100
2445,Folly SPSC,84,102,65,54,305,3.28,100
2446,Folly SPSC,91,99,83,57,330,3.03,100
2447,Folly SPSC,88,97,88,58,331,3.02,100
2448,Folly SPSC,97,96,82,83,358,2.79,100
2449,Folly SPSC,101,96,62,52,311,3.22,100
2450,Folly SPSC,116,97,78,56,347,2.88,100
2451,Folly SPSC,85,100,80,54,319,3.13,100
2452,Folly SPSC,80,102,72,58,312,3.21,100
2453,Folly SPSC,85,95,75,51,306,3.27,100
2454,Folly SPSC,118,96,71,54,339,2.95,100
2455,Folly SPSC,85,99,67,55,306,3.27,100
2456,Folly SPSC,91,99,92,54,336,2.98,100
2457,Folly SPSC,89,93,85,58,325,3.08,100
2458,Folly SPSC,85,101,79,56,321,3.12,100
2459,Folly SPSC,100,98,81,53,332,3.01,100
2460,Folly SPSC,71,98,82,54,305,3.28,100
2461,Folly SPSC,108,94,67,56,325,3.08,100
2462,Folly SPSC,86,99,84,57,326,3.07,100
2463,Folly SPSC,97,95,82,56,330,3.03,100
2464,Folly SPSC,96,93,58,57,304,3.29,100
2465,Folly SPSC,107,102,95,59,363,2.75,100
2466,Folly SPSC,86,96,67,53,302,3.31,100
2467,Folly SPSC,90,98,97,59,344,2.91,100
2468,Folly SPSC,86,96,65,51,298,3.36,100
2469,Folly SPSC,80,98,65,51,294,3.40,100
2470,Folly SPSC,89,95,102,55,341,2.93,100
2471,Folly SPSC,85,98,76,58,317,3.15,100
2472,Folly SPSC,85,97,79,53,314,3.18,100
2473,Folly SPSC,80,99,92,58,329,3.04,100
2474,Folly SPSC,73,93,72,51,289,3.46,100
2475,Folly SPSC,84,102,88,55,329,3.04,100
2476,Folly SPSC,97,94,86,59,336,2.98,100
2477,Folly SPSC,88,98,66,53,305,3.28,100
2478,Folly SPSC,96,97,85,51,329,3.04,100
2479,Folly SPSC,102,97,84,55,338,2.96,100
2480,Folly SPSC,89,96,72,59,316,3.16,100
2481,Folly SPSC,93,98,75,54,320,3.12,100
2482,Folly SPSC,90,98,87,53,328,3.05,100
2483,Folly SPSC,69,100,116,59,344,2.91,100
2484,Folly SPSC,85,95,56,54,290,3.45,100
2485,Folly SPSC,83,98,98,54,333,3.00,100
2486,Folly SPSC,124,96,67,83,370,2.70,100
2487,Folly SPSC,91,94,79,54,318,3.14,100
2488,Folly SPSC,78,109,93,49,329,3.04,100
2489,Folly SPSC,86,98,88,56,328,3.05,100
2490,Folly SPSC,85,98,80,55,318,3.14,100
2491,Folly SPSC,84,97,86,53,320,3.12,100
2492,Folly SPSC,99,100,113,56,368,2.72,100
2493,Folly SPSC,83,98,88,54,323,3.10,100
2494,Folly SPSC,83,109,96,55,343,2.92,100
2495,Folly SPSC,84,93,79,54,310,3.23,100
2496,Folly SPSC,87,94,111,55,347,2.88,100
2497,Folly SPSC,87,97,80,54,318,3.14,100
2498,Folly SPSC,90,92,72,56,310,3.23,100
2499,Folly SPSC,74,92,111,54,331,3.02,100
2500,Folly SPSC,85,101,63,57,306,3.27,100
2501,Folly SPSC,72,97,76,59,304,3.29,100
2502,Folly SPSC,79,100,97,54,330,3.03,100
2503,Folly SPSC,86,94,81,54,315,3.17,100
2504,Folly SPSC,83,103,75,52,313,3.19,100
2505,Folly SPSC,126,95,73,75,369,2.71,100
2506,Folly SPSC,89,111,75,55,330,3.03,100
2507,Folly SPSC,65,97,76,53,291,3.44,100
2508,Folly SPSC,71,100,64,53,288,3.47,100
2509,Folly SPSC,86,98,95,53,332,3.01,100
2510,Folly SPSC,81,95,79,53,308,3.25,100
2511,Folly SPSC,88,96,101,50,335,2.99,100
2512,Folly SPSC,95,112,62,81,350,2.86,100
2513,Folly SPSC,97,97,89,57,340,2.94,100
2514,Folly SPSC,86,96,83,56,321,3.12,100
2515,Folly SPSC,92,98,79,53,322,3.11,100
2516,Folly SPSC,119,98,84,77,378,2.65,100
2517,Folly SPSC,88,97,60,53,298,3.36,100
2518,Folly SPSC,89,96,96,54,335,2.99,100
2519,Folly SPSC,101,98,65,76,340,2.94,100
2520,Folly SPSC,84,96,60,57,297,3.37,100
2521,Folly SPSC,87,98,81,54,320,3.12,100
2522,Folly SPSC,81,103,59,49,292,3.42,100
2523,Folly SPSC,76,98,68,68,310,3.23,100
2524,Folly SPSC,98,95,85,53,331,3.02,100
2525,Folly SPSC,83,96,81,54,314,3.18,100
2526,Folly SPSC,99,94,76,81,350,2.86,100
2527,Folly SPSC,86,100,65,49,300,3.33,100
2528,Folly SPSC,85,92,71,52,300,3.33,100
2529,Folly SPSC,86,112,77,53,328,3.05,100
2530,Folly SPSC,85,110,86,54,335,2.99,100
2531,Folly SPSC,84,95,82,53,314,3.18,100
2532,Folly SPSC,82,97,91,57,327,3.06,100
2533,Folly SPSC,98,103,81,78,360,2.78,100
2534,Folly SPSC,87,97,91,52,327,3.06,100
2535,Folly SPSC,85,97,56,57,295,3.39,100
2536,Folly SPSC,86,94,61,54,295,3.39,100
2537,Folly SPSC,85,97,92,53,327,3.06,100
2538,Folly SPSC,84,94,71,55,304,3.29,100
2539,Folly SPSC,86,95,59,52,292,3.42,100
2540,Folly SPSC,137,99,65,89,390,2.56,100
2541,Folly SPSC,75,98,95,52,320,3.12,100
2542,Folly SPSC,89,97,87,53,326,3.07,100
2543,Folly SPSC,83,95,76,54,308,3.25,100
2544,Folly SPSC,89,93,80,71,333,3.00,100
2545,Folly SPSC,86,108,86,54,334,2.99,100
2546,Folly SPSC,83,99,89,54,325,3.08,100
2547,Folly SPSC,86,96,79,48,309,3.24,100
2548,Folly SPSC,86,97,113,54,350,2.86,100
2549,Folly SPSC,72,94,95,55,316,3.16,100
2550,Folly SPSC,87,98,121,51,357,2.80,100
2551,Folly SPSC,84,95,105,53,337,2.97,100
2552,Folly SPSC,84,99,63,54,300,3.33,100
2553,Folly SPSC,91,97,78,54,320,3.12,100
2554,Folly SPSC,90,98,82,50,320,3.12,100
2555,Folly SPSC,83,99,91,54,327,3.06,100
2556,Folly SPSC,87,113,77,55,332,3.01,100
2557,Folly SPSC,85,111,119,58,373,2.68,100
2558,Folly SPSC,85,99,71,53,308,3.25,100
2559,Folly SPSC,81,96,89,58,324,3.09,100
2560,Folly SPSC,100,98,83,56,337,2.97,100
2561,Folly SPSC,88,101,103,58,350,2.86,100
2562,Folly SPSC,117,94,71,57,339,2.95,100
2563,Folly SPSC,93,95,86,48,322,3.11,100
2564,Folly SPSC,83,108,65,55,311,3.22,100
2565,Folly SPSC,85,96,71,49,301,3.32,100
2566,Folly SPSC,95,98,78,50,321,3.12,100
2567,Folly SPSC,88,97,60,57,302,3.31,100
2568,Folly SPSC,84,97,87,55,323,3.10,100
2569,Folly SPSC,89,98,85,54,326,3.07,100
2570,Folly SPSC,87,100,90,60,337,2.97,100
2571,Folly SPSC,99,99,78,55,331,3.02,100
2572,Folly SPSC,82,118,64,54,318,3.14,100
2573,Folly SPSC,90,95,104,52,341,2.93,100
2574,Folly SPSC,106,97,62,69,334,2.99,100
2575,Folly SPSC,86,98,79,49,312,3.21,100
2576,Folly SPSC,88,99,63,53,303,3.30,100
2577,Folly SPSC,71,95,85,57,308,3.25,100
2578,Folly SPSC,90,101,137,57,385,2.60,100
2579,Folly SPSC,89,101,77,55,322,3.11,100
2580,Folly SPSC,174,96,72,84,426,2.35,100
2581,Folly SPSC,89,96,70,54,309,3.24,100
2582,Folly SPSC,115,98,79,49,341,2.93,100
2583,Folly SPSC,86,94,82,58,320,3.12,100
2584,Folly SPSC,85,97,78,58,318,3.14,100
2585,Folly SPSC,120,99,78,83,380,2.63,100
2586,Folly SPSC,82,93,84,58,317,3.15,100
2587,Folly SPSC,82,96,80,54,312,3.21,100
2588,Folly SPSC,87,100,60,49,296,3.38,100
2589,Folly SPSC,81,93,103,58,335,2.99,100
2590,Folly SPSC,86,97,90,55,328,3.05,100
2591,Folly SPSC,77,98,77,54,306,3.27,100
2592,Folly SPSC,91,100,78,57,326,3.07,100
2593,Folly SPSC,87,98,61,53,299,3.34,100
2594,Folly SPSC,82,96,92,73,343,2.92,100
2595,Folly SPSC,77,97,78,53,305,3.28,100
2596,Folly SPSC,82,117,75,51,325,3.08,100
2597,Folly SPSC,109,102,109,82,402,2.49,100
2598,Folly SPSC,111,107,104,56,378,2.65,100
2599,Folly SPSC,123,104,75,84,386,2.59,100
2600,Folly SPSC,88,98,73,58,317,3.15,100
2601,Folly SPSC,96,94,86,49,325,3.08,100
2602,Folly SPSC,87,96,81,53,317,3.15,100
2603,Folly SPSC,101,94,75,59,329,3.04,100
2604,Folly SPSC,88,112,94,55,349,2.87,100
2605,Folly SPSC,79,109,74,57,319,3.13,100
2606,Folly SPSC,88,96,66,57,307,3.26,100
2607,Folly SPSC,87,96,52,59,294,3.40,100
2608,Folly SPSC,91,96,82,53,322,3.11,100
2609,Folly SPSC,87,100,105,53,345,2.90,100
2610,Folly SPSC,94,98,76,77,345,2.90,100
2611,Folly SPSC,86,95,100,58,339,2.95,100
2612,Folly SPSC,97,96,100,75,368,2.72,100
2613,Folly SPSC,81,112,80,54,327,3.06,100
2614,Folly SPSC,85,93,115,58,351,2.85,100
2615,Folly SPSC,108,98,85,57,348,2.87,100
2616,Folly SPSC,86,98,75,52,311,3.22,100
2617,Folly SPSC,91,96,89,55,331,3.02,100
2618,Folly SPSC,142,103,87,56,388,2.58,100
2619,Folly SPSC,87,95,87,54,323,3.10,100
2620,Folly SPSC,88,101,84,73,346,2.89,100
2621,Folly SPSC,91,98,76,56,321,3.12,100
2622,Folly SPSC,112,112,94,58,376,2.66,100
2623,Folly SPSC,90,99,69,54,312,3.21,100
2624,Folly SPSC,82,99,82,53,316,3.16,100
2625,Folly SPSC,89,98,67,58,312,3.21,100
2626,Folly SPSC,98,97,88,49,332,3.01,100
2627,Folly SPSC,112,100,83,85,380,2.63,100
2628,Folly SPSC,85,101,92,50,328,3.05,100
2629,Folly SPSC,80,96,72,51,299,3.34,100
2630,Folly SPSC,85,97,91,53,326,3.07,100
2631,Folly SPSC,83,92,77,53,305,3.28,100
2632,Folly SPSC,122,98,78,87,385,2.60,100
2633,Folly SPSC,84,95,82,54,315,3.17,100
2634,Folly SPSC,80,98,89,54,321,3.12,100
2635,Folly SPSC,89,107,84,52,332,3.01,100
2636,Folly SPSC,84,98,78,53,313,3.19,100
2637,Folly SPSC,83,102,88,54,327,3.06,100
2638,Folly SPSC,105,114,102,83,404,2.48,100
2639,Folly SPSC,76,95,96,52,319,3.13,100
2640,Folly SPSC,93,96,72,70,331,3.02,100
2641,Folly SPSC,93,98,79,54,324,3.09,100
2642,Folly SPSC,82,100,94,49,325,3.08,100
2643,Folly SPSC,90,98,67,54,309,3.24,100
2644,Folly SPSC,86,94,68,57,305,3.28,100
2645,Folly SPSC,86,93,81,56,316,3.16,100
2646,Folly SPSC,89,103,81,57,330,3.03,100
2647,Folly SPSC,84,92,115,49,340,2.94,100
2648,Folly SPSC,81,105,52,59,297,3.37,100
2649,Folly SPSC,80,96,83,58,317,3.15,100
2650,Folly SPSC,134,96,68,76,374,2.67,100
2651,Folly SPSC,88,98,101,54,341,2.93,100
2652,Folly SPSC,102,100,74,95,371,2.70,100
2653,Folly SPSC,84,96,73,54,307,3.26,100
2654,Folly SPSC,91,93,78,57,319,3.13,100
2655,Folly SPSC,85,112,74,59,330,3.03,100
2656,Folly SPSC,94,96,72,80,342,2.92,100
2657,Folly SPSC,89,97,97,57,340,2.94,100
2658,Folly SPSC,85,97,61,55,298,3.36,100
2659,Folly SPSC,90,98,86,54,328,3.05,100
2660,Folly SPSC,74,93,62,48,277,3.61,100
2661,Folly SPSC,82,94,73,54,303,3.30,100
2662,Folly SPSC,84,99,68,70,321,3.12,100
2663,Folly SPSC,92,99,60,59,310,3.23,100
2664,Folly SPSC,84,92,64,58,298,3.36,100
2665,Folly SPSC,87,98,69,54,308,3.25,100
2666,Folly SPSC,86,109,75,53,323,3.10,100
2667,Folly SPSC,98,357,70,82,607,1.65,100
2668,Folly SPSC,92,93,91,48,324,3.09,100
2669,Folly SPSC,97,98,54,66,315,3.17,100
2670,Folly SPSC,89,99,86,55,329,3.04,100
2671,Folly SPSC,94,97,72,52,315,3.17,100
2672,Folly SPSC,90,107,72,50,319,3.13,100
2673,Folly SPSC,83,96,82,50,311,3.22,100
2674,Folly SPSC,82,92,106,54,334,2.99,100
2675,Folly SPSC,80,104,78,54,316,3.16,100
2676,Folly SPSC,85,96,65,56,302,3.31,100
2677,Folly SPSC,86,98,77,59,320,3.12,100
2678,Folly SPSC,106,101,83,49,339,2.95,100
2679,Folly SPSC,93,100,58,54,305,3.28,100
2680,Folly SPSC,90,97,55,55,297,3.37,100
2681,Folly SPSC,88,94,69,54,305,3.28,100
2682,Folly SPSC,94,100,92,79,365,2.74,100
2683,Folly SPSC,87,102,85,52,326,3.07,100
2684,Folly SPSC,115,103,79,51,348,2.87,100
2685,Folly SPSC,100,112,79,85,376,2.66,100
2686,Folly SPSC,90,97,82,49,318,3.14,100
2687,Folly SPSC,144,105,77,91,417,2.40,100
2688,Folly SPSC,79,96,62,50,287,3.48,100
2689,Folly SPSC,66,98,79,54,297,3.37,100
2690,Folly SPSC,70,95,94,49,308,3.25,100
2691,Folly SPSC,129,99,77,54,359,2.79,100
2692,Folly SPSC,99,93,71,58,321,3.12,100
2693,Folly SPSC,88,97,70,53,308,3.25,100
2694,Folly SPSC,76,98,79,51,304,3.29,100
2695,Folly SPSC,89,95,75,59,318,3.14,100
2696,Folly SPSC,86,95,114,53,348,2.87,100
2697,Folly SPSC,89,97,67,50,303,3.30,100
2698,Folly SPSC,77,97,89,53,316,3.16,100
2699,Folly SPSC,79,97,82,55,313,3.19,100
2700,Folly SPSC,90,92,112,54,348,2.87,100
2701,Folly SPSC,86,95,74,55,310,3.23,100
2702,Folly SPSC,82,95,47,54,278,3.60,100
2703,Folly SPSC,86,97,118,54,355,2.82,100
2704,Folly SPSC,75,94,74,54,297,3.37,100
2705,Folly SPSC,91,113,95,55,354,2.82,100
2706,Folly SPSC,80,99,85,60,324,3.09,100
2707,Folly SPSC,86,98,65,53,302,3.31,100
2708,Folly SPSC,95,105,79,101,380,2.63,100
2709,Folly SPSC,96,99,108,69,372,2.69,100
2710,Folly SPSC,79,98,73,66,316,3.16,100
2711,Folly SPSC,78,90,97,70,335,2.99,100
2712,Folly SPSC,89,96,81,82,348,2.87,100
2713,Folly SPSC,83,97,104,53,337,2.97,100
2714,Folly SPSC,91,93,71,54,309,3.24,100
2715,Folly SPSC,96,96,73,82,347,2.88,100
2716,Folly SPSC,94,110,66,53,323,3.10,100
2717,Folly SPSC,87,97,76,58,318,3.14,100
2718,Folly SPSC,102,97,69,58,326,3.07,100
2719,Folly SPSC,111,96,76,48,331,3.02,100
2720,Folly SPSC,95,96,86,59,336,2.98,100
2721,Folly SPSC,94,98,72,52,316,3.16,100
2722,Folly SPSC,97,97,104,53,351,2.85,100
2723,Folly SPSC,102,96,80,89,367,2.72,100
2724,Folly SPSC,86,93,82,54,315,3.17,100
2725,Folly SPSC,79,100,88,53,320,3.12,100
2726,Folly SPSC,87,97,78,51,313,3.19,100
2727,Folly SPSC,106,97,99,81,383,2.61,100
2728,Folly SPSC,77,97,81,56,311,3.22,100
2729,Folly SPSC,60,110,85,54,309,3.24,100
2730,Folly SPSC,109,115,88,54,366,2.73,100
2731,Folly SPSC,91,93,59,57,300,3.33,100
2732,Folly SPSC,89,102,75,54,320,3.12,100
2733,Folly SPSC,94,90,79,50,313,3.19,100
2734,Folly SPSC,89,95,86,50,320,3.12,100
2735,Folly SPSC,99,97,75,53,324,3.09,100
2736,Folly SPSC,80,93,73,54,300,3.33,100
2737,Folly SPSC,83,99,85,53,320,3.12,100
2738,Folly SPSC,87,95,94,54,330,3.03,100
2739,Folly SPSC,92,96,64,53,305,3.28,100
2740,Folly SPSC,88,98,59,55,300,3.33,100
2741,Folly SPSC,84,97,69,54,304,3.29,100
2742,Folly SPSC,77,105,82,54,318,3.14,100
2743,Folly SPSC,97,102,72,76,347,2.88,100
2744,Folly SPSC,84,92,102,56,334,2.99,100
2745,Folly SPSC,87,99,69,49,304,3.29,100
2746,Folly SPSC,87,95,86,54,322,3.11,100
2747,Folly SPSC,74,96,73,49,292,3.42,100
2748,Folly SPSC,87,108,73,54,322,3.11,100
2749,Folly SPSC,69,98,85,58,310,3.23,100
2750,Folly SPSC,87,99,83,53,322,3.11,100
2751,Folly SPSC,86,98,66,58,308,3.25,100
2752,Folly SPSC,84,98,69,55,306,3.27,100
2753,Folly SPSC,85,99,83,59,326,3.07,100
2754,Folly SPSC,80,97,83,53,313,3.19,100
2755,Folly SPSC,96,97,81,57,331,3.02,100
2756,Folly SPSC,95,97,89,58,339,2.95,100
2757,Folly SPSC,88,97,73,54,312,3.21,100
2758,Folly SPSC,86,94,84,57,321,3.12,100
2759,Folly SPSC,92,99,70,54,315,3.17,100
2760,Folly SPSC,99,100,79,58,336,2.98,100
2761,Folly SPSC,114,95,59,57,325,3.08,100
2762,Folly SPSC,100,95,113,53,361,2.77,100
2763,Folly SPSC,88,99,106,52,345,2.90,100
2764,Folly SPSC,92,94,87,50,323,3.10,100
2765,Folly SPSC,105,99,77,53,334,2.99,100
2766,Folly SPSC,109,96,85,54,344,2.91,100
2767,Folly SPSC,133,98,79,58,368,2.72,100
2768,Folly SPSC,96,97,80,58,331,3.02,100
2769,Folly SPSC,97,95,73,57,322,3.11,100
2770,Folly SPSC,101,112,69,57,339,2.95,100
2771,Folly SPSC,163,97,77,50,387,2.58,100
2772,Folly SPSC,88,99,81,57,325,3.08,100
2773,Folly SPSC,105,97,90,54,346,2.89,100
2774,Folly SPSC,87,97,70,55,309,3.24,100
2775,Folly SPSC,85,98,60,57,300,3.33,100
2776,Folly SPSC,85,99,85,54,323,3.10,100
2777,Folly SPSC,115,94,75,59,343,2.92,100
2778,Folly SPSC,97,95,63,54,309,3.24,100
2779,Folly SPSC,87,102,85,54,328,3.05,100
2780,Folly SPSC,174,95,66,58,393,2.54,100
2781,Folly SPSC,88,97,75,58,318,3.14,100
2782,Folly SPSC,97,102,76,84,359,2.79,100
2783,Folly SPSC,89,101,78,54,322,3.11,100
2784,Folly SPSC,162,101,91,59,413,2.42,100
2785,Folly SPSC,102,100,83,52,337,2.97,100
2786,Folly SPSC,91,97,63,57,308,3.25,100
2787,Folly SPSC,129,98,104,54,385,2.60,100
2788,Folly SPSC,132,94,81,53,360,2.78,100
2789,Folly SPSC,80,94,63,58,295,3.39,100
2790,Folly SPSC,91,96,81,53,321,3.12,100
2791,Folly SPSC,88,110,81,51,330,3.03,100
2792,Folly SPSC,137,91,83,49,360,2.78,100
2793,Folly SPSC,99,98,97,55,349,2.87,100
2794,Folly SPSC,115,100,81,84,380,2.63,100
2795,Folly SPSC,91,110,66,55,322,3.11,100
2796,Folly SPSC,97,98,106,63,364,2.75,100
2797,Folly SPSC,97,97,91,78,363,2.75,100
2798,Folly SPSC,141,101,65,51,358,2.79,100
2799,Folly SPSC,106,99,94,53,352,2.84,100
2800,Folly SPSC,107,98,78,59,342,2.92,100
2801,Folly SPSC,101,91,103,55,350,2.86,100
2802,Folly SPSC,90,97,80,70,337,2.97,100
2803,Folly SPSC,90,97,76,49,312,3.21,100
2804,Folly SPSC,87,94,109,54,344,2.91,100
2805,Folly SPSC,84,96,88,55,323,3.10,100
2806,Folly SPSC,93,98,100,58,349,2.87,100
2807,Folly SPSC,91,96,88,52,327,3.06,100
2808,Folly SPSC,93,101,75,57,326,3.07,100
2809,Folly SPSC,116,98,72,55,341,2.93,100
2810,Folly SPSC,69,92,90,53,304,3.29,100
2811,Folly SPSC,85,97,77,52,311,3.22,100
2812,Folly SPSC,75,97,60,81,313,3.19,100
2813,Folly SPSC,88,96,92,52,328,3.05,100
2814,Folly SPSC,98,97,74,50,319,3.13,100
2815,Folly SPSC,88,101,77,54,320,3.12,100
2816,Folly SPSC,96,96,73,63,328,3.05,100
2817,Folly SPSC,77,94,70,46,287,3.48,100
2818,Folly SPSC,100,94,93,78,365,2.74,100
2819,Folly SPSC,84,105,100,61,350,2.86,100
2820,Folly SPSC,71,96,76,56,299,3.34,100
2821,Folly SPSC,87,97,64,48,296,3.38,100
2822,Folly SPSC,104,97,81,53,335,2.99,100
2823,Folly SPSC,106,98,79,58,341,2.93,100
2824,Folly SPSC,84,96,71,52,303,3.30,100
2825,Folly SPSC,85,99,84,50,318,3.14,100
2826,Folly SPSC,85,94,84,50,313,3.19,100
2827,Folly SPSC,100,101,70,54,325,3.08,100
2828,Folly SPSC,88,93,71,53,305,3.28,100
2829,Folly SPSC,99,97,94,54,344,2.91,100
2830,Folly SPSC,79,96,65,54,294,3.40,100
2831,Folly SPSC,94,99,69,57,319,3.13,100
2832,Folly SPSC,85,97,107,56,345,2.90,100
2833,Folly SPSC,88,98,70,54,310,3.23,100
2834,Folly SPSC,86,95,81,53,315,3.17,100
2835,Folly SPSC,98,98,87,51,334,2.99,100
2836,Folly SPSC,83,100,64,48,295,3.39,100
2837,Folly SPSC,87,97,87,49,320,3.12,100
2838,Folly SPSC,82,104,76,54,316,3.16,100
2839,Folly SPSC,101,99,80,53,333,3.00,100
2840,Folly SPSC,87,98,84,58,327,3.06,100
2841,Folly SPSC,102,100,79,74,355,2.82,100
2842,Folly SPSC,81,108,69,71,329,3.04,100
2843,Folly SPSC,88,99,104,57,348,2.87,100
2844,Folly SPSC,84,96,74,51,305,3.28,100
2845,Folly SPSC,87,93,87,57,324,3.09,100
2846,Folly SPSC,85,96,66,54,301,3.32,100
2847,Folly SPSC,95,96,66,53,310,3.23,100
2848,Folly SPSC,91,97,78,55,321,3.12,100
2849,Folly SPSC,87,96,85,57,325,3.08,100
2850,Folly SPSC,92,95,137,54,378,2.65,100
2851,Folly SPSC,95,96,56,51,298,3.36,100
2852,Folly SPSC,82,99,78,69,328,3.05,100
2853,Folly SPSC,112,110,91,59,372,2.69,100
2854,Folly SPSC,157,97,70,51,375,2.67,100
2855,Folly SPSC,101,101,56,82,340,2.94,100
2856,Folly SPSC,85,96,71,54,306,3.27,100
2857,Folly SPSC,89,98,63,79,329,3.04,100
2858,Folly SPSC,82,92,60,66,300,3.33,100
2859,Folly SPSC,85,96,66,83,330,3.03,100
2860,Folly SPSC,83,98,126,63,370,2.70,100
2861,Folly SPSC,89,111,85,70,355,2.82,100
2862,Folly SPSC,88,99,62,68,317,3.15,100
2863,Folly SPSC,90,97,87,55,329,3.04,100
2864,Folly SPSC,90,95,53,49,287,3.48,100
2865,Folly SPSC,96,127,94,69,386,2.59,100
2866,Folly SPSC,87,98,82,54,321,3.12,100
2867,Folly SPSC,98,95,61,54,308,3.25,100
2868,Folly SPSC,86,99,70,53,308,3.25,100
2869,Folly SPSC,102,97,77,54,330,3.03,100
2870,Folly SPSC,93,101,78,51,323,3.10,100
2871,Folly SPSC,96,103,91,61,351,2.85,100
2872,Folly SPSC,115,98,74,55,342,2.92,100
2873,Folly SPSC,86,100,66,53,305,3.28,100
2874,Folly SPSC,90,102,76,56,324,3.09,100
2875,Folly SPSC,89,98,78,48,313,3.19,100
2876,Folly SPSC,113,103,79,48,343,2.92,100
2877,Folly SPSC,86,92,68,56,302,3.31,100
2878,Folly SPSC,104,94,75,57,330,3.03,100
2879,Folly SPSC,93,109,94,54,350,2.86,100
2880,Folly SPSC,148,100,53,53,354,2.82,100
2881,Folly SPSC,76,96,117,56,345,2.90,100
2882,Folly SPSC,90,97,88,50,325,3.08,100
2883,Folly SPSC,97,99,103,55,354,2.82,100
2884,Folly SPSC,124,93,73,54,344,2.91,100
2885,Folly SPSC,86,98,68,53,305,3.28,100
2886,Folly SPSC,92,94,60,53,299,3.34,100
2887,Folly SPSC,150,95,72,53,370,2.70,100
2888,Folly SPSC,86,105,69,59,319,3.13,100
2889,Folly SPSC,90,95,62,56,303,3.30,100
2890,Folly SPSC,91,98,75,68,332,3.01,100
2891,Folly SPSC,103,97,64,54,318,3.14,100
2892,Folly SPSC,74,98,65,54,291,3.44,100
2893,Folly SPSC,92,94,96,56,338,2.96,100
2894,Folly SPSC,92,96,117,56,361,2.77,100
2895,Folly SPSC,93,100,73,58,324,3.09,100
2896,Folly SPSC,92,102,81,54,329,3.04,100
2897,Folly SPSC,94,101,55,53,303,3.30,100
2898,Folly SPSC,102,103,78,57,340,2.94,100
2899,Folly SPSC,92,114,82,54,342,2.92,100
2900,Folly SPSC,97,99,71,69,336,2.98,100
2901,Folly SPSC,76,100,75,57,308,3.25,100
2902,Folly SPSC,115,100,73,85,373,2.68,100
2903,Folly SPSC,90,96,72,51,309,3.24,100
2904,Folly SPSC,85,97,106,52,340,2.94,100
2905,Folly SPSC,89,92,91,53,325,3.08,100
2906,Folly SPSC,85,100,81,51,317,3.15,100
2907,Folly SPSC,84,92,73,60,309,3.24,100
2908,Folly SPSC,83,98,81,53,315,3.17,100
2909,Folly SPSC,103,98,104,57,362,2.76,100
2910,Folly SPSC,88,95,82,57,322,3.11,100
2911,Folly SPSC,86,97,58,57,298,3.36,100
2912,Folly SPSC,84,93,55,53,285,3.51,100
2913,Folly SPSC,85,109,64,56,314,3.18,100
2914,Folly SPSC,95,97,82,81,355,2.82,100
2915,Folly SPSC,86,100,115,53,354,2.82,100
2916,Folly SPSC,81,96,78,57,312,3.21,100
2917,Folly SPSC,85,97,74,53,309,3.24,100
2918,Folly SPSC,81,100,93,51,325,3.08,100
2919,Folly SPSC,82,101,87,55,325,3.08,100
2920,Folly SPSC,86,95,79,51,311,3.22,100
2921,Folly SPSC,88,99,80,55,322,3.11,100
2922,Folly SPSC,81,94,71,57,303,3.30,100
2923,Folly SPSC,89,100,55,53,297,3.37,100
2924,Folly SPSC,72,100,71,73,316,3.16,100
2925,Folly SPSC,86,96,87,54,323,3.10,100
2926,Folly SPSC,96,95,90,53,334,2.99,100
2927,Folly SPSC,105,97,95,68,365,2.74,100
2928,Folly SPSC,102,98,69,52,321,3.12,100
2929,Folly SPSC,104,116,63,49,332,3.01,100
2930,Folly SPSC,91,94,89,47,321,3.12,100
2931,Folly SPSC,105,116,78,82,381,2.62,100
2932,Folly SPSC,94,98,56,58,306,3.27,100
2933,Folly SPSC,114,93,67,49,323,3.10,100
2934,Folly SPSC,85,97,84,53,319,3.13,100
2935,Folly SPSC,79,91,75,54,299,3.34,100
2936,Folly SPSC,89,114,93,53,349,2.87,100
2937,Folly SPSC,89,96,80,50,315,3.17,100
2938,Folly SPSC,85,94,84,55,318,3.14,100
2939,Folly SPSC,85,105,68,57,315,3.17,100
2940,Folly SPSC,92,95,70,54,311,3.22,100
2941,Folly SPSC,86,108,82,56,332,3.01,100
2942,Folly SPSC,90,100,73,69,332,3.01,100
2943,Folly SPSC,90,96,114,59,359,2.79,100
2944,Folly SPSC,88,96,80,55,319,3.13,100
2945,Folly SPSC,96,97,71,54,318,3.14,100
2946,Folly SPSC,85,98,79,53,315,3.17,100
2947,Folly SPSC,86,101,71,53,311,3.22,100
2948,Folly SPSC,102,99,100,84,385,2.60,100
2949,Folly SPSC,79,95,81,58,313,3.19,100
2950,Folly SPSC,88,93,83,57,321,3.12,100
2951,Folly SPSC,102,99,87,87,375,2.67,100
2952,Folly SPSC,76,98,99,51,324,3.09,100
2953,Folly SPSC,84,97,88,55,324,3.09,100
2954,Folly SPSC,78,99,83,88,348,2.87,100
2955,Folly SPSC,106,94,118,57,375,2.67,100
2956,Folly SPSC,90,95,81,58,324,3.09,100
2957,Folly SPSC,182,96,85,108,471,2.12,100
2958,Folly SPSC,97,99,91,49,336,2.98,100
2959,Folly SPSC,100,104,82,48,334,2.99,100
2960,Folly SPSC,80,96,98,57,331,3.02,100
2961,Folly SPSC,86,100,111,53,350,2.86,100
2962,Folly SPSC,82,100,86,46,314,3.18,100
2963,Folly SPSC,79,96,91,55,321,3.12,100
2964,Folly SPSC,97,98,64,83,342,2.92,100
2965,Folly SPSC,92,97,76,53,318,3.14,100
2966,Folly SPSC,96,99,75,53,323,3.10,100
2967,Folly SPSC,91,105,78,56,330,3.03,100
2968,Folly SPSC,115,94,67,54,330,3.03,100
2969,Folly SPSC,69,91,86,54,300,3.33,100
2970,Folly SPSC,87,98,102,55,342,2.92,100
2971,Folly SPSC,96,98,76,59,329,3.04,100
2972,Folly SPSC,88,97,85,57,327,3.06,100
2973,Folly SPSC,131,97,65,76,369,2.71,100
2974,Folly SPSC,84,93,71,55,303,3.30,100
2975,Folly SPSC,85,95,89,55,324,3.09,100
2976,Folly SPSC,88,94,79,57,318,3.14,100
2977,Folly SPSC,88,100,63,52,303,3.30,100
2978,Folly SPSC,87,96,73,53,309,3.24,100
2979,Folly SPSC,98,112,73,89,372,2.69,100
2980,Folly SPSC,88,98,83,55,324,3.09,100
2981,Folly SPSC,110,96,92,58,356,2.81,100
2982,Folly SPSC,79,95,80,48,302,3.31,100
2983,Folly SPSC,124,97,84,54,359,2.79,100
2984,Folly SPSC,113,99,90,55,357,2.80,100
2985,Folly SPSC,90,95,102,53,340,2.94,100
2986,Folly SPSC,104,96,103,48,351,2.85,100
2987,Folly SPSC,88,96,73,54,311,3.22,100
2988,Folly SPSC,96,94,86,54,330,3.03,100
2989,Folly SPSC,90,96,68,50,304,3.29,100
2990,Folly SPSC,135,98,59,49,341,2.93,100
2991,Folly SPSC,80,96,102,56,334,2.99,100
2992,Folly SPSC,102,101,89,57,349,2.87,100
2993,Folly SPSC,86,112,113,55,366,2.73,100
2994,Folly SPSC,98,93,88,53,332,3.01,100
2995,Folly SPSC,89,112,72,55,328,3.05,100
2996,Folly SPSC,106,99,88,54,347,2.88,100
2997,Folly SPSC,117,98,74,69,358,2.79,100
2998,Folly SPSC,85,98,78,54,315,3.17,100
2999,Folly SPSC,129,103,77,49,358,2.79,100
3000,Folly SPSC,88,101,85,54,328,3.05,100
3001,CK FIFO SPSC,79,103,92,46,320,3.12,100
3002,CK FIFO SPSC,92,103,118,42,355,2.82,100
3003,CK FIFO SPSC,66,103,134,55,358,2.79,100
3004,CK FIFO SPSC,62,101,102,53,318,3.14,100
3005,CK FIFO SPSC,138,105,117,56,416,2.40,100
3006,CK FIFO SPSC,75,103,92,56,326,3.07,100
3007,CK FIFO SPSC,68,100,123,56,347,2.88,100
3008,CK FIFO SPSC,80,102,86,72,340,2.94,100
3009,CK FIFO SPSC,68,134,110,54,366,2.73,100
3010,CK FIFO SPSC,100,103,107,56,366,2.73,100
3011,CK FIFO SPSC,80,106,98,55,339,2.95,100
3012,CK FIFO SPSC,123,98,114,65,400,2.50,100
3013,CK FIFO SPSC,57,99,124,49,329,3.04,100
3014,CK FIFO SPSC,57,111,129,57,354,2.82,100
3015,CK FIFO SPSC,69,100,85,53,307,3.26,100
3016,CK FIFO SPSC,51,93,115,55,314,3.18,100
3017,CK FIFO SPSC,91,106,115,54,366,2.73,100
3018,CK FIFO SPSC,64,106,89,46,305,3.28,100
3019,CK FIFO SPSC,52,97,161,57,367,2.72,100
3020,CK FIFO SPSC,79,107,119,57,362,2.76,100
3021,CK FIFO SPSC,64,100,108,47,319,3.13,100
3022,CK FIFO SPSC,68,100,118,53,339,2.95,100
3023,CK FIFO SPSC,58,103,85,54,300,3.33,100
3024,CK FIFO SPSC,99,115,122,48,384,2.60,100
3025,CK FIFO SPSC,113,114,114,48,389,2.57,100
3026,CK FIFO SPSC,58,104,120,48,330,3.03,100
3027,CK FIFO SPSC,67,95,116,55,333,3.00,100
3028,CK FIFO SPSC,55,100,125,53,333,3.00,100
3029,CK FIFO SPSC,106,104,109,57,376,2.66,100
3030,CK FIFO SPSC,59,98,112,47,316,3.16,100
3031,CK FIFO SPSC,119,108,97,55,379,2.64,100
3032,CK FIFO SPSC,64,107,121,55,347,2.88,100
3033,CK FIFO SPSC,58,106,131,58,353,2.83,100
3034,CK FIFO SPSC,54,107,92,55,308,3.25,100
3035,CK FIFO SPSC,59,96,135,57,347,2.88,100
3036,CK FIFO SPSC,61,95,126,53,335,2.99,100
3037,CK FIFO SPSC,88,103,121,57,369,2.71,100
3038,CK FIFO SPSC,67,100,113,49,329,3.04,100
3039,CK FIFO SPSC,66,97,115,55,333,3.00,100
3040,CK FIFO SPSC,89,100,104,43,336,2.98,100
3041,CK FIFO SPSC,43,104,108,43,298,3.36,100
3042,CK FIFO SPSC,76,108,112,45,341,2.93,100
3043,CK FIFO SPSC,52,96,99,36,283,3.53,100
3044,CK FIFO SPSC,54,99,98,51,302,3.31,100
3045,CK FIFO SPSC,55,96,89,44,284,3.52,100
3046,CK FIFO SPSC,80,98,107,44,329,3.04,100
3047,CK FIFO SPSC,56,99,111,57,323,3.10,100
3048,CK FIFO SPSC,75,109,96,53,333,3.00,100
3049,CK FIFO SPSC,53,112,140,47,352,2.84,100
3050,CK FIFO SPSC,70,101,122,57,350,2.86,100
3051,CK FIFO SPSC,80,93,113,61,347,2.88,100
3052,CK FIFO SPSC,131,102,132,45,410,2.44,100
3053,CK FIFO SPSC,67,99,142,55,363,2.75,100
3054,CK FIFO SPSC,70,101,96,59,326,3.07,100
3055,CK FIFO SPSC,128,113,122,46,409,2.44,100
3056,CK FIFO SPSC,57,107,124,56,344,2.91,100
3057,CK FIFO SPSC,134,98,84,54,370,2.70,100
3058,CK FIFO SPSC,103,101,125,53,382,2.62,100
3059,CK FIFO SPSC,51,109,117,54,331,3.02,100
3060,CK FIFO SPSC,81,106,104,57,348,2.87,100
3061,CK FIFO SPSC,49,107,173,56,385,2.60,100
3062,CK FIFO SPSC,96,104,101,56,357,2.80,100
3063,CK FIFO SPSC,83,100,123,56,362,2.76,100
3064,CK FIFO SPSC,72,100,117,55,344,2.91,100
3065,CK FIFO SPSC,46,99,136,51,332,3.01,100
3066,CK FIFO SPSC,76,100,93,56,325,3.08,100
3067,CK FIFO SPSC,57,101,115,49,322,3.11,100
3068,CK FIFO SPSC,74,99,115,61,349,2.87,100
3069,CK FIFO SPSC,74,99,113,57,343,2.92,100
3070,CK FIFO SPSC,79,100,107,62,348,2.87,100
3071,CK FIFO SPSC,65,100,111,56,332,3.01,100
3072,CK FIFO SPSC,124,105,101,49,379,2.64,100
3073,CK FIFO SPSC,67,372,113,55,607,1.65,100
3074,CK FIFO SPSC,123,95,88,44,350,2.86,100
3075,CK FIFO SPSC,80,101,97,51,329,3.04,100
3076,CK FIFO SPSC,66,105,108,58,337,2.97,100
3077,CK FIFO SPSC,91,102,116,55,364,2.75,100
3078,CK FIFO SPSC,48,108,114,56,326,3.07,100
3079,CK FIFO SPSC,73,98,94,57,322,3.11,100
3080,CK FIFO SPSC,67,106,130,57,360,2.78,100
3081,CK FIFO SPSC,81,100,117,55,353,2.83,100
3082,CK FIFO SPSC,81,116,123,46,366,2.73,100
3083,CK FIFO SPSC,110,117,119,57,403,2.48,100
3084,CK FIFO SPSC,74,107,117,57,355,2.82,100
3085,CK FIFO SPSC,53,349,114,55,571,1.75,100
3086,CK FIFO SPSC,48,107,115,56,326,3.07,100
3087,CK FIFO SPSC,45,101,124,58,328,3.05,100
3088,CK FIFO SPSC,51,97,152,59,359,2.79,100
3089,CK FIFO SPSC,87,113,102,55,357,2.80,100
3090,CK FIFO SPSC,58,104,126,57,345,2.90,100
3091,CK FIFO SPSC,60,345,127,70,602,1.66,100
3092,CK FIFO SPSC,54,101,109,50,314,3.18,100
3093,CK FIFO SPSC,119,100,96,54,369,2.71,100
3094,CK FIFO SPSC,64,93,137,47,341,2.93,100
3095,CK FIFO SPSC,99,100,90,69,358,2.79,100
3096,CK FIFO SPSC,65,99,96,56,316,3.16,100
3097,CK FIFO SPSC,100,101,87,55,343,2.92,100
3098,CK FIFO SPSC,119,108,132,43,402,2.49,100
3099,CK FIFO SPSC,56,99,117,43,315,3.17,100
3100,CK FIFO SPSC,43,104,125,41,313,3.19,100
3101,CK FIFO SPSC,56,100,122,45,323,3.10,100
3102,CK FIFO SPSC,48,107,124,43,322,3.11,100
3103,CK FIFO SPSC,61,100,138,37,336,2.98,100
3104,CK FIFO SPSC,48,98,132,46,324,3.09,100
3105,CK FIFO SPSC,77,100,160,39,376,2.66,100
3106,CK FIFO SPSC,51,98,82,47,278,3.60,100
3107,CK FIFO SPSC,44,104,94,44,286,3.50,100
3108,CK FIFO SPSC,72,105,113,45,335,2.99,100
3109,CK FIFO SPSC,79,105,107,44,335,2.99,100
3110,CK FIFO SPSC,104,99,110,44,357,2.80,100
3111,CK FIFO SPSC,97,99,117,44,357,2.80,100
3112,CK FIFO SPSC,117,108,122,54,401,2.49,100
3113,CK FIFO SPSC,96,98,110,53,357,2.80,100
3114,CK FIFO SPSC,75,96,141,47,359,2.79,100
3115,CK FIFO SPSC,74,102,130,49,355,2.82,100
3116,CK FIFO SPSC,64,99,118,56,337,2.97,100
3117,CK FIFO SPSC,99,104,118,56,377,2.65,100
3118,CK FIFO SPSC,100,107,114,58,379,2.64,100
3119,CK FIFO SPSC,71,100,119,49,339,2.95,100
3120,CK FIFO SPSC,62,98,111,43,314,3.18,100
3121,CK FIFO SPSC,106,107,88,54,355,2.82,100
3122,CK FIFO SPSC,49,100,105,55,309,3.24,100
3123,CK FIFO SPSC,53,106,125,54,338,2.96,100
3124,CK FIFO SPSC,109,102,125,57,393,2.54,100
3125,CK FIFO SPSC,67,101,92,43,303,3.30,100
3126,CK FIFO SPSC,86,100,130,55,371,2.70,100
3127,CK FIFO SPSC,57,100,97,57,311,3.22,100
3128,CK FIFO SPSC,55,107,89,55,306,3.27,100
3129,CK FIFO SPSC,108,98,118,58,382,2.62,100
3130,CK FIFO SPSC,94,101,168,50,413,2.42,100
3131,CK FIFO SPSC,45,104,152,53,354,2.82,100
3132,CK FIFO SPSC,50,98,141,82,371,2.70,100
3133,CK FIFO SPSC,115,98,103,56,372,2.69,100
3134,CK FIFO SPSC,129,99,107,52,387,2.58,100
3135,CK FIFO SPSC,66,116,110,57,349,2.87,100
3136,CK FIFO SPSC,77,100,135,48,360,2.78,100
3137,CK FIFO SPSC,97,106,124,55,382,2.62,100
3138,CK FIFO SPSC,66,112,92,47,317,3.15,100
3139,CK FIFO SPSC,69,107,102,53,331,3.02,100
3140,CK FIFO SPSC,106,106,117,48,377,2.65,100
3141,CK FIFO SPSC,120,103,147,62,432,2.31,100
3142,CK FIFO SPSC,87,101,118,37,343,2.92,100
3143,CK FIFO SPSC,53,100,97,59,309,3.24,100
3144,CK FIFO SPSC,52,112,108,56,328,3.05,100
3145,CK FIFO SPSC,110,115,113,54,392,2.55,100
3146,CK FIFO SPSC,72,94,108,54,328,3.05,100
3147,CK FIFO SPSC,47,97,121,57,322,3.11,100
3148,CK FIFO SPSC,73,106,111,46,336,2.98,100
3149,CK FIFO SPSC,59,102,126,57,344,2.91,100
3150,CK FIFO SPSC,87,105,113,66,371,2.70,100
3151,CK FIFO SPSC,128,102,136,56,422,2.37,100
3152,CK FIFO SPSC,74,102,104,56,336,2.98,100
3153,CK FIFO SPSC,58,96,114,57,325,3.08,100
3154,CK FIFO SPSC,53,103,118,54,328,3.05,100
3155,CK FIFO SPSC,90,105,134,56,385,2.60,100
3156,CK FIFO SPSC,41,98,105,57,301,3.32,100
3157,CK FIFO SPSC,95,105,113,45,358,2.79,100
3158,CK FIFO SPSC,66,103,122,52,343,2.92,100
3159,CK FIFO SPSC,66,100,87,57,310,3.23,100
3160,CK FIFO SPSC,70,104,109,55,338,2.96,100
3161,CK FIFO SPSC,55,113,116,54,338,2.96,100
3162,CK FIFO SPSC,78,109,89,55,331,3.02,100
3163,CK FIFO SPSC,78,104,110,44,336,2.98,100
3164,CK FIFO SPSC,83,107,105,55,350,2.86,100
3165,CK FIFO SPSC,36,105,104,54,299,3.34,100
3166,CK FIFO SPSC,50,100,126,58,334,2.99,100
3167,CK FIFO SPSC,42,99,117,49,307,3.26,100
3168,CK FIFO SPSC,89,95,97,55,336,2.98,100
3169,CK FIFO SPSC,131,101,125,73,430,2.33,100
3170,CK FIFO SPSC,100,107,93,57,357,2.80,100
3171,CK FIFO SPSC,57,107,124,56,344,2.91,100
3172,CK FIFO SPSC,116,110,129,44,399,2.51,100
3173,CK FIFO SPSC,61,103,138,49,351,2.85,100
3174,CK FIFO SPSC,56,98,115,44,313,3.19,100
3175,CK FIFO SPSC,51,103,120,46,320,3.12,100
3176,CK FIFO SPSC,43,100,131,56,330,3.03,100
3177,CK FIFO SPSC,84,101,105,60,350,2.86,100
3178,CK FIFO SPSC,60,112,83,55,310,3.23,100
3179,CK FIFO SPSC,60,100,111,56,327,3.06,100
3180,CK FIFO SPSC,61,102,126,56,345,2.90,100
3181,CK FIFO SPSC,58,103,137,47,345,2.90,100
3182,CK FIFO SPSC,46,99,101,46,292,3.42,100
3183,CK FIFO SPSC,44,122,121,54,341,2.93,100
3184,CK FIFO SPSC,68,105,92,57,322,3.11,100
3185,CK FIFO SPSC,44,103,131,56,334,2.99,100
3186,CK FIFO SPSC,71,106,128,61,366,2.73,100
3187,CK FIFO SPSC,73,100,119,56,348,2.87,100
3188,CK FIFO SPSC,50,111,108,54,323,3.10,100
3189,CK FIFO SPSC,53,105,145,58,361,2.77,100
3190,CK FIFO SPSC,71,97,120,55,343,2.92,100
3191,CK FIFO SPSC,47,98,114,58,317,3.15,100
3192,CK FIFO SPSC,69,95,109,57,330,3.03,100
3193,CK FIFO SPSC,39,104,98,56,297,3.37,100
3194,CK FIFO SPSC,62,104,93,53,312,3.21,100
3195,CK FIFO SPSC,47,117,98,56,318,3.14,100
3196,CK FIFO SPSC,53,106,126,53,338,2.96,100
3197,CK FIFO SPSC,91,104,117,57,369,2.71,100
3198,CK FIFO SPSC,93,103,90,55,341,2.93,100
3199,CK FIFO SPSC,95,104,99,48,346,2.89,100
3200,CK FIFO SPSC,85,102,126,49,362,2.76,100
3201,CK FIFO SPSC,48,98,122,46,314,3.18,100
3202,CK FIFO SPSC,52,107,117,46,322,3.11,100
3203,CK FIFO SPSC,61,102,112,45,320,3.12,100
3204,CK FIFO SPSC,70,102,99,44,315,3.17,100
3205,CK FIFO SPSC,45,122,98,63,328,3.05,100
3206,CK FIFO SPSC,51,103,121,54,329,3.04,100
3207,CK FIFO SPSC,96,124,113,60,393,2.54,100
3208,CK FIFO SPSC,42,100,110,54,306,3.27,100
3209,CK FIFO SPSC,88,95,107,56,346,2.89,100
3210,CK FIFO SPSC,63,102,138,52,355,2.82,100
3211,CK FIFO SPSC,72,95,109,55,331,3.02,100
3212,CK FIFO SPSC,89,108,125,58,380,2.63,100
3213,CK FIFO SPSC,93,105,89,56,343,2.92,100
3214,CK FIFO SPSC,53,100,126,45,324,3.09,100
3215,CK FIFO SPSC,79,114,85,58,336,2.98,100
3216,CK FIFO SPSC,92,101,79,55,327,3.06,100
3217,CK FIFO SPSC,84,101,113,58,356,2.81,100
3218,CK FIFO SPSC,67,98,135,56,356,2.81,100
3219,CK FIFO SPSC,71,103,97,54,325,3.08,100
3220,CK FIFO SPSC,115,97,103,57,372,2.69,100
3221,CK FIFO SPSC,52,96,98,56,302,3.31,100
3222,CK FIFO SPSC,76,107,105,44,332,3.01,100
3223,CK FIFO SPSC,40,100,82,55,277,3.61,100
3224,CK FIFO SPSC,146,102,131,45,424,2.36,100
3225,CK FIFO SPSC,58,100,95,54,307,3.26,100
3226,CK FIFO SPSC,67,107,134,57,365,2.74,100
3227,CK FIFO SPSC,60,105,153,55,373,2.68,100
3228,CK FIFO SPSC,58,103,99,56,316,3.16,100
3229,CK FIFO SPSC,92,102,99,55,348,2.87,100
3230,CK FIFO SPSC,77,103,117,55,352,2.84,100
3231,CK FIFO SPSC,132,115,99,53,399,2.51,100
3232,CK FIFO SPSC,52,102,137,53,344,2.91,100
3233,CK FIFO SPSC,70,99,116,58,343,2.92,100
3234,CK FIFO SPSC,53,99,114,57,323,3.10,100
3235,CK FIFO SPSC,89,97,104,54,344,2.91,100
3236,CK FIFO SPSC,43,103,125,56,327,3.06,100
3237,CK FIFO SPSC,99,99,123,54,375,2.67,100
3238,CK FIFO SPSC,82,89,128,55,354,2.82,100
3239,CK FIFO SPSC,43,105,114,48,310,3.23,100
3240,CK FIFO SPSC,57,101,113,71,342,2.92,100
3241,CK FIFO SPSC,53,111,103,54,321,3.12,100
3242,CK FIFO SPSC,73,97,82,56,308,3.25,100
3243,CK FIFO SPSC,40,107,118,55,320,3.12,100
3244,CK FIFO SPSC,77,112,107,55,351,2.85,100
3245,CK FIFO SPSC,69,102,117,55,343,2.92,100
3246,CK FIFO SPSC,103,97,110,57,367,2.72,100
3247,CK FIFO SPSC,69,104,115,59,347,2.88,100
3248,CK FIFO SPSC,81,101,113,53,348,2.87,100
3249,CK FIFO SPSC,50,106,166,55,377,2.65,100
3250,CK FIFO SPSC,93,103,111,64,371,2.70,100
3251,CK FIFO SPSC,86,100,134,44,364,2.75,100
3252,CK FIFO SPSC,57,93,109,57,316,3.16,100
3253,CK FIFO SPSC,100,105,94,54,353,2.83,100
3254,CK FIFO SPSC,45,103,90,47,285,3.51,100
3255,CK FIFO SPSC,79,101,93,35,308,3.25,100
3256,CK FIFO SPSC,67,103,115,57,342,2.92,100
3257,CK FIFO SPSC,70,107,143,59,379,2.64,100
3258,CK FIFO SPSC,89,111,98,53,351,2.85,100
3259,CK FIFO SPSC,74,105,111,48,338,2.96,100
3260,CK FIFO SPSC,99,104,116,53,372,2.69,100
3261,CK FIFO SPSC,43,101,135,55,334,2.99,100
3262,CK FIFO SPSC,48,108,106,61,323,3.10,100
3263,CK FIFO SPSC,92,114,140,46,392,2.55,100
3264,CK FIFO SPSC,106,98,117,56,377,2.65,100
3265,CK FIFO SPSC,101,99,108,50,358,2.79,100
3266,CK FIFO SPSC,49,102,88,45,284,3.52,100
3267,CK FIFO SPSC,57,98,103,55,313,3.19,100
3268,CK FIFO SPSC,47,103,102,57,309,3.24,100
3269,CK FIFO SPSC,50,122,124,62,358,2.79,100
3270,CK FIFO SPSC,57,102,115,55,329,3.04,100
3271,CK FIFO SPSC,60,108,137,54,359,2.79,100
3272,CK FIFO SPSC,75,104,142,56,377,2.65,100
3273,CK FIFO SPSC,42,96,102,58,298,3.36,100
3274,CK FIFO SPSC,95,98,122,55,370,2.70,100
3275,CK FIFO SPSC,58,103,93,54,308,3.25,100
3276,CK FIFO SPSC,87,106,118,71,382,2.62,100
3277,CK FIFO SPSC,74,118,136,57,385,2.60,100
3278,CK FIFO SPSC,60,115,113,55,343,2.92,100
3279,CK FIFO SPSC,96,105,120,55,376,2.66,100
3280,CK FIFO SPSC,54,106,119,55,334,2.99,100
3281,CK FIFO SPSC,54,99,105,44,302,3.31,100
3282,CK FIFO SPSC,42,102,127,55,326,3.07,100
3283,CK FIFO SPSC,89,107,99,59,354,2.82,100
3284,CK FIFO SPSC,72,105,112,56,345,2.90,100
3285,CK FIFO SPSC,83,106,124,54,367,2.72,100
3286,CK FIFO SPSC,58,100,130,56,344,2.91,100
3287,CK FIFO SPSC,54,103,125,56,338,2.96,100
3288,CK FIFO SPSC,60,104,83,56,303,3.30,100
3289,CK FIFO SPSC,73,98,119,55,345,2.90,100
3290,CK FIFO SPSC,96,102,152,57,407,2.46,100
3291,CK FIFO SPSC,73,106,98,51,328,3.05,100
3292,CK FIFO SPSC,44,97,101,53,295,3.39,100
3293,CK FIFO SPSC,53,111,134,55,353,2.83,100
3294,CK FIFO SPSC,90,99,103,57,349,2.87,100
3295,CK FIFO SPSC,75,104,115,55,349,2.87,100
3296,CK FIFO SPSC,68,100,100,57,325,3.08,100
3297,CK FIFO SPSC,54,104,140,58,356,2.81,100
3298,CK FIFO SPSC,42,101,102,58,303,3.30,100
3299,CK FIFO SPSC,109,105,105,54,373,2.68,100
3300,CK FIFO SPSC,133,97,121,43,394,2.54,100
3301,CK FIFO SPSC,86,99,122,52,359,2.79,100
3302,CK FIFO SPSC,40,106,112,58,316,3.16,100
3303,CK FIFO SPSC,68,105,112,53,338,2.96,100
3304,CK FIFO SPSC,77,104,118,55,354,2.82,100
3305,CK FIFO SPSC,84,102,110,55,351,2.85,100
3306,CK FIFO SPSC,77,104,143,57,381,2.62,100
3307,CK FIFO SPSC,50,105,132,58,345,2.90,100
3308,CK FIFO SPSC,76,103,110,56,345,2.90,100
3309,CK FIFO SPSC,61,96,107,53,317,3.15,100
3310,CK FIFO SPSC,43,116,116,43,318,3.14,100
3311,CK FIFO SPSC,65,101,118,46,330,3.03,100
3312,CK FIFO SPSC,102,104,117,45,368,2.72,100
3313,CK FIFO SPSC,39,101,117,56,313,3.19,100
3314,CK FIFO SPSC,110,104,98,56,368,2.72,100
3315,CK FIFO SPSC,46,100,110,55,311,3.22,100
3316,CK FIFO SPSC,54,105,114,57,330,3.03,100
3317,CK FIFO SPSC,131,103,102,77,413,2.42,100
3318,CK FIFO SPSC,80,102,118,57,357,2.80,100
3319,CK FIFO SPSC,78,95,108,56,337,2.97,100
3320,CK FIFO SPSC,49,94,95,55,293,3.41,100
3321,CK FIFO SPSC,88,101,127,46,362,2.76,100
3322,CK FIFO SPSC,70,95,115,55,335,2.99,100
3323,CK FIFO SPSC,44,104,106,57,311,3.22,100
3324,CK FIFO SPSC,122,103,87,44,356,2.81,100
3325,CK FIFO SPSC,63,102,102,54,321,3.12,100
3326,CK FIFO SPSC,95,95,122,70,382,2.62,100
3327,CK FIFO SPSC,90,97,102,54,343,2.92,100
3328,CK FIFO SPSC,55,120,95,53,323,3.10,100
3329,CK FIFO SPSC,87,96,122,59,364,2.75,100
3330,CK FIFO SPSC,99,103,107,56,365,2.74,100
3331,CK FIFO SPSC,48,105,121,47,321,3.12,100
3332,CK FIFO SPSC,56,104,97,53,310,3.23,100
3333,CK FIFO SPSC,57,97,101,56,311,3.22,100
3334,CK FIFO SPSC,49,107,87,57,300,3.33,100
3335,CK FIFO SPSC,65,100,86,55,306,3.27,100
3336,CK FIFO SPSC,41,106,95,55,297,3.37,100
3337,CK FIFO SPSC,80,98,109,54,341,2.93,100
3338,CK FIFO SPSC,48,102,121,54,325,3.08,100
3339,CK FIFO SPSC,86,104,93,54,337,2.97,100
3340,CK FIFO SPSC,101,100,98,44,343,2.92,100
3341,CK FIFO SPSC,53,95,83,55,286,3.50,100
3342,CK FIFO SPSC,82,97,122,43,344,2.91,100
3343,CK FIFO SPSC,49,97,118,55,319,3.13,100
3344,CK FIFO SPSC,57,98,113,58,326,3.07,100
3345,CK FIFO SPSC,49,104,122,55,330,3.03,100
3346,CK FIFO SPSC,81,102,125,55,363,2.75,100
3347,CK FIFO SPSC,48,94,139,71,352,2.84,100
3348,CK FIFO SPSC,70,102,130,47,349,2.87,100
3349,CK FIFO SPSC,63,105,116,41,325,3.08,100
3350,CK FIFO SPSC,64,95,119,47,325,3.08,100
3351,CK FIFO SPSC,75,96,106,36,313,3.19,100
3352,CK FIFO SPSC,117,94,110,55,376,2.66,100
3353,CK FIFO SPSC,105,104,117,56,382,2.62,100
3354,CK FIFO SPSC,69,99,123,55,346,2.89,100
3355,CK FIFO SPSC,67,99,129,55,350,2.86,100
3356,CK FIFO SPSC,70,105,130,56,361,2.77,100
3357,CK FIFO SPSC,81,95,133,55,364,2.75,100
3358,CK FIFO SPSC,139,108,124,58,429,2.33,100
3359,CK FIFO SPSC,50,105,102,54,311,3.22,100
3360,CK FIFO SPSC,96,106,110,53,365,2.74,100
3361,CK FIFO SPSC,56,104,95,45,300,3.33,100
3362,CK FIFO SPSC,85,92,106,48,331,3.02,100
3363,CK FIFO SPSC,59,101,142,54,356,2.81,100
3364,CK FIFO SPSC,50,96,123,48,317,3.15,100
3365,CK FIFO SPSC,55,117,109,57,338,2.96,100
3366,CK FIFO SPSC,78,96,110,53,337,2.97,100
3367,CK FIFO SPSC,49,99,141,56,345,2.90,100
3368,CK FIFO SPSC,66,108,130,58,362,2.76,100
3369,CK FIFO SPSC,67,104,117,56,344,2.91,100
3370,CK FIFO SPSC,56,115,130,47,348,2.87,100
3371,CK FIFO SPSC,58,95,121,55,329,3.04,100
3372,CK FIFO SPSC,50,102,115,47,314,3.18,100
3373,CK FIFO SPSC,56,103,90,57,306,3.27,100
3374,CK FIFO SPSC,94,104,135,44,377,2.65,100
3375,CK FIFO SPSC,62,107,121,45,335,2.99,100
3376,CK FIFO SPSC,59,111,132,56,358,2.79,100
3377,CK FIFO SPSC,77,93,124,57,351,2.85,100
3378,CK FIFO SPSC,43,105,86,55,289,3.46,100
3379,CK FIFO SPSC,92,105,116,54,367,2.72,100
3380,CK FIFO SPSC,80,99,128,56,363,2.75,100
3381,CK FIFO SPSC,85,98,136,55,374,2.67,100
3382,CK FIFO SPSC,51,109,103,53,316,3.16,100
3383,CK FIFO SPSC,48,121,135,62,366,2.73,100
3384,CK FIFO SPSC,100,104,115,53,372,2.69,100
3385,CK FIFO SPSC,82,101,102,54,339,2.95,100
3386,CK FIFO SPSC,72,116,114,49,351,2.85,100
3387,CK FIFO SPSC,64,94,135,60,353,2.83,100
3388,CK FIFO SPSC,56,101,92,56,305,3.28,100
3389,CK FIFO SPSC,53,109,126,56,344,2.91,100
3390,CK FIFO SPSC,103,106,109,47,365,2.74,100
3391,CK FIFO SPSC,47,96,126,60,329,3.04,100
3392,CK FIFO SPSC,108,106,115,45,374,2.67,100
3393,CK FIFO SPSC,48,98,104,55,305,3.28,100
3394,CK FIFO SPSC,39,99,126,55,319,3.13,100
3395,CK FIFO SPSC,56,106,112,54,328,3.05,100
3396,CK FIFO SPSC,85,101,121,37,344,2.91,100
3397,CK FIFO SPSC,69,102,157,49,377,2.65,100
3398,CK FIFO SPSC,96,122,156,44,418,2.39,100
3399,CK FIFO SPSC,54,93,146,51,344,2.91,100
3400,CK FIFO SPSC,65,98,116,55,334,2.99,100
3401,CK FIFO SPSC,61,96,149,54,360,2.78,100
3402,CK FIFO SPSC,40,98,93,54,285,3.51,100
3403,CK FIFO SPSC,71,97,131,57,356,2.81,100
3404,CK FIFO SPSC,47,99,100,56,302,3.31,100
3405,CK FIFO SPSC,65,106,112,57,340,2.94,100
3406,CK FIFO SPSC,76,99,137,58,370,2.70,100
3407,CK FIFO SPSC,67,101,100,58,326,3.07,100
3408,CK FIFO SPSC,64,99,109,57,329,3.04,100
3409,CK FIFO SPSC,71,98,103,56,328,3.05,100
3410,CK FIFO SPSC,65,111,86,71,333,3.00,100
3411,CK FIFO SPSC,69,101,106,44,320,3.12,100
3412,CK FIFO SPSC,56,96,131,57,340,2.94,100
3413,CK FIFO SPSC,90,103,150,49,392,2.55,100
3414,CK FIFO SPSC,56,100,102,72,330,3.03,100
3415,CK FIFO SPSC,78,99,97,81,355,2.82,100
3416,CK FIFO SPSC,91,106,131,43,371,2.70,100
3417,CK FIFO SPSC,83,103,120,57,363,2.75,100
3418,CK FIFO SPSC,53,110,123,54,340,2.94,100
3419,CK FIFO SPSC,94,92,123,44,353,2.83,100
3420,CK FIFO SPSC,57,105,153,63,378,2.65,100
3421,CK FIFO SPSC,66,99,124,57,346,2.89,100
3422,CK FIFO SPSC,120,106,80,61,367,2.72,100
3423,CK FIFO SPSC,50,99,92,44,285,3.51,100
3424,CK FIFO SPSC,97,106,110,56,369,2.71,100
3425,CK FIFO SPSC,59,101,103,55,318,3.14,100
3426,CK FIFO SPSC,49,104,125,58,336,2.98,100
3427,CK FIFO SPSC,71,104,89,54,318,3.14,100
3428,CK FIFO SPSC,92,108,119,55,374,2.67,100
3429,CK FIFO SPSC,69,99,121,61,350,2.86,100
3430,CK FIFO SPSC,60,98,132,48,338,2.96,100
3431,CK FIFO SPSC,56,98,126,55,335,2.99,100
3432,CK FIFO SPSC,66,100,114,57,337,2.97,100
3433,CK FIFO SPSC,77,97,122,57,353,2.83,100
3434,CK FIFO SPSC,42,101,112,47,302,3.31,100
3435,CK FIFO SPSC,55,101,86,56,298,3.36,100
3436,CK FIFO SPSC,59,102,123,55,339,2.95,100
3437,CK FIFO SPSC,55,104,127,71,357,2.80,100
3438,CK FIFO SPSC,86,107,103,63,359,2.79,100
3439,CK FIFO SPSC,102,106,112,56,376,2.66,100
3440,CK FIFO SPSC,59,97,126,55,337,2.97,100
3441,CK FIFO SPSC,48,98,106,55,307,3.26,100
3442,CK FIFO SPSC,63,103,136,55,357,2.80,100
3443,CK FIFO SPSC,62,103,118,55,338,2.96,100
3444,CK FIFO SPSC,99,108,107,56,370,2.70,100
3445,CK FIFO SPSC,91,101,108,57,357,2.80,100
3446,CK FIFO SPSC,64,104,117,62,347,2.88,100
3447,CK FIFO SPSC,48,100,119,54,321,3.12,100
3448,CK FIFO SPSC,68,99,126,54,347,2.88,100
3449,CK FIFO SPSC,45,100,109,46,300,3.33,100
3450,CK FIFO SPSC,48,109,123,57,337,2.97,100
3451,CK FIFO SPSC,54,100,127,55,336,2.98,100
3452,CK FIFO SPSC,66,107,88,56,317,3.15,100
3453,CK FIFO SPSC,109,100,145,45,399,2.51,100
3454,CK FIFO SPSC,83,101,102,55,341,2.93,100
3455,CK FIFO SPSC,41,99,116,54,310,3.23,100
3456,CK FIFO SPSC,59,107,107,56,329,3.04,100
3457,CK FIFO SPSC,53,103,101,49,306,3.27,100
3458,CK FIFO SPSC,54,103,95,57,309,3.24,100
3459,CK FIFO SPSC,57,107,109,55,328,3.05,100
3460,CK FIFO SPSC,60,107,87,53,307,3.26,100
3461,CK FIFO SPSC,55,101,119,55,330,3.03,100
3462,CK FIFO SPSC,52,99,103,55,309,3.24,100
3463,CK FIFO SPSC,57,101,109,49,316,3.16,100
3464,CK FIFO SPSC,69,107,144,55,375,2.67,100
3465,CK FIFO SPSC,60,103,110,54,327,3.06,100
3466,CK FIFO SPSC,72,101,119,55,347,2.88,100
3467,CK FIFO SPSC,41,109,104,57,311,3.22,100
3468,CK FIFO SPSC,85,101,126,54,366,2.73,100
3469,CK FIFO SPSC,52,108,124,69,353,2.83,100
3470,CK FIFO SPSC,88,99,141,57,385,2.60,100
3471,CK FIFO SPSC,55,101,131,53,340,2.94,100
3472,CK FIFO SPSC,103,106,138,57,404,2.48,100
3473,CK FIFO SPSC,43,101,143,55,342,2.92,100
3474,CK FIFO SPSC,58,104,122,58,342,2.92,100
3475,CK FIFO SPSC,53,96,106,57,312,3.21,100
3476,CK FIFO SPSC,50,103,145,49,347,2.88,100
3477,CK FIFO SPSC,91,96,107,58,352,2.84,100
3478,CK FIFO SPSC,103,103,140,46,392,2.55,100
3479,CK FIFO SPSC,43,99,91,56,289,3.46,100
3480,CK FIFO SPSC,49,101,109,47,306,3.27,100
3481,CK FIFO SPSC,39,100,94,54,287,3.48,100
3482,CK FIFO SPSC,63,99,124,51,337,2.97,100
3483,CK FIFO SPSC,48,100,112,54,314,3.18,100
3484,CK FIFO SPSC,104,105,128,47,384,2.60,100
3485,CK FIFO SPSC,45,108,95,43,291,3.44,100
3486,CK FIFO SPSC,39,97,101,47,284,3.52,100
3487,CK FIFO SPSC,72,102,110,55,339,2.95,100
3488,CK FIFO SPSC,74,96,101,72,343,2.92,100
3489,CK FIFO SPSC,43,106,87,56,292,3.42,100
3490,CK FIFO SPSC,99,116,95,43,353,2.83,100
3491,CK FIFO SPSC,63,100,94,55,312,3.21,100
3492,CK FIFO SPSC,63,107,104,57,331,3.02,100
3493,CK FIFO SPSC,95,130,96,42,363,2.75,100
3494,CK FIFO SPSC,59,103,104,53,319,3.13,100
3495,CK FIFO SPSC,86,102,110,57,355,2.82,100
3496,CK FIFO SPSC,81,101,119,66,367,2.72,100
3497,CK FIFO SPSC,55,109,96,49,309,3.24,100
3498,CK FIFO SPSC,56,111,144,62,373,2.68,100
3499,CK FIFO SPSC,112,97,85,54,348,2.87,100
3500,CK FIFO SPSC,72,100,119,56,347,2.88,100
3501,CK FIFO SPSC,69,101,127,56,353,2.83,100
3502,CK FIFO SPSC,76,129,104,57,366,2.73,100
3503,CK FIFO SPSC,74,100,127,55,356,2.81,100
3504,CK FIFO SPSC,40,111,121,53,325,3.08,100
3505,CK FIFO SPSC,56,99,120,56,331,3.02,100
3506,CK FIFO SPSC,61,101,113,54,329,3.04,100
3507,CK FIFO SPSC,87,96,119,57,359,2.79,100
3508,CK FIFO SPSC,51,105,119,54,329,3.04,100
3509,CK FIFO SPSC,83,119,105,54,361,2.77,100
3510,CK FIFO SPSC,58,100,81,55,294,3.40,100
3511,CK FIFO SPSC,114,101,95,42,352,2.84,100
3512,CK FIFO SPSC,103,100,120,57,380,2.63,100
3513,CK FIFO SPSC,56,107,106,66,335,2.99,100
3514,CK FIFO SPSC,43,94,115,56,308,3.25,100
3515,CK FIFO SPSC,57,101,101,57,316,3.16,100
3516,CK FIFO SPSC,87,99,108,54,348,2.87,100
3517,CK FIFO SPSC,87,103,108,54,352,2.84,100
3518,CK FIFO SPSC,52,115,108,55,330,3.03,100
3519,CK FIFO SPSC,59,104,112,49,324,3.09,100
3520,CK FIFO SPSC,49,101,87,54,291,3.44,100
3521,CK FIFO SPSC,56,99,103,55,313,3.19,100
3522,CK FIFO SPSC,54,108,129,53,344,2.91,100
3523,CK FIFO SPSC,98,102,132,43,375,2.67,100
3524,CK FIFO SPSC,69,103,116,56,344,2.91,100
3525,CK FIFO SPSC,46,100,98,72,316,3.16,100
3526,CK FIFO SPSC,113,102,94,44,353,2.83,100
3527,CK FIFO SPSC,43,119,118,54,334,2.99,100
3528,CK FIFO SPSC,109,98,140,55,402,2.49,100
3529,CK FIFO SPSC,65,100,118,54,337,2.97,100
3530,CK FIFO SPSC,72,98,160,48,378,2.65,100
3531,CK FIFO SPSC,73,97,109,55,334,2.99,100
3532,CK FIFO SPSC,56,104,105,73,338,2.96,100
3533,CK FIFO SPSC,41,103,125,47,316,3.16,100
3534,CK FIFO SPSC,49,102,133,56,340,2.94,100
3535,CK FIFO SPSC,54,100,107,54,315,3.17,100
3536,CK FIFO SPSC,95,114,97,72,378,2.65,100
3537,CK FIFO SPSC,64,109,94,48,315,3.17,100
3538,CK FIFO SPSC,43,102,124,55,324,3.09,100
3539,CK FIFO SPSC,70,107,106,43,326,3.07,100
3540,CK FIFO SPSC,55,101,129,50,335,2.99,100
3541,CK FIFO SPSC,79,100,126,48,353,2.83,100
3542,CK FIFO SPSC,57,104,131,55,347,2.88,100
3543,CK FIFO SPSC,59,100,99,60,318,3.14,100
3544,CK FIFO SPSC,58,101,121,47,327,3.06,100
3545,CK FIFO SPSC,50,99,105,56,310,3.23,100
3546,CK FIFO SPSC,44,96,106,52,298,3.36,100
3547,CK FIFO SPSC,44,106,101,53,304,3.29,100
3548,CK FIFO SPSC,103,94,90,54,341,2.93,100
3549,CK FIFO SPSC,64,101,155,62,382,2.62,100
3550,CK FIFO SPSC,79,104,108,54,345,2.90,100
3551,CK FIFO SPSC,40,102,127,56,325,3.08,100
3552,CK FIFO SPSC,53,101,96,55,305,3.28,100
3553,CK FIFO SPSC,41,99,92,73,305,3.28,100
3554,CK FIFO SPSC,83,100,95,61,339,2.95,100
3555,CK FIFO SPSC,68,106,89,55,318,3.14,100
3556,CK FIFO SPSC,66,104,111,56,337,2.97,100
3557,CK FIFO SPSC,93,96,113,54,356,2.81,100
3558,CK FIFO SPSC,80,104,98,57,339,2.95,100
3559,CK FIFO SPSC,53,115,114,53,335,2.99,100
3560,CK FIFO SPSC,39,99,104,56,298,3.36,100
3561,CK FIFO SPSC,76,109,110,55,350,2.86,100
3562,CK FIFO SPSC,61,107,76,45,289,3.46,100
3563,CK FIFO SPSC,58,102,72,54,286,3.50,100
3564,CK FIFO SPSC,82,101,115,55,353,2.83,100
3565,CK FIFO SPSC,47,97,126,56,326,3.07,100
3566,CK FIFO SPSC,49,115,90,47,301,3.32,100
3567,CK FIFO SPSC,84,98,130,58,370,2.70,100
3568,CK FIFO SPSC,104,101,149,52,406,2.46,100
3569,CK FIFO SPSC,66,99,103,59,327,3.06,100
3570,CK FIFO SPSC,39,99,116,54,308,3.25,100
3571,CK FIFO SPSC,75,102,92,54,323,3.10,100
3572,CK FIFO SPSC,71,101,105,54,331,3.02,100
3573,CK FIFO SPSC,51,104,86,55,296,3.38,100
3574,CK FIFO SPSC,59,96,115,57,327,3.06,100
3575,CK FIFO SPSC,58,112,106,60,336,2.98,100
3576,CK FIFO SPSC,60,98,69,56,283,3.53,100
3577,CK FIFO SPSC,79,99,94,46,318,3.14,100
3578,CK FIFO SPSC,122,106,130,47,405,2.47,100
3579,CK FIFO SPSC,52,97,109,45,303,3.30,100
3580,CK FIFO SPSC,88,102,126,54,370,2.70,100
3581,CK FIFO SPSC,52,113,109,58,332,3.01,100
3582,CK FIFO SPSC,50,103,112,58,323,3.10,100
3583,CK FIFO SPSC,81,102,100,50,333,3.00,100
3584,CK FIFO SPSC,72,101,138,57,368,2.72,100
3585,CK FIFO SPSC,73,96,124,57,350,2.86,100
3586,CK FIFO SPSC,50,107,106,55,318,3.14,100
3587,CK FIFO SPSC,55,97,169,70,391,2.56,100
3588,CK FIFO SPSC,62,113,81,43,299,3.34,100
3589,CK FIFO SPSC,56,102,115,45,318,3.14,100
3590,CK FIFO SPSC,96,95,129,56,376,2.66,100
3591,CK FIFO SPSC,52,113,100,55,320,3.12,100
3592,CK FIFO SPSC,68,101,137,49,355,2.82,100
3593,CK FIFO SPSC,62,103,126,55,346,2.89,100
3594,CK FIFO SPSC,75,100,111,56,342,2.92,100
3595,CK FIFO SPSC,38,104,105,55,302,3.31,100
3596,CK FIFO SPSC,87,96,118,54,355,2.82,100
3597,CK FIFO SPSC,42,99,116,53,310,3.23,100
3598,CK FIFO SPSC,84,104,115,57,360,2.78,100
3599,CK FIFO SPSC,57,101,110,53,321,3.12,100
3600,CK FIFO SPSC,52,102,107,57,318,3.14,100
3601,CK FIFO SPSC,55,101,123,56,335,2.99,100
3602,CK FIFO SPSC,69,100,142,49,360,2.78,100
3603,CK FIFO SPSC,77,102,86,52,317,3.15,100
3604,CK FIFO SPSC,125,101,103,57,386,2.59,100
3605,CK FIFO SPSC,71,100,111,55,337,2.97,100
3606,CK FIFO SPSC,75,104,120,58,357,2.80,100
3607,CK FIFO SPSC,111,103,92,54,360,2.78,100
3608,CK FIFO SPSC,109,116,103,46,374,2.67,100
3609,CK FIFO SPSC,56,101,118,55,330,3.03,100
3610,CK FIFO SPSC,72,100,128,64,364,2.75,100
3611,CK FIFO SPSC,95,116,104,57,372,2.69,100
3612,CK FIFO SPSC,64,99,111,54,328,3.05,100
3613,CK FIFO SPSC,44,104,111,54,313,3.19,100
3614,CK FIFO SPSC,47,105,132,54,338,2.96,100
3615,CK FIFO SPSC,54,106,105,64,329,3.04,100
3616,CK FIFO SPSC,108,102,94,42,346,2.89,100
3617,CK FIFO SPSC,51,105,130,54,340,2.94,100
3618,CK FIFO SPSC,52,116,139,57,364,2.75,100
3619,CK FIFO SPSC,64,100,93,53,310,3.23,100
3620,CK FIFO SPSC,67,99,92,51,309,3.24,100
3621,CK FIFO SPSC,70,99,136,57,362,2.76,100
3622,CK FIFO SPSC,54,99,97,48,298,3.36,100
3623,CK FIFO SPSC,45,102,105,49,301,3.32,100
3624,CK FIFO SPSC,69,105,148,56,378,2.65,100
3625,CK FIFO SPSC,42,349,108,47,546,1.83,100
3626,CK FIFO SPSC,58,94,114,59,325,3.08,100
3627,CK FIFO SPSC,64,101,103,56,324,3.09,100
3628,CK FIFO SPSC,46,104,108,48,306,3.27,100
3629,CK FIFO SPSC,122,99,102,46,369,2.71,100
3630,CK FIFO SPSC,81,104,86,53,324,3.09,100
3631,CK FIFO SPSC,45,111,164,57,377,2.65,100
3632,CK FIFO SPSC,57,106,114,52,329,3.04,100
3633,CK FIFO SPSC,63,99,98,57,317,3.15,100
3634,CK FIFO SPSC,98,100,124,71,393,2.54,100
3635,CK FIFO SPSC,59,99,113,54,325,3.08,100
3636,CK FIFO SPSC,96,103,93,57,349,2.87,100
3637,CK FIFO SPSC,74,102,126,58,360,2.78,100
3638,CK FIFO SPSC,51,104,99,44,298,3.36,100
3639,CK FIFO SPSC,50,100,104,55,309,3.24,100
3640,CK FIFO SPSC,99,95,133,57,384,2.60,100
3641,CK FIFO SPSC,88,114,103,54,359,2.79,100
3642,CK FIFO SPSC,93,103,91,49,336,2.98,100
3643,CK FIFO SPSC,70,98,92,56,316,3.16,100
3644,CK FIFO SPSC,66,104,106,57,333,3.00,100
3645,CK FIFO SPSC,63,103,117,56,339,2.95,100
3646,CK FIFO SPSC,74,100,117,58,349,2.87,100
3647,CK FIFO SPSC,42,104,121,54,321,3.12,100
3648,CK FIFO SPSC,88,100,108,55,351,2.85,100
3649,CK FIFO SPSC,98,99,146,58,401,2.49,100
3650,CK FIFO SPSC,54,96,111,54,315,3.17,100
3651,CK FIFO SPSC,48,102,124,57,331,3.02,100
3652,CK FIFO SPSC,54,99,111,55,319,3.13,100
3653,CK FIFO SPSC,94,96,127,44,361,2.77,100
3654,CK FIFO SPSC,114,101,103,54,372,2.69,100
3655,CK FIFO SPSC,84,102,108,54,348,2.87,100
3656,CK FIFO SPSC,43,100,167,62,372,2.69,100
3657,CK FIFO SPSC,52,96,111,44,303,3.30,100
3658,CK FIFO SPSC,47,102,93,53,295,3.39,100
3659,CK FIFO SPSC,53,98,85,54,290,3.45,100
3660,CK FIFO SPSC,57,108,123,56,344,2.91,100
3661,CK FIFO SPSC,112,104,128,56,400,2.50,100
3662,CK FIFO SPSC,58,102,135,55,350,2.86,100
3663,CK FIFO SPSC,64,108,107,55,334,2.99,100
3664,CK FIFO SPSC,54,106,109,66,335,2.99,100
3665,CK FIFO SPSC,59,99,118,46,322,3.11,100
3666,CK FIFO SPSC,59,119,118,56,352,2.84,100
3667,CK FIFO SPSC,56,107,95,54,312,3.21,100
3668,CK FIFO SPSC,102,109,136,60,407,2.46,100
3669,CK FIFO SPSC,73,104,100,58,335,2.99,100
3670,CK FIFO SPSC,58,106,93,55,312,3.21,100
3671,CK FIFO SPSC,68,100,172,67,407,2.46,100
3672,CK FIFO SPSC,56,105,144,54,359,2.79,100
3673,CK FIFO SPSC,81,103,87,48,319,3.13,100
3674,CK FIFO SPSC,53,103,120,56,332,3.01,100
3675,CK FIFO SPSC,65,104,114,70,353,2.83,100
3676,CK FIFO SPSC,47,105,99,54,305,3.28,100
3677,CK FIFO SPSC,93,104,112,55,364,2.75,100
3678,CK FIFO SPSC,49,121,163,47,380,2.63,100
3679,CK FIFO SPSC,124,106,118,41,389,2.57,100
3680,CK FIFO SPSC,60,95,121,70,346,2.89,100
3681,CK FIFO SPSC,81,95,140,55,371,2.70,100
3682,CK FIFO SPSC,86,98,119,60,363,2.75,100
3683,CK FIFO SPSC,45,102,100,57,304,3.29,100
3684,CK FIFO SPSC,53,103,139,57,352,2.84,100
3685,CK FIFO SPSC,71,106,150,60,387,2.58,100
3686,CK FIFO SPSC,47,101,134,59,341,2.93,100
3687,CK FIFO SPSC,59,96,140,77,372,2.69,100
3688,CK FIFO SPSC,96,106,100,54,356,2.81,100
3689,CK FIFO SPSC,50,103,131,55,339,2.95,100
3690,CK FIFO SPSC,57,92,89,55,293,3.41,100
3691,CK FIFO SPSC,51,102,113,52,318,3.14,100
3692,CK FIFO SPSC,72,92,123,64,351,2.85,100
3693,CK FIFO SPSC,48,97,180,58,383,2.61,100
3694,CK FIFO SPSC,77,100,163,48,388,2.58,100
3695,CK FIFO SPSC,68,97,91,36,292,3.42,100
3696,CK FIFO SPSC,65,115,121,55,356,2.81,100
3697,CK FIFO SPSC,62,99,141,69,371,2.70,100
3698,CK FIFO SPSC,49,99,111,54,313,3.19,100
3699,CK FIFO SPSC,71,104,116,45,336,2.98,100
3700,CK FIFO SPSC,71,101,105,56,333,3.00,100
3701,CK FIFO SPSC,48,99,101,53,301,3.32,100
3702,CK FIFO SPSC,79,102,130,54,365,2.74,100
3703,CK FIFO SPSC,102,95,97,49,343,2.92,100
3704,CK FIFO SPSC,43,96,131,57,327,3.06,100
3705,CK FIFO SPSC,60,96,129,58,343,2.92,100
3706,CK FIFO SPSC,119,111,154,46,430,2.33,100
3707,CK FIFO SPSC,60,98,106,56,320,3.12,100
3708,CK FIFO SPSC,54,100,121,56,331,3.02,100
3709,CK FIFO SPSC,48,99,128,54,329,3.04,100
3710,CK FIFO SPSC,69,91,113,55,328,3.05,100
3711,CK FIFO SPSC,59,99,114,57,329,3.04,100
3712,CK FIFO SPSC,44,103,117,57,321,3.12,100
3713,CK FIFO SPSC,48,117,103,55,323,3.10,100
3714,CK FIFO SPSC,43,95,100,56,294,3.40,100
3715,CK FIFO SPSC,62,105,94,55,316,3.16,100
3716,CK FIFO SPSC,52,101,84,60,297,3.37,100
3717,CK FIFO SPSC,58,102,98,84,342,2.92,100
3718,CK FIFO SPSC,46,99,114,64,323,3.10,100
3719,CK FIFO SPSC,42,96,97,58,293,3.41,100
3720,CK FIFO SPSC,63,101,128,53,345,2.90,100
3721,CK FIFO SPSC,93,104,129,40,366,2.73,100
3722,CK FIFO SPSC,46,110,134,56,346,2.89,100
3723,CK FIFO SPSC,86,102,96,57,341,2.93,100
3724,CK FIFO SPSC,46,108,116,55,325,3.08,100
3725,CK FIFO SPSC,67,101,120,53,341,2.93,100
3726,CK FIFO SPSC,44,105,122,57,328,3.05,100
3727,CK FIFO SPSC,61,101,118,56,336,2.98,100
3728,CK FIFO SPSC,58,102,95,54,309,3.24,100
3729,CK FIFO SPSC,59,98,116,56,329,3.04,100
3730,CK FIFO SPSC,98,105,108,56,367,2.72,100
3731,CK FIFO SPSC,45,97,112,48,302,3.31,100
3732,CK FIFO SPSC,66,96,130,56,348,2.87,100
3733,CK FIFO SPSC,67,102,119,56,344,2.91,100
3734,CK FIFO SPSC,96,107,129,45,377,2.65,100
3735,CK FIFO SPSC,128,95,100,53,376,2.66,100
3736,CK FIFO SPSC,49,95,106,46,296,3.38,100
3737,CK FIFO SPSC,61,98,118,55,332,3.01,100
3738,CK FIFO SPSC,69,100,138,55,362,2.76,100
3739,CK FIFO SPSC,106,99,108,57,370,2.70,100
3740,CK FIFO SPSC,50,118,116,56,340,2.94,100
3741,CK FIFO SPSC,51,97,116,52,316,3.16,100
3742,CK FIFO SPSC,60,97,89,54,300,3.33,100
3743,CK FIFO SPSC,39,99,105,53,296,3.38,100
3744,CK FIFO SPSC,136,112,119,57,424,2.36,100
3745,CK FIFO SPSC,90,100,111,46,347,2.88,100
3746,CK FIFO SPSC,55,101,84,53,293,3.41,100
3747,CK FIFO SPSC,73,105,89,55,322,3.11,100
3748,CK FIFO SPSC,92,96,99,56,343,2.92,100
3749,CK FIFO SPSC,49,96,104,53,302,3.31,100
3750,CK FIFO SPSC,69,98,116,56,339,2.95,100
3751,CK FIFO SPSC,75,100,109,55,339,2.95,100
3752,CK FIFO SPSC,59,105,130,55,349,2.87,100
3753,CK FIFO SPSC,46,100,124,61,331,3.02,100
3754,CK FIFO SPSC,64,102,128,55,349,2.87,100
3755,CK FIFO SPSC,74,93,120,55,342,2.92,100
3756,CK FIFO SPSC,53,107,127,55,342,2.92,100
3757,CK FIFO SPSC,63,103,137,48,351,2.85,100
3758,CK FIFO SPSC,55,104,88,54,301,3.32,100
3759,CK FIFO SPSC,53,102,130,56,341,2.93,100
3760,CK FIFO SPSC,64,101,89,43,297,3.37,100
3761,CK FIFO SPSC,87,98,122,57,364,2.75,100
3762,CK FIFO SPSC,49,96,91,54,290,3.45,100
3763,CK FIFO SPSC,59,101,109,54,323,3.10,100
3764,CK FIFO SPSC,108,97,107,60,372,2.69,100
3765,CK FIFO SPSC,100,98,154,55,407,2.46,100
3766,CK FIFO SPSC,63,100,134,55,352,2.84,100
3767,CK FIFO SPSC,63,108,121,53,345,2.90,100
3768,CK FIFO SPSC,84,98,123,55,360,2.78,100
3769,CK FIFO SPSC,80,104,128,56,368,2.72,100
3770,CK FIFO SPSC,73,99,104,56,332,3.01,100
3771,CK FIFO SPSC,52,106,121,53,332,3.01,100
3772,CK FIFO SPSC,96,102,136,55,389,2.57,100
3773,CK FIFO SPSC,60,98,104,57,319,3.13,100
3774,CK FIFO SPSC,80,98,109,56,343,2.92,100
3775,CK FIFO SPSC,49,105,108,56,318,3.14,100
3776,CK FIFO SPSC,43,98,111,56,308,3.25,100
3777,CK FIFO SPSC,62,97,131,56,346,2.89,100
3778,CK FIFO SPSC,68,95,107,56,326,3.07,100
3779,CK FIFO SPSC,62,102,99,80,343,2.92,100
3780,CK FIFO SPSC,55,95,103,79,332,3.01,100
3781,CK FIFO SPSC,60,121,113,53,347,2.88,100
3782,CK FIFO SPSC,76,97,136,71,380,2.63,100
3783,CK FIFO SPSC,96,100,94,58,348,2.87,100
3784,CK FIFO SPSC,86,107,114,36,343,2.92,100
3785,CK FIFO SPSC,57,102,101,55,315,3.17,100
3786,CK FIFO SPSC,54,112,106,56,328,3.05,100
3787,CK FIFO SPSC,52,95,114,54,315,3.17,100
3788,CK FIFO SPSC,99,97,98,55,349,2.87,100
3789,CK FIFO SPSC,82,97,108,56,343,2.92,100
3790,CK FIFO SPSC,50,109,89,56,304,3.29,100
3791,CK FIFO SPSC,93,101,100,52,346,2.89,100
3792,CK FIFO SPSC,47,98,132,68,345,2.90,100
3793,CK FIFO SPSC,43,103,119,54,319,3.13,100
3794,CK FIFO SPSC,82,115,110,73,380,2.63,100
3795,CK FIFO SPSC,43,101,133,59,336,2.98,100
3796,CK FIFO SPSC,87,105,124,47,363,2.75,100
3797,CK FIFO SPSC,102,99,119,55,375,2.67,100
3798,CK FIFO SPSC,66,115,127,54,362,2.76,100
3799,CK FIFO SPSC,43,112,87,45,287,3.48,100
3800,CK FIFO SPSC,47,102,112,56,317,3.15,100
3801,CK FIFO SPSC,53,106,120,68,347,2.88,100
3802,CK FIFO SPSC,55,104,94,54,307,3.26,100
3803,CK FIFO SPSC,61,99,114,54,328,3.05,100
3804,CK FIFO SPSC,37,102,114,54,307,3.26,100
3805,CK FIFO SPSC,72,101,91,55,319,3.13,100
3806,CK FIFO SPSC,68,103,96,56,323,3.10,100
3807,CK FIFO SPSC,48,102,146,51,347,2.88,100
3808,CK FIFO SPSC,78,109,98,55,340,2.94,100
3809,CK FIFO SPSC,74,101,127,57,359,2.79,100
3810,CK FIFO SPSC,89,101,143,49,382,2.62,100
3811,CK FIFO SPSC,59,102,138,55,354,2.82,100
3812,CK FIFO SPSC,68,100,113,54,335,2.99,100
3813,CK FIFO SPSC,49,100,92,55,296,3.38,100
3814,CK FIFO SPSC,46,107,123,55,331,3.02,100
3815,CK FIFO SPSC,69,109,96,60,334,2.99,100
3816,CK FIFO SPSC,59,104,108,53,324,3.09,100
3817,CK FIFO SPSC,62,100,105,55,322,3.11,100
3818,CK FIFO SPSC,46,96,110,56,308,3.25,100
3819,CK FIFO SPSC,43,97,118,55,313,3.19,100
3820,CK FIFO SPSC,57,100,97,54,308,3.25,100
3821,CK FIFO SPSC,61,101,97,54,313,3.19,100
3822,CK FIFO SPSC,99,101,144,45,389,2.57,100
3823,CK FIFO SPSC,62,114,154,62,392,2.55,100
3824,CK FIFO SPSC,66,108,119,48,341,2.93,100
3825,CK FIFO SPSC,61,98,120,45,324,3.09,100
3826,CK FIFO SPSC,65,104,124,56,349,2.87,100
3827,CK FIFO SPSC,119,98,95,44,356,2.81,100
3828,CK FIFO SPSC,60,350,123,61,594,1.68,100
3829,CK FIFO SPSC,68,101,138,44,351,2.85,100
3830,CK FIFO SPSC,62,100,136,58,356,2.81,100
3831,CK FIFO SPSC,65,102,113,53,333,3.00,100
3832,CK FIFO SPSC,89,99,120,56,364,2.75,100
3833,CK FIFO SPSC,54,96,108,55,313,3.19,100
3834,CK FIFO SPSC,45,104,132,57,338,2.96,100
3835,CK FIFO SPSC,75,101,140,54,370,2.70,100
3836,CK FIFO SPSC,77,99,103,57,336,2.98,100
3837,CK FIFO SPSC,57,102,106,54,319,3.13,100
3838,CK FIFO SPSC,84,102,112,53,351,2.85,100
3839,CK FIFO SPSC,76,117,108,55,356,2.81,100
3840,CK FIFO SPSC,50,94,96,55,295,3.39,100
3841,CK FIFO SPSC,72,102,113,58,345,2.90,100
3842,CK FIFO SPSC,105,99,101,54,359,2.79,100
3843,CK FIFO SPSC,103,96,93,56,348,2.87,100
3844,CK FIFO SPSC,112,96,90,55,353,2.83,100
3845,CK FIFO SPSC,38,99,134,55,326,3.07,100
3846,CK FIFO SPSC,73,102,113,54,342,2.92,100
3847,CK FIFO SPSC,98,98,132,46,374,2.67,100
3848,CK FIFO SPSC,85,99,133,48,365,2.74,100
3849,CK FIFO SPSC,111,123,106,62,402,2.49,100
3850,CK FIFO SPSC,66,99,102,55,322,3.11,100
3851,CK FIFO SPSC,101,113,140,59,413,2.42,100
3852,CK FIFO SPSC,77,105,84,54,320,3.12,100
3853,CK FIFO SPSC,76,110,127,46,359,2.79,100
3854,CK FIFO SPSC,67,101,114,57,339,2.95,100
3855,CK FIFO SPSC,46,107,110,53,316,3.16,100
3856,CK FIFO SPSC,51,103,147,69,370,2.70,100
3857,CK FIFO SPSC,84,104,108,54,350,2.86,100
3858,CK FIFO SPSC,92,104,108,57,361,2.77,100
3859,CK FIFO SPSC,90,100,116,71,377,2.65,100
3860,CK FIFO SPSC,49,104,158,59,370,2.70,100
3861,CK FIFO SPSC,98,101,99,55,353,2.83,100
3862,CK FIFO SPSC,76,100,126,46,348,2.87,100
3863,CK FIFO SPSC,76,102,120,54,352,2.84,100
3864,CK FIFO SPSC,53,98,135,49,335,2.99,100
3865,CK FIFO SPSC,98,103,143,54,398,2.51,100
3866,CK FIFO SPSC,57,104,101,53,315,3.17,100
3867,CK FIFO SPSC,68,95,115,53,331,3.02,100
3868,CK FIFO SPSC,71,109,103,55,338,2.96,100
3869,CK FIFO SPSC,49,103,106,56,314,3.18,100
3870,CK FIFO SPSC,50,91,122,55,318,3.14,100
3871,CK FIFO SPSC,48,103,93,55,299,3.34,100
3872,CK FIFO SPSC,78,100,140,60,378,2.65,100
3873,CK FIFO SPSC,109,94,97,47,347,2.88,100
3874,CK FIFO SPSC,87,104,127,56,374,2.67,100
3875,CK FIFO SPSC,104,102,118,53,377,2.65,100
3876,CK FIFO SPSC,59,105,99,57,320,3.12,100
3877,CK FIFO SPSC,41,104,93,59,297,3.37,100
3878,CK FIFO SPSC,63,98,90,47,298,3.36,100
3879,CK FIFO SPSC,107,97,136,55,395,2.53,100
3880,CK FIFO SPSC,41,100,112,56,309,3.24,100
3881,CK FIFO SPSC,53,105,114,54,326,3.07,100
3882,CK FIFO SPSC,59,99,109,56,323,3.10,100
3883,CK FIFO SPSC,110,104,90,57,361,2.77,100
3884,CK FIFO SPSC,44,114,96,58,312,3.21,100
3885,CK FIFO SPSC,83,106,93,47,329,3.04,100
3886,CK FIFO SPSC,54,99,91,55,299,3.34,100
3887,CK FIFO SPSC,72,95,117,56,340,2.94,100
3888,CK FIFO SPSC,65,99,86,56,306,3.27,100
3889,CK FIFO SPSC,39,95,108,49,291,3.44,100
3890,CK FIFO SPSC,94,113,132,56,395,2.53,100
3891,CK FIFO SPSC,113,107,119,54,393,2.54,100
3892,CK FIFO SPSC,45,101,107,57,310,3.23,100
3893,CK FIFO SPSC,54,91,106,55,306,3.27,100
3894,CK FIFO SPSC,63,105,90,56,314,3.18,100
3895,CK FIFO SPSC,54,107,118,56,335,2.99,100
3896,CK FIFO SPSC,69,94,111,61,335,2.99,100
3897,CK FIFO SPSC,56,106,121,54,337,2.97,100
3898,CK FIFO SPSC,94,103,124,56,377,2.65,100
3899,CK FIFO SPSC,58,100,135,58,351,2.85,100
3900,CK FIFO SPSC,80,101,107,59,347,2.88,100
3901,CK FIFO SPSC,49,99,116,57,321,3.12,100
3902,CK FIFO SPSC,56,96,136,54,342,2.92,100
3903,CK FIFO SPSC,45,106,127,46,324,3.09,100
3904,CK FIFO SPSC,55,103,88,56,302,3.31,100
3905,CK FIFO SPSC,121,120,90,45,376,2.66,100
3906,CK FIFO SPSC,55,105,115,56,331,3.02,100
3907,CK FIFO SPSC,44,100,120,53,317,3.15,100
3908,CK FIFO SPSC,50,111,87,59,307,3.26,100
3909,CK FIFO SPSC,54,99,140,60,353,2.83,100
3910,CK FIFO SPSC,61,105,134,50,350,2.86,100
3911,CK FIFO SPSC,41,98,105,54,298,3.36,100
3912,CK FIFO SPSC,124,98,110,54,386,2.59,100
3913,CK FIFO SPSC,56,97,109,58,320,3.12,100
3914,CK FIFO SPSC,67,99,117,56,339,2.95,100
3915,CK FIFO SPSC,65,98,102,55,320,3.12,100
3916,CK FIFO SPSC,62,101,120,56,339,2.95,100
3917,CK FIFO SPSC,52,96,125,46,319,3.13,100
3918,CK FIFO SPSC,74,105,126,55,360,2.78,100
3919,CK FIFO SPSC,76,115,89,58,338,2.96,100
3920,CK FIFO SPSC,57,106,175,56,394,2.54,100
3921,CK FIFO SPSC,45,103,101,57,306,3.27,100
3922,CK FIFO SPSC,82,112,110,88,392,2.55,100
3923,CK FIFO SPSC,114,108,126,55,403,2.48,100
3924,CK FIFO SPSC,47,97,106,53,303,3.30,100
3925,CK FIFO SPSC,57,104,140,55,356,2.81,100
3926,CK FIFO SPSC,125,99,137,55,416,2.40,100
3927,CK FIFO SPSC,49,96,92,56,293,3.41,100
3928,CK FIFO SPSC,73,103,98,55,329,3.04,100
3929,CK FIFO SPSC,97,104,84,57,342,2.92,100
3930,CK FIFO SPSC,66,100,103,57,326,3.07,100
3931,CK FIFO SPSC,87,102,119,56,364,2.75,100
3932,CK FIFO SPSC,82,113,113,56,364,2.75,100
3933,CK FIFO SPSC,50,117,85,53,305,3.28,100
3934,CK FIFO SPSC,50,107,130,53,340,2.94,100
3935,CK FIFO SPSC,80,95,121,56,352,2.84,100
3936,CK FIFO SPSC,56,99,123,55,333,3.00,100
3937,CK FIFO SPSC,71,102,131,57,361,2.77,100
3938,CK FIFO SPSC,41,100,107,56,304,3.29,100
3939,CK FIFO SPSC,53,105,94,69,321,3.12,100
3940,CK FIFO SPSC,66,96,104,49,315,3.17,100
3941,CK FIFO SPSC,95,97,134,58,384,2.60,100
3942,CK FIFO SPSC,91,105,81,52,329,3.04,100
3943,CK FIFO SPSC,70,102,104,63,339,2.95,100
3944,CK FIFO SPSC,102,103,119,56,380,2.63,100
3945,CK FIFO SPSC,50,98,118,57,323,3.10,100
3946,CK FIFO SPSC,109,106,98,56,369,2.71,100
3947,CK FIFO SPSC,37,101,107,48,293,3.41,100
3948,CK FIFO SPSC,44,100,95,54,293,3.41,100
3949,CK FIFO SPSC,71,107,116,57,351,2.85,100
3950,CK FIFO SPSC,55,112,128,58,353,2.83,100
3951,CK FIFO SPSC,66,95,99,47,307,3.26,100
3952,CK FIFO SPSC,64,104,126,56,350,2.86,100
3953,CK FIFO SPSC,39,99,106,56,300,3.33,100
3954,CK FIFO SPSC,140,102,117,58,417,2.40,100
3955,CK FIFO SPSC,55,97,109,56,317,3.15,100
3956,CK FIFO SPSC,77,106,90,55,328,3.05,100
3957,CK FIFO SPSC,64,101,118,47,330,3.03,100
3958,CK FIFO SPSC,80,105,135,57,377,2.65,100
3959,CK FIFO SPSC,62,99,129,54,344,2.91,100
3960,CK FIFO SPSC,46,102,127,55,330,3.03,100
3961,CK FIFO SPSC,43,99,102,63,307,3.26,100
3962,CK FIFO SPSC,80,95,126,57,358,2.79,100
3963,CK FIFO SPSC,49,121,135,56,361,2.77,100
3964,CK FIFO SPSC,69,101,106,54,330,3.03,100
3965,CK FIFO SPSC,47,105,143,57,352,2.84,100
3966,CK FIFO SPSC,58,100,126,55,339,2.95,100
3967,CK FIFO SPSC,48,102,120,56,326,3.07,100
3968,CK FIFO SPSC,50,101,101,57,309,3.24,100
3969,CK FIFO SPSC,52,108,104,45,309,3.24,100
3970,CK FIFO SPSC,57,108,97,57,319,3.13,100
3971,CK FIFO SPSC,124,128,119,56,427,2.34,100
3972,CK FIFO SPSC,47,2401,104,54,2606,0.38,100
3973,CK FIFO SPSC,66,103,137,57,363,2.75,100
3974,CK FIFO SPSC,51,112,84,54,301,3.32,100
3975,CK FIFO SPSC,64,103,90,57,314,3.18,100
3976,CK FIFO SPSC,65,100,109,59,333,3.00,100
3977,CK FIFO SPSC,57,100,118,55,330,3.03,100
3978,CK FIFO SPSC,57,107,113,59,336,2.98,100
3979,CK FIFO SPSC,61,105,119,56,341,2.93,100
3980,CK FIFO SPSC,54,103,155,54,366,2.73,100
3981,CK FIFO SPSC,41,124,94,55,314,3.18,100
3982,CK FIFO SPSC,55,105,96,57,313,3.19,100
3983,CK FIFO SPSC,83,102,98,43,326,3.07,100
3984,CK FIFO SPSC,79,98,122,49,348,2.87,100
3985,CK FIFO SPSC,64,112,119,56,351,2.85,100
3986,CK FIFO SPSC,88,102,124,76,390,2.56,100
3987,CK FIFO SPSC,40,102,94,54,290,3.45,100
3988,CK FIFO SPSC,42,96,112,56,306,3.27,100
3989,CK FIFO SPSC,76,103,125,56,360,2.78,100
3990,CK FIFO SPSC,92,106,108,48,354,2.82,100
3991,CK FIFO SPSC,80,106,109,54,349,2.87,100
3992,CK FIFO SPSC,75,104,117,58,354,2.82,100
3993,CK FIFO SPSC,95,105,141,43,384,2.60,100
3994,CK FIFO SPSC,58,93,108,54,313,3.19,100
3995,CK FIFO SPSC,49,98,116,56,319,3.13,100
3996,CK FIFO SPSC,65,107,127,47,346,2.89,100
3997,CK FIFO SPSC,57,99,131,55,342,2.92,100
3998,CK FIFO SPSC,54,101,90,68,313,3.19,100
3999,CK FIFO SPSC,56,98,105,47,306,3.27,100
4000,CK FIFO SPSC,57,95,138,60,350,2.86,100
4001,CK Ring SPSC,78,113,73,56,320,3.12,100
4002,CK Ring SPSC,80,114,74,51,319,3.13,100
4003,CK Ring SPSC,86,107,62,63,318,3.14,100
4004,CK Ring SPSC,77,109,81,56,323,3.10,100
4005,CK Ring SPSC,77,109,70,39,295,3.39,100
4006,CK Ring SPSC,83,108,69,49,309,3.24,100
4007,CK Ring SPSC,93,121,125,54,393,2.54,100
4008,CK Ring SPSC,100,115,84,75,374,2.67,100
4009,CK Ring SPSC,73,112,78,51,314,3.18,100
4010,CK Ring SPSC,81,115,84,55,335,2.99,100
4011,CK Ring SPSC,77,112,110,44,343,2.92,100
4012,CK Ring SPSC,70,104,83,51,308,3.25,100
4013,CK Ring SPSC,90,110,68,51,319,3.13,100
4014,CK Ring SPSC,77,113,74,91,355,2.82,100
4015,CK Ring SPSC,94,112,80,54,340,2.94,100
4016,CK Ring SPSC,82,129,90,46,347,2.88,100
4017,CK Ring SPSC,76,104,75,57,312,3.21,100
4018,CK Ring SPSC,78,109,72,50,309,3.24,100
4019,CK Ring SPSC,80,114,61,68,323,3.10,100
4020,CK Ring SPSC,82,108,70,58,318,3.14,100
4021,CK Ring SPSC,77,111,67,54,309,3.24,100
4022,CK Ring SPSC,82,106,76,54,318,3.14,100
4023,CK Ring SPSC,74,113,82,48,317,3.15,100
4024,CK Ring SPSC,77,107,82,50,316,3.16,100
4025,CK Ring SPSC,87,110,83,53,333,3.00,100
4026,CK Ring SPSC,76,115,78,52,321,3.12,100
4027,CK Ring SPSC,79,111,70,57,317,3.15,100
4028,CK Ring SPSC,81,118,75,52,326,3.07,100
4029,CK Ring SPSC,82,128,76,54,340,2.94,100
4030,CK Ring SPSC,77,117,69,47,310,3.23,100
4031,CK Ring SPSC,97,109,76,56,338,2.96,100
4032,CK Ring SPSC,108,117,91,70,386,2.59,100
4033,CK Ring SPSC,79,110,75,55,319,3.13,100
4034,CK Ring SPSC,75,114,83,55,327,3.06,100
4035,CK Ring SPSC,78,113,72,60,323,3.10,100
4036,CK Ring SPSC,91,111,77,56,335,2.99,100
4037,CK Ring SPSC,75,114,67,45,301,3.32,100
4038,CK Ring SPSC,76,112,81,53,322,3.11,100
4039,CK Ring SPSC,74,104,74,58,310,3.23,100
4040,CK Ring SPSC,126,111,90,56,383,2.61,100
4041,CK Ring SPSC,81,126,88,57,352,2.84,100
4042,CK Ring SPSC,87,118,75,52,332,3.01,100
4043,CK Ring SPSC,73,114,68,46,301,3.32,100
4044,CK Ring SPSC,131,110,92,56,389,2.57,100
4045,CK Ring SPSC,92,111,84,77,364,2.75,100
4046,CK Ring SPSC,78,109,78,43,308,3.25,100
4047,CK Ring SPSC,95,112,67,55,329,3.04,100
4048,CK Ring SPSC,77,114,85,55,331,3.02,100
4049,CK Ring SPSC,77,122,84,52,335,2.99,100
4050,CK Ring SPSC,65,114,78,56,313,3.19,100
4051,CK Ring SPSC,76,115,84,56,331,3.02,100
4052,CK Ring SPSC,82,137,96,58,373,2.68,100
4053,CK Ring SPSC,139,107,63,54,363,2.75,100
4054,CK Ring SPSC,98,146,92,62,398,2.51,100
4055,CK Ring SPSC,80,114,79,55,328,3.05,100
4056,CK Ring SPSC,79,114,75,53,321,3.12,100
4057,CK Ring SPSC,74,115,80,56,325,3.08,100
4058,CK Ring SPSC,72,114,86,58,330,3.03,100
4059,CK Ring SPSC,108,114,78,56,356,2.81,100
4060,CK Ring SPSC,82,118,86,51,337,2.97,100
4061,CK Ring SPSC,78,114,78,50,320,3.12,100
4062,CK Ring SPSC,90,114,79,70,353,2.83,100
4063,CK Ring SPSC,82,113,75,56,326,3.07,100
4064,CK Ring SPSC,70,109,71,55,305,3.28,100
4065,CK Ring SPSC,80,108,70,55,313,3.19,100
4066,CK Ring SPSC,72,106,73,47,298,3.36,100
4067,CK Ring SPSC,76,117,78,53,324,3.09,100
4068,CK Ring SPSC,81,111,84,50,326,3.07,100
4069,CK Ring SPSC,86,111,62,56,315,3.17,100
4070,CK Ring SPSC,103,112,122,55,392,2.55,100
4071,CK Ring SPSC,87,107,82,77,353,2.83,100
4072,CK Ring SPSC,80,129,67,55,331,3.02,100
4073,CK Ring SPSC,80,112,92,50,334,2.99,100
4074,CK Ring SPSC,79,114,72,47,312,3.21,100
4075,CK Ring SPSC,80,110,76,58,324,3.09,100
4076,CK Ring SPSC,78,111,63,44,296,3.38,100
4077,CK Ring SPSC,74,109,69,56,308,3.25,100
4078,CK Ring SPSC,88,118,78,54,338,2.96,100
4079,CK Ring SPSC,78,118,97,55,348,2.87,100
4080,CK Ring SPSC,76,104,64,55,299,3.34,100
4081,CK Ring SPSC,95,106,74,51,326,3.07,100
4082,CK Ring SPSC,75,120,112,55,362,2.76,100
4083,CK Ring SPSC,85,115,79,52,331,3.02,100
4084,CK Ring SPSC,79,107,63,43,292,3.42,100
4085,CK Ring SPSC,99,125,101,42,367,2.72,100
4086,CK Ring SPSC,87,125,75,53,340,2.94,100
4087,CK Ring SPSC,70,112,63,43,288,3.47,100
4088,CK Ring SPSC,75,113,122,53,363,2.75,100
4089,CK Ring SPSC,62,113,73,73,321,3.12,100
4090,CK Ring SPSC,129,115,81,43,368,2.72,100
4091,CK Ring SPSC,75,112,71,54,312,3.21,100
4092,CK Ring SPSC,107,113,70,77,367,2.72,100
4093,CK Ring SPSC,151,119,72,56,398,2.51,100
4094,CK Ring SPSC,76,111,71,65,323,3.10,100
4095,CK Ring SPSC,77,114,82,43,316,3.16,100
4096,CK Ring SPSC,151,135,82,56,424,2.36,100
4097,CK Ring SPSC,89,108,78,64,339,2.95,100
4098,CK Ring SPSC,77,110,98,53,338,2.96,100
4099,CK Ring SPSC,114,114,89,50,367,2.72,100
4100,CK Ring SPSC,66,108,95,43,312,3.21,100
4101,CK Ring SPSC,83,121,94,48,346,2.89,100
4102,CK Ring SPSC,85,108,72,47,312,3.21,100
4103,CK Ring SPSC,71,113,75,56,315,3.17,100
4104,CK Ring SPSC,64,108,86,56,314,3.18,100
4105,CK Ring SPSC,137,115,69,71,392,2.55,100
4106,CK Ring SPSC,76,112,73,57,318,3.14,100
4107,CK Ring SPSC,77,111,70,48,306,3.27,100
4108,CK Ring SPSC,76,110,75,50,311,3.22,100
4109,CK Ring SPSC,97,107,64,53,321,3.12,100
4110,CK Ring SPSC,85,112,76,42,315,3.17,100
4111,CK Ring SPSC,87,107,73,46,313,3.19,100
4112,CK Ring SPSC,119,115,67,53,354,2.82,100
4113,CK Ring SPSC,75,109,91,45,320,3.12,100
4114,CK Ring SPSC,78,114,79,50,321,3.12,100
4115,CK Ring SPSC,89,122,70,73,354,2.82,100
4116,CK Ring SPSC,87,114,81,52,334,2.99,100
4117,CK Ring SPSC,73,114,65,45,297,3.37,100
4118,CK Ring SPSC,85,124,93,57,359,2.79,100
4119,CK Ring SPSC,76,126,102,54,358,2.79,100
4120,CK Ring SPSC,60,116,79,55,310,3.23,100
4121,CK Ring SPSC,97,115,79,55,346,2.89,100
4122,CK Ring SPSC,81,128,88,54,351,2.85,100
4123,CK Ring SPSC,79,110,74,54,317,3.15,100
4124,CK Ring SPSC,76,122,71,53,322,3.11,100
4125,CK Ring SPSC,69,105,70,58,302,3.31,100
4126,CK Ring SPSC,133,113,67,73,386,2.59,100
4127,CK Ring SPSC,81,115,65,42,303,3.30,100
4128,CK Ring SPSC,76,114,67,55,312,3.21,100
4129,CK Ring SPSC,84,114,85,74,357,2.80,100
4130,CK Ring SPSC,81,116,83,51,331,3.02,100
4131,CK Ring SPSC,106,112,88,52,358,2.79,100
4132,CK Ring SPSC,97,113,82,51,343,2.92,100
4133,CK Ring SPSC,75,109,67,57,308,3.25,100
4134,CK Ring SPSC,77,117,72,57,323,3.10,100
4135,CK Ring SPSC,75,108,74,56,313,3.19,100
4136,CK Ring SPSC,78,115,73,56,322,3.11,100
4137,CK Ring SPSC,77,113,84,52,326,3.07,100
4138,CK Ring SPSC,77,109,86,52,324,3.09,100
4139,CK Ring SPSC,77,115,67,54,313,3.19,100
4140,CK Ring SPSC,76,107,76,49,308,3.25,100
4141,CK Ring SPSC,89,116,95,58,358,2.79,100
4142,CK Ring SPSC,83,111,75,58,327,3.06,100
4143,CK Ring SPSC,77,119,74,53,323,3.10,100
4144,CK Ring SPSC,77,122,75,43,317,3.15,100
4145,CK Ring SPSC,110,118,74,58,360,2.78,100
4146,CK Ring SPSC,78,115,87,52,332,3.01,100
4147,CK Ring SPSC,91,114,72,71,348,2.87,100
4148,CK Ring SPSC,81,125,74,57,337,2.97,100
4149,CK Ring SPSC,123,112,78,71,384,2.60,100
4150,CK Ring SPSC,94,127,83,55,359,2.79,100
4151,CK Ring SPSC,73,113,99,55,340,2.94,100
4152,CK Ring SPSC,74,108,62,66,310,3.23,100
4153,CK Ring SPSC,146,109,74,56,385,2.60,100
4154,CK Ring SPSC,93,120,82,61,356,2.81,100
4155,CK Ring SPSC,183,115,83,73,454,2.20,100
4156,CK Ring SPSC,66,111,75,43,295,3.39,100
4157,CK Ring SPSC,75,113,81,50,319,3.13,100
4158,CK Ring SPSC,99,113,106,51,369,2.71,100
4159,CK Ring SPSC,91,114,86,80,371,2.70,100
4160,CK Ring SPSC,142,120,101,50,413,2.42,100
4161,CK Ring SPSC,83,111,83,54,331,3.02,100
4162,CK Ring SPSC,82,125,78,55,340,2.94,100
4163,CK Ring SPSC,83,109,80,56,328,3.05,100
4164,CK Ring SPSC,70,105,83,56,314,3.18,100
4165,CK Ring SPSC,78,110,68,46,302,3.31,100
4166,CK Ring SPSC,74,117,77,46,314,3.18,100
4167,CK Ring SPSC,94,121,86,38,339,2.95,100
4168,CK Ring SPSC,78,608,80,43,809,1.24,100
4169,CK Ring SPSC,74,110,86,56,326,3.07,100
4170,CK Ring SPSC,91,109,87,53,340,2.94,100
4171,CK Ring SPSC,123,113,83,53,372,2.69,100
4172,CK Ring SPSC,79,112,89,49,329,3.04,100
4173,CK Ring SPSC,91,111,73,56,331,3.02,100
4174,CK Ring SPSC,83,109,76,57,325,3.08,100
4175,CK Ring SPSC,75,118,82,49,324,3.09,100
4176,CK Ring SPSC,73,111,82,55,321,3.12,100
4177,CK Ring SPSC,81,123,99,61,364,2.75,100
4178,CK Ring SPSC,73,104,67,55,299,3.34,100
4179,CK Ring SPSC,80,118,77,52,327,3.06,100
4180,CK Ring SPSC,55,105,77,49,286,3.50,100
4181,CK Ring SPSC,76,110,74,52,312,3.21,100
4182,CK Ring SPSC,78,114,83,56,331,3.02,100
4183,CK Ring SPSC,76,106,82,53,317,3.15,100
4184,CK Ring SPSC,77,122,68,55,322,3.11,100
4185,CK Ring SPSC,76,109,80,70,335,2.99,100
4186,CK Ring SPSC,77,116,78,83,354,2.82,100
4187,CK Ring SPSC,148,108,76,71,403,2.48,100
4188,CK Ring SPSC,82,126,95,67,370,2.70,100
4189,CK Ring SPSC,76,114,74,49,313,3.19,100
4190,CK Ring SPSC,77,109,89,54,329,3.04,100
4191,CK Ring SPSC,136,113,86,68,403,2.48,100
4192,CK Ring SPSC,68,111,70,57,306,3.27,100
4193,CK Ring SPSC,81,113,105,55,354,2.82,100
4194,CK Ring SPSC,71,110,65,49,295,3.39,100
4195,CK Ring SPSC,86,106,68,61,321,3.12,100
4196,CK Ring SPSC,78,108,75,39,300,3.33,100
4197,CK Ring SPSC,67,111,77,45,300,3.33,100
4198,CK Ring SPSC,77,115,93,55,340,2.94,100
4199,CK Ring SPSC,81,115,87,58,341,2.93,100
4200,CK Ring SPSC,108,111,71,71,361,2.77,100
4201,CK Ring SPSC,83,109,73,53,318,3.14,100
4202,CK Ring SPSC,68,111,80,55,314,3.18,100
4203,CK Ring SPSC,78,111,72,51,312,3.21,100
4204,CK Ring SPSC,76,109,79,76,340,2.94,100
4205,CK Ring SPSC,92,118,73,79,362,2.76,100
4206,CK Ring SPSC,77,111,77,57,322,3.11,100
4207,CK Ring SPSC,77,111,85,55,328,3.05,100
4208,CK Ring SPSC,77,112,88,71,348,2.87,100
4209,CK Ring SPSC,165,128,80,78,451,2.22,100
4210,CK Ring SPSC,78,110,73,55,316,3.16,100
4211,CK Ring SPSC,69,107,78,55,309,3.24,100
4212,CK Ring SPSC,80,115,70,56,321,3.12,100
4213,CK Ring SPSC,78,122,84,48,332,3.01,100
4214,CK Ring SPSC,96,110,72,50,328,3.05,100
4215,CK Ring SPSC,83,116,91,56,346,2.89,100
4216,CK Ring SPSC,85,114,77,46,322,3.11,100
4217,CK Ring SPSC,76,109,73,50,308,3.25,100
4218,CK Ring SPSC,62,109,76,54,301,3.32,100
4219,CK Ring SPSC,45,110,78,70,303,3.30,100
4220,CK Ring SPSC,116,110,65,81,372,2.69,100
4221,CK Ring SPSC,80,117,73,42,312,3.21,100
4222,CK Ring SPSC,75,113,82,55,325,3.08,100
4223,CK Ring SPSC,76,112,81,52,321,3.12,100
4224,CK Ring SPSC,78,121,66,55,320,3.12,100
4225,CK Ring SPSC,72,116,71,50,309,3.24,100
4226,CK Ring SPSC,81,113,83,46,323,3.10,100
4227,CK Ring SPSC,89,117,81,43,330,3.03,100
4228,CK Ring SPSC,88,113,90,41,332,3.01,100
4229,CK Ring SPSC,79,106,75,55,315,3.17,100
4230,CK Ring SPSC,80,126,92,43,341,2.93,100
4231,CK Ring SPSC,81,125,85,49,340,2.94,100
4232,CK Ring SPSC,86,112,63,39,300,3.33,100
4233,CK Ring SPSC,79,120,69,53,321,3.12,100
4234,CK Ring SPSC,80,119,92,55,346,2.89,100
4235,CK Ring SPSC,90,115,75,58,338,2.96,100
4236,CK Ring SPSC,72,127,86,58,343,2.92,100
4237,CK Ring SPSC,80,116,87,50,333,3.00,100
4238,CK Ring SPSC,80,109,72,54,315,3.17,100
4239,CK Ring SPSC,74,110,64,57,305,3.28,100
4240,CK Ring SPSC,85,114,85,55,339,2.95,100
4241,CK Ring SPSC,77,109,60,56,302,3.31,100
4242,CK Ring SPSC,74,112,71,47,304,3.29,100
4243,CK Ring SPSC,78,124,92,55,349,2.87,100
4244,CK Ring SPSC,83,113,89,55,340,2.94,100
4245,CK Ring SPSC,103,113,58,66,340,2.94,100
4246,CK Ring SPSC,65,107,83,56,311,3.22,100
4247,CK Ring SPSC,118,111,101,79,409,2.44,100
4248,CK Ring SPSC,94,115,107,46,362,2.76,100
4249,CK Ring SPSC,82,114,67,53,316,3.16,100
4250,CK Ring SPSC,69,115,84,56,324,3.09,100
4251,CK Ring SPSC,133,124,97,56,410,2.44,100
4252,CK Ring SPSC,90,112,102,46,350,2.86,100
4253,CK Ring SPSC,77,111,79,52,319,3.13,100
4254,CK Ring SPSC,77,116,83,55,331,3.02,100
4255,CK Ring SPSC,87,118,86,54,345,2.90,100
4256,CK Ring SPSC,77,110,78,56,321,3.12,100
4257,CK Ring SPSC,77,119,68,56,320,3.12,100
4258,CK Ring SPSC,76,111,79,55,321,3.12,100
4259,CK Ring SPSC,74,114,74,54,316,3.16,100
4260,CK Ring SPSC,76,136,77,51,340,2.94,100
4261,CK Ring SPSC,78,112,99,54,343,2.92,100
4262,CK Ring SPSC,77,110,78,48,313,3.19,100
4263,CK Ring SPSC,74,112,116,50,352,2.84,100
4264,CK Ring SPSC,96,115,86,43,340,2.94,100
4265,CK Ring SPSC,76,114,69,46,305,3.28,100
4266,CK Ring SPSC,78,110,101,54,343,2.92,100
4267,CK Ring SPSC,90,127,72,56,345,2.90,100
4268,CK Ring SPSC,80,113,89,56,338,2.96,100
4269,CK Ring SPSC,76,113,79,57,325,3.08,100
4270,CK Ring SPSC,72,124,81,55,332,3.01,100
4271,CK Ring SPSC,77,112,72,51,312,3.21,100
4272,CK Ring SPSC,80,113,80,42,315,3.17,100
4273,CK Ring SPSC,93,112,67,84,356,2.81,100
4274,CK Ring SPSC,88,114,83,56,341,2.93,100
4275,CK Ring SPSC,76,113,67,55,311,3.22,100
4276,CK Ring SPSC,77,111,70,52,310,3.23,100
4277,CK Ring SPSC,77,126,94,71,368,2.72,100
4278,CK Ring SPSC,79,119,97,54,349,2.87,100
4279,CK Ring SPSC,76,112,84,50,322,3.11,100
4280,CK Ring SPSC,77,110,77,42,306,3.27,100
4281,CK Ring SPSC,83,117,68,54,322,3.11,100
4282,CK Ring SPSC,101,107,72,53,333,3.00,100
4283,CK Ring SPSC,73,111,76,54,314,3.18,100
4284,CK Ring SPSC,84,106,94,49,333,3.00,100
4285,CK Ring SPSC,80,108,87,54,329,3.04,100
4286,CK Ring SPSC,81,111,73,58,323,3.10,100
4287,CK Ring SPSC,87,117,82,71,357,2.80,100
4288,CK Ring SPSC,87,106,86,58,337,2.97,100
4289,CK Ring SPSC,76,109,64,54,303,3.30,100
4290,CK Ring SPSC,92,121,96,51,360,2.78,100
4291,CK Ring SPSC,73,106,82,45,306,3.27,100
4292,CK Ring SPSC,81,119,107,56,363,2.75,100
4293,CK Ring SPSC,76,119,98,50,343,2.92,100
4294,CK Ring SPSC,80,105,84,42,311,3.22,100
4295,CK Ring SPSC,72,110,73,56,311,3.22,100
4296,CK Ring SPSC,101,109,75,54,339,2.95,100
4297,CK Ring SPSC,78,105,70,54,307,3.26,100
4298,CK Ring SPSC,77,112,74,53,316,3.16,100
4299,CK Ring SPSC,74,107,77,56,314,3.18,100
4300,CK Ring SPSC,79,118,73,39,309,3.24,100
4301,CK Ring SPSC,84,119,89,55,347,2.88,100
4302,CK Ring SPSC,81,120,81,53,335,2.99,100
4303,CK Ring SPSC,110,113,75,43,341,2.93,100
4304,CK Ring SPSC,80,112,72,54,318,3.14,100
4305,CK Ring SPSC,79,111,72,56,318,3.14,100
4306,CK Ring SPSC,86,117,94,56,353,2.83,100
4307,CK Ring SPSC,77,114,83,41,315,3.17,100
4308,CK Ring SPSC,81,117,105,49,352,2.84,100
4309,CK Ring SPSC,148,109,64,48,369,2.71,100
4310,CK Ring SPSC,80,115,84,57,336,2.98,100
4311,CK Ring SPSC,76,111,75,54,316,3.16,100
4312,CK Ring SPSC,86,114,70,54,324,3.09,100
4313,CK Ring SPSC,89,111,75,54,329,3.04,100
4314,CK Ring SPSC,84,112,71,57,324,3.09,100
4315,CK Ring SPSC,76,114,64,56,310,3.23,100
4316,CK Ring SPSC,76,116,69,46,307,3.26,100
4317,CK Ring SPSC,87,116,91,57,351,2.85,100
4318,CK Ring SPSC,124,118,76,75,393,2.54,100
4319,CK Ring SPSC,75,110,72,57,314,3.18,100
4320,CK Ring SPSC,74,121,69,50,314,3.18,100
4321,CK Ring SPSC,88,117,71,67,343,2.92,100
4322,CK Ring SPSC,67,108,86,40,301,3.32,100
4323,CK Ring SPSC,120,120,78,76,394,2.54,100
4324,CK Ring SPSC,128,111,79,83,401,2.49,100
4325,CK Ring SPSC,93,115,76,55,339,2.95,100
4326,CK Ring SPSC,76,111,79,56,322,3.11,100
4327,CK Ring SPSC,81,110,76,48,315,3.17,100
4328,CK Ring SPSC,77,109,70,47,303,3.30,100
4329,CK Ring SPSC,76,131,87,57,351,2.85,100
4330,CK Ring SPSC,79,114,84,54,331,3.02,100
4331,CK Ring SPSC,76,106,74,49,305,3.28,100
4332,CK Ring SPSC,76,109,67,56,308,3.25,100
4333,CK Ring SPSC,94,109,75,69,347,2.88,100
4334,CK Ring SPSC,75,125,104,46,350,2.86,100
4335,CK Ring SPSC,85,131,70,53,339,2.95,100
4336,CK Ring SPSC,96,108,81,51,336,2.98,100
4337,CK Ring SPSC,104,116,79,41,340,2.94,100
4338,CK Ring SPSC,91,112,88,58,349,2.87,100
4339,CK Ring SPSC,85,116,86,57,344,2.91,100
4340,CK Ring SPSC,111,106,83,56,356,2.81,100
4341,CK Ring SPSC,137,118,82,74,411,2.43,100
4342,CK Ring SPSC,70,113,74,57,314,3.18,100
4343,CK Ring SPSC,83,114,78,54,329,3.04,100
4344,CK Ring SPSC,85,113,62,54,314,3.18,100
4345,CK Ring SPSC,78,122,80,72,352,2.84,100
4346,CK Ring SPSC,75,113,75,45,308,3.25,100
4347,CK Ring SPSC,81,117,86,43,327,3.06,100
4348,CK Ring SPSC,76,118,86,54,334,2.99,100
4349,CK Ring SPSC,82,115,102,42,341,2.93,100
4350,CK Ring SPSC,92,121,74,73,360,2.78,100
4351,CK Ring SPSC,72,131,77,52,332,3.01,100
4352,CK Ring SPSC,81,109,65,56,311,3.22,100
4353,CK Ring SPSC,78,113,82,57,330,3.03,100
4354,CK Ring SPSC,79,111,72,55,317,3.15,100
4355,CK Ring SPSC,77,109,78,42,306,3.27,100
4356,CK Ring SPSC,77,112,78,54,321,3.12,100
4357,CK Ring SPSC,76,109,80,56,321,3.12,100
4358,CK Ring SPSC,86,112,63,43,304,3.29,100
4359,CK Ring SPSC,75,106,79,73,333,3.00,100
4360,CK Ring SPSC,66,108,94,56,324,3.09,100
4361,CK Ring SPSC,87,110,81,45,323,3.10,100
4362,CK Ring SPSC,79,126,66,56,327,3.06,100
4363,CK Ring SPSC,145,110,79,47,381,2.62,100
4364,CK Ring SPSC,84,125,78,50,337,2.97,100
4365,CK Ring SPSC,55,111,73,54,293,3.41,100
4366,CK Ring SPSC,75,109,76,46,306,3.27,100
4367,CK Ring SPSC,80,112,72,56,320,3.12,100
4368,CK Ring SPSC,77,113,69,43,302,3.31,100
4369,CK Ring SPSC,84,105,73,46,308,3.25,100
4370,CK Ring SPSC,149,111,75,99,434,2.30,100
4371,CK Ring SPSC,78,114,80,53,325,3.08,100
4372,CK Ring SPSC,75,109,79,56,319,3.13,100
4373,CK Ring SPSC,97,112,80,53,342,2.92,100
4374,CK Ring SPSC,82,117,82,56,337,2.97,100
4375,CK Ring SPSC,78,108,65,59,310,3.23,100
4376,CK Ring SPSC,131,114,69,57,371,2.70,100
4377,CK Ring SPSC,101,108,91,55,355,2.82,100
4378,CK Ring SPSC,81,112,83,55,331,3.02,100
4379,CK Ring SPSC,84,124,77,56,341,2.93,100
4380,CK Ring SPSC,74,120,79,47,320,3.12,100
4381,CK Ring SPSC,77,117,63,47,304,3.29,100
4382,CK Ring SPSC,109,111,72,81,373,2.68,100
4383,CK Ring SPSC,73,105,67,55,300,3.33,100
4384,CK Ring SPSC,76,109,71,55,311,3.22,100
4385,CK Ring SPSC,64,122,72,43,301,3.32,100
4386,CK Ring SPSC,81,121,78,41,321,3.12,100
4387,CK Ring SPSC,126,1837,87,57,2107,0.47,100
4388,CK Ring SPSC,102,122,101,76,401,2.49,100
4389,CK Ring SPSC,78,128,122,58,386,2.59,100
4390,CK Ring SPSC,97,117,90,82,386,2.59,100
4391,CK Ring SPSC,74,106,92,63,335,2.99,100
4392,CK Ring SPSC,76,112,66,51,305,3.28,100
4393,CK Ring SPSC,75,114,76,57,322,3.11,100
4394,CK Ring SPSC,99,108,84,58,349,2.87,100
4395,CK Ring SPSC,75,128,95,50,348,2.87,100
4396,CK Ring SPSC,76,113,86,56,331,3.02,100
4397,CK Ring SPSC,100,104,69,47,320,3.12,100
4398,CK Ring SPSC,87,109,82,49,327,3.06,100
4399,CK Ring SPSC,80,123,85,51,339,2.95,100
4400,CK Ring SPSC,119,126,83,55,383,2.61,100
4401,CK Ring SPSC,80,104,77,54,315,3.17,100
4402,CK Ring SPSC,91,114,68,50,323,3.10,100
4403,CK Ring SPSC,99,108,73,51,331,3.02,100
4404,CK Ring SPSC,91,112,82,49,334,2.99,100
4405,CK Ring SPSC,71,111,86,43,311,3.22,100
4406,CK Ring SPSC,79,113,69,53,314,3.18,100
4407,CK Ring SPSC,72,109,65,56,302,3.31,100
4408,CK Ring SPSC,90,108,78,50,326,3.07,100
4409,CK Ring SPSC,80,120,103,46,349,2.87,100
4410,CK Ring SPSC,80,117,77,58,332,3.01,100
4411,CK Ring SPSC,79,110,92,42,323,3.10,100
4412,CK Ring SPSC,97,111,78,50,336,2.98,100
4413,CK Ring SPSC,78,110,74,55,317,3.15,100
4414,CK Ring SPSC,85,107,64,70,326,3.07,100
4415,CK Ring SPSC,100,112,72,42,326,3.07,100
4416,CK Ring SPSC,78,138,106,51,373,2.68,100
4417,CK Ring SPSC,178,117,88,65,448,2.23,100
4418,CK Ring SPSC,76,116,74,57,323,3.10,100
4419,CK Ring SPSC,86,110,78,68,342,2.92,100
4420,CK Ring SPSC,79,117,80,54,330,3.03,100
4421,CK Ring SPSC,78,116,75,53,322,3.11,100
4422,CK Ring SPSC,104,113,78,47,342,2.92,100
4423,CK Ring SPSC,73,110,78,54,315,3.17,100
4424,CK Ring SPSC,80,110,83,49,322,3.11,100
4425,CK Ring SPSC,77,123,91,52,343,2.92,100
4426,CK Ring SPSC,81,111,85,71,348,2.87,100
4427,CK Ring SPSC,75,107,69,53,304,3.29,100
4428,CK Ring SPSC,96,110,77,46,329,3.04,100
4429,CK Ring SPSC,92,122,105,79,398,2.51,100
4430,CK Ring SPSC,93,138,100,55,386,2.59,100
4431,CK Ring SPSC,74,109,64,56,303,3.30,100
4432,CK Ring SPSC,79,117,83,53,332,3.01,100
4433,CK Ring SPSC,75,116,75,59,325,3.08,100
4434,CK Ring SPSC,80,113,95,50,338,2.96,100
4435,CK Ring SPSC,72,113,70,51,306,3.27,100
4436,CK Ring SPSC,109,109,74,57,349,2.87,100
4437,CK Ring SPSC,78,117,72,46,313,3.19,100
4438,CK Ring SPSC,72,111,86,54,323,3.10,100
4439,CK Ring SPSC,83,112,72,51,318,3.14,100
4440,CK Ring SPSC,75,111,94,58,338,2.96,100
4441,CK Ring SPSC,79,123,85,45,332,3.01,100
4442,CK Ring SPSC,71,113,78,52,314,3.18,100
4443,CK Ring SPSC,85,108,80,43,316,3.16,100
4444,CK Ring SPSC,100,115,79,59,353,2.83,100
4445,CK Ring SPSC,85,362,75,72,594,1.68,100
4446,CK Ring SPSC,120,107,90,54,371,2.70,100
4447,CK Ring SPSC,80,118,93,55,346,2.89,100
4448,CK Ring SPSC,72,118,75,50,315,3.17,100
4449,CK Ring SPSC,80,114,64,56,314,3.18,100
4450,CK Ring SPSC,169,113,87,84,453,2.21,100
4451,CK Ring SPSC,73,114,90,62,339,2.95,100
4452,CK Ring SPSC,78,121,83,46,328,3.05,100
4453,CK Ring SPSC,76,114,84,52,326,3.07,100
4454,CK Ring SPSC,87,119,101,44,351,2.85,100
4455,CK Ring SPSC,83,110,72,42,307,3.26,100
4456,CK Ring SPSC,77,110,84,50,321,3.12,100
4457,CK Ring SPSC,81,109,80,51,321,3.12,100
4458,CK Ring SPSC,80,113,79,53,325,3.08,100
4459,CK Ring SPSC,81,114,97,78,370,2.70,100
4460,CK Ring SPSC,76,109,81,59,325,3.08,100
4461,CK Ring SPSC,75,113,83,44,315,3.17,100
4462,CK Ring SPSC,99,111,72,56,338,2.96,100
4463,CK Ring SPSC,96,116,72,86,370,2.70,100
4464,CK Ring SPSC,81,110,64,39,294,3.40,100
4465,CK Ring SPSC,88,109,82,63,342,2.92,100
4466,CK Ring SPSC,87,110,58,52,307,3.26,100
4467,CK Ring SPSC,77,112,73,56,318,3.14,100
4468,CK Ring SPSC,77,114,75,55,321,3.12,100
4469,CK Ring SPSC,130,112,75,58,375,2.67,100
4470,CK Ring SPSC,95,124,73,55,347,2.88,100
4471,CK Ring SPSC,80,121,72,54,327,3.06,100
4472,CK Ring SPSC,164,132,82,49,427,2.34,100
4473,CK Ring SPSC,125,114,79,55,373,2.68,100
4474,CK Ring SPSC,44,108,70,52,274,3.65,100
4475,CK Ring SPSC,78,113,74,52,317,3.15,100
4476,CK Ring SPSC,81,108,105,58,352,2.84,100
4477,CK Ring SPSC,68,110,79,56,313,3.19,100
4478,CK Ring SPSC,76,113,76,50,315,3.17,100
4479,CK Ring SPSC,70,111,80,51,312,3.21,100
4480,CK Ring SPSC,78,111,64,56,309,3.24,100
4481,CK Ring SPSC,75,107,71,55,308,3.25,100
4482,CK Ring SPSC,85,115,84,55,339,2.95,100
4483,CK Ring SPSC,77,111,86,56,330,3.03,100
4484,CK Ring SPSC,76,112,71,71,330,3.03,100
4485,CK Ring SPSC,78,111,76,50,315,3.17,100
4486,CK Ring SPSC,77,112,71,87,347,2.88,100
4487,CK Ring SPSC,78,113,90,55,336,2.98,100
4488,CK Ring SPSC,78,108,87,58,331,3.02,100
4489,CK Ring SPSC,90,112,74,73,349,2.87,100
4490,CK Ring SPSC,117,116,77,56,366,2.73,100
4491,CK Ring SPSC,77,116,74,54,321,3.12,100
4492,CK Ring SPSC,81,125,85,54,345,2.90,100
4493,CK Ring SPSC,73,112,80,51,316,3.16,100
4494,CK Ring SPSC,95,111,80,76,362,2.76,100
4495,CK Ring SPSC,80,112,64,42,298,3.36,100
4496,CK Ring SPSC,70,114,89,51,324,3.09,100
4497,CK Ring SPSC,70,110,75,56,311,3.22,100
4498,CK Ring SPSC,80,117,69,57,323,3.10,100
4499,CK Ring SPSC,75,124,71,46,316,3.16,100
4500,CK Ring SPSC,83,112,90,52,337,2.97,100
4501,CK Ring SPSC,68,112,75,57,312,3.21,100
4502,CK Ring SPSC,135,376,62,73,646,1.55,100
4503,CK Ring SPSC,80,117,74,51,322,3.11,100
4504,CK Ring SPSC,74,111,73,52,310,3.23,100
4505,CK Ring SPSC,77,113,63,78,331,3.02,100
4506,CK Ring SPSC,81,117,78,56,332,3.01,100
4507,CK Ring SPSC,80,108,84,50,322,3.11,100
4508,CK Ring SPSC,79,112,79,43,313,3.19,100
4509,CK Ring SPSC,78,108,72,49,307,3.26,100
4510,CK Ring SPSC,76,115,87,43,321,3.12,100
4511,CK Ring SPSC,122,106,80,43,351,2.85,100
4512,CK Ring SPSC,78,114,89,56,337,2.97,100
4513,CK Ring SPSC,75,106,74,50,305,3.28,100
4514,CK Ring SPSC,77,114,77,56,324,3.09,100
4515,CK Ring SPSC,78,122,107,58,365,2.74,100
4516,CK Ring SPSC,79,117,95,57,348,2.87,100
4517,CK Ring SPSC,72,109,87,51,319,3.13,100
4518,CK Ring SPSC,73,124,113,54,364,2.75,100
4519,CK Ring SPSC,76,118,106,55,355,2.82,100
4520,CK Ring SPSC,77,115,84,50,326,3.07,100
4521,CK Ring SPSC,77,112,94,46,329,3.04,100
4522,CK Ring SPSC,76,382,72,55,585,1.71,100
4523,CK Ring SPSC,80,110,81,52,323,3.10,100
4524,CK Ring SPSC,80,110,86,54,330,3.03,100
4525,CK Ring SPSC,79,111,105,71,366,2.73,100
4526,CK Ring SPSC,71,108,76,55,310,3.23,100
4527,CK Ring SPSC,162,109,87,72,430,2.33,100
4528,CK Ring SPSC,76,111,78,50,315,3.17,100
4529,CK Ring SPSC,85,116,78,80,359,2.79,100
4530,CK Ring SPSC,69,113,102,49,333,3.00,100
4531,CK Ring SPSC,77,114,68,51,310,3.23,100
4532,CK Ring SPSC,76,118,90,52,336,2.98,100
4533,CK Ring SPSC,77,111,97,58,343,2.92,100
4534,CK Ring SPSC,80,113,76,55,324,3.09,100
4535,CK Ring SPSC,80,108,81,55,324,3.09,100
4536,CK Ring SPSC,74,110,97,58,339,2.95,100
4537,CK Ring SPSC,80,114,90,46,330,3.03,100
4538,CK Ring SPSC,76,107,67,58,308,3.25,100
4539,CK Ring SPSC,76,113,70,43,302,3.31,100
4540,CK Ring SPSC,55,112,67,55,289,3.46,100
4541,CK Ring SPSC,89,124,78,73,364,2.75,100
4542,CK Ring SPSC,78,124,99,50,351,2.85,100
4543,CK Ring SPSC,88,115,104,57,364,2.75,100
4544,CK Ring SPSC,73,109,112,52,346,2.89,100
4545,CK Ring SPSC,79,109,92,55,335,2.99,100
4546,CK Ring SPSC,77,112,110,51,350,2.86,100
4547,CK Ring SPSC,89,116,69,64,338,2.96,100
4548,CK Ring SPSC,89,125,81,51,346,2.89,100
4549,CK Ring SPSC,82,120,99,55,356,2.81,100
4550,CK Ring SPSC,78,117,73,54,322,3.11,100
4551,CK Ring SPSC,91,110,80,55,336,2.98,100
4552,CK Ring SPSC,87,114,88,54,343,2.92,100
4553,CK Ring SPSC,79,117,65,55,316,3.16,100
4554,CK Ring SPSC,73,112,103,57,345,2.90,100
4555,CK Ring SPSC,80,112,72,53,317,3.15,100
4556,CK Ring SPSC,82,119,87,51,339,2.95,100
4557,CK Ring SPSC,104,113,81,44,342,2.92,100
4558,CK Ring SPSC,76,118,115,48,357,2.80,100
4559,CK Ring SPSC,76,114,95,56,341,2.93,100
4560,CK Ring SPSC,76,110,68,53,307,3.26,100
4561,CK Ring SPSC,76,113,87,56,332,3.01,100
4562,CK Ring SPSC,94,111,76,46,327,3.06,100
4563,CK Ring SPSC,77,113,76,50,316,3.16,100
4564,CK Ring SPSC,73,118,77,41,309,3.24,100
4565,CK Ring SPSC,76,112,77,55,320,3.12,100
4566,CK Ring SPSC,76,111,79,57,323,3.10,100
4567,CK Ring SPSC,80,119,116,52,367,2.72,100
4568,CK Ring SPSC,66,110,87,53,316,3.16,100
4569,CK Ring SPSC,49,118,68,51,286,3.50,100
4570,CK Ring SPSC,79,125,88,54,346,2.89,100
4571,CK Ring SPSC,81,107,70,51,309,3.24,100
4572,CK Ring SPSC,77,109,83,53,322,3.11,100
4573,CK Ring SPSC,130,109,67,56,362,2.76,100
4574,CK Ring SPSC,80,115,86,56,337,2.97,100
4575,CK Ring SPSC,111,111,78,45,345,2.90,100
4576,CK Ring SPSC,80,107,84,53,324,3.09,100
4577,CK Ring SPSC,80,115,86,54,335,2.99,100
4578,CK Ring SPSC,83,114,85,55,337,2.97,100
4579,CK Ring SPSC,80,112,82,48,322,3.11,100
4580,CK Ring SPSC,77,126,99,53,355,2.82,100
4581,CK Ring SPSC,78,113,61,52,304,3.29,100
4582,CK Ring SPSC,79,108,69,54,310,3.23,100
4583,CK Ring SPSC,78,111,85,57,331,3.02,100
4584,CK Ring SPSC,63,118,81,50,312,3.21,100
4585,CK Ring SPSC,96,110,66,51,323,3.10,100
4586,CK Ring SPSC,57,114,87,56,314,3.18,100
4587,CK Ring SPSC,77,117,83,57,334,2.99,100
4588,CK Ring SPSC,99,109,79,51,338,2.96,100
4589,CK Ring SPSC,66,108,77,55,306,3.27,100
4590,CK Ring SPSC,80,110,85,56,331,3.02,100
4591,CK Ring SPSC,91,114,77,57,339,2.95,100
4592,CK Ring SPSC,125,109,70,55,359,2.79,100
4593,CK Ring SPSC,76,108,94,55,333,3.00,100
4594,CK Ring SPSC,77,112,94,58,341,2.93,100
4595,CK Ring SPSC,78,123,69,54,324,3.09,100
4596,CK Ring SPSC,78,108,77,53,316,3.16,100
4597,CK Ring SPSC,76,114,80,43,313,3.19,100
4598,CK Ring SPSC,75,116,84,55,330,3.03,100
4599,CK Ring SPSC,92,113,66,50,321,3.12,100
4600,CK Ring SPSC,76,110,93,55,334,2.99,100
4601,CK Ring SPSC,88,108,98,51,345,2.90,100
4602,CK Ring SPSC,75,131,72,53,331,3.02,100
4603,CK Ring SPSC,74,121,86,50,331,3.02,100
4604,CK Ring SPSC,99,110,77,43,329,3.04,100
4605,CK Ring SPSC,78,118,92,57,345,2.90,100
4606,CK Ring SPSC,80,114,92,43,329,3.04,100
4607,CK Ring SPSC,72,109,70,57,308,3.25,100
4608,CK Ring SPSC,64,118,88,47,317,3.15,100
4609,CK Ring SPSC,78,113,107,53,351,2.85,100
4610,CK Ring SPSC,77,115,89,58,339,2.95,100
4611,CK Ring SPSC,78,113,72,53,316,3.16,100
4612,CK Ring SPSC,75,112,92,54,333,3.00,100
4613,CK Ring SPSC,57,115,71,57,300,3.33,100
4614,CK Ring SPSC,57,112,74,63,306,3.27,100
4615,CK Ring SPSC,75,107,96,43,321,3.12,100
4616,CK Ring SPSC,65,112,80,57,314,3.18,100
4617,CK Ring SPSC,104,112,82,50,348,2.87,100
4618,CK Ring SPSC,90,116,76,56,338,2.96,100
4619,CK Ring SPSC,81,110,85,56,332,3.01,100
4620,CK Ring SPSC,77,112,79,55,323,3.10,100
4621,CK Ring SPSC,77,119,94,57,347,2.88,100
4622,CK Ring SPSC,78,115,97,43,333,3.00,100
4623,CK Ring SPSC,77,111,110,61,359,2.79,100
4624,CK Ring SPSC,90,103,69,54,316,3.16,100
4625,CK Ring SPSC,76,120,82,48,326,3.07,100
4626,CK Ring SPSC,76,116,82,54,328,3.05,100
4627,CK Ring SPSC,78,111,74,43,306,3.27,100
4628,CK Ring SPSC,76,114,89,49,328,3.05,100
4629,CK Ring SPSC,77,115,96,52,340,2.94,100
4630,CK Ring SPSC,76,111,81,43,311,3.22,100
4631,CK Ring SPSC,96,376,66,61,599,1.67,100
4632,CK Ring SPSC,101,114,84,39,338,2.96,100
4633,CK Ring SPSC,73,125,102,55,355,2.82,100
4634,CK Ring SPSC,77,108,90,56,331,3.02,100
4635,CK Ring SPSC,82,110,81,55,328,3.05,100
4636,CK Ring SPSC,79,110,64,46,299,3.34,100
4637,CK Ring SPSC,76,108,65,54,303,3.30,100
4638,CK Ring SPSC,74,110,73,47,304,3.29,100
4639,CK Ring SPSC,78,111,73,58,320,3.12,100
4640,CK Ring SPSC,146,108,102,54,410,2.44,100
4641,CK Ring SPSC,79,115,73,55,322,3.11,100
4642,CK Ring SPSC,77,115,78,43,313,3.19,100
4643,CK Ring SPSC,74,116,98,55,343,2.92,100
4644,CK Ring SPSC,76,111,61,50,298,3.36,100
4645,CK Ring SPSC,79,112,72,56,319,3.13,100
4646,CK Ring SPSC,92,114,91,73,370,2.70,100
4647,CK Ring SPSC,82,111,68,54,315,3.17,100
4648,CK Ring SPSC,77,111,69,43,300,3.33,100
4649,CK Ring SPSC,99,111,74,47,331,3.02,100
4650,CK Ring SPSC,75,117,70,58,320,3.12,100
4651,CK Ring SPSC,105,112,75,56,348,2.87,100
4652,CK Ring SPSC,75,116,82,57,330,3.03,100
4653,CK Ring SPSC,81,128,107,55,371,2.70,100
4654,CK Ring SPSC,74,112,78,57,321,3.12,100
4655,CK Ring SPSC,77,115,84,50,326,3.07,100
4656,CK Ring SPSC,71,117,91,51,330,3.03,100
4657,CK Ring SPSC,76,123,94,49,342,2.92,100
4658,CK Ring SPSC,74,118,84,51,327,3.06,100
4659,CK Ring SPSC,105,122,119,51,397,2.52,100
4660,CK Ring SPSC,77,125,87,58,347,2.88,100
4661,CK Ring SPSC,101,118,84,57,360,2.78,100
4662,CK Ring SPSC,73,142,97,55,367,2.72,100
4663,CK Ring SPSC,67,114,88,48,317,3.15,100
4664,CK Ring SPSC,74,108,95,47,324,3.09,100
4665,CK Ring SPSC,76,119,92,56,343,2.92,100
4666,CK Ring SPSC,76,106,103,55,340,2.94,100
4667,CK Ring SPSC,93,115,79,55,342,2.92,100
4668,CK Ring SPSC,84,113,76,38,311,3.22,100
4669,CK Ring SPSC,89,125,84,53,351,2.85,100
4670,CK Ring SPSC,90,112,85,72,359,2.79,100
4671,CK Ring SPSC,117,122,90,47,376,2.66,100
4672,CK Ring SPSC,116,129,71,56,372,2.69,100
4673,CK Ring SPSC,78,127,95,46,346,2.89,100
4674,CK Ring SPSC,142,144,107,68,461,2.17,100
4675,CK Ring SPSC,109,110,104,55,378,2.65,100
4676,CK Ring SPSC,91,114,88,65,358,2.79,100
4677,CK Ring SPSC,84,112,90,43,329,3.04,100
4678,CK Ring SPSC,87,126,88,51,352,2.84,100
4679,CK Ring SPSC,89,112,86,47,334,2.99,100
4680,CK Ring SPSC,85,114,102,55,356,2.81,100
4681,CK Ring SPSC,89,114,89,54,346,2.89,100
4682,CK Ring SPSC,81,133,99,56,369,2.71,100
4683,CK Ring SPSC,78,114,80,46,318,3.14,100
4684,CK Ring SPSC,82,117,77,54,330,3.03,100
4685,CK Ring SPSC,75,105,82,54,316,3.16,100
4686,CK Ring SPSC,77,108,86,50,321,3.12,100
4687,CK Ring SPSC,79,113,81,54,327,3.06,100
4688,CK Ring SPSC,79,115,87,71,352,2.84,100
4689,CK Ring SPSC,73,124,84,48,329,3.04,100
4690,CK Ring SPSC,91,122,86,54,353,2.83,100
4691,CK Ring SPSC,77,111,86,51,325,3.08,100
4692,CK Ring SPSC,93,112,83,51,339,2.95,100
4693,CK Ring SPSC,109,108,102,55,374,2.67,100
4694,CK Ring SPSC,89,123,113,56,381,2.62,100
4695,CK Ring SPSC,70,125,97,54,346,2.89,100
4696,CK Ring SPSC,109,113,78,58,358,2.79,100
4697,CK Ring SPSC,81,127,106,51,365,2.74,100
4698,CK Ring SPSC,93,113,84,71,361,2.77,100
4699,CK Ring SPSC,73,122,72,55,322,3.11,100
4700,CK Ring SPSC,78,128,66,52,324,3.09,100
4701,CK Ring SPSC,83,118,109,58,368,2.72,100
4702,CK Ring SPSC,81,112,98,74,365,2.74,100
4703,CK Ring SPSC,82,110,99,47,338,2.96,100
4704,CK Ring SPSC,77,110,101,46,334,2.99,100
4705,CK Ring SPSC,132,114,92,49,387,2.58,100
4706,CK Ring SPSC,88,127,78,44,337,2.97,100
4707,CK Ring SPSC,80,112,87,58,337,2.97,100
4708,CK Ring SPSC,93,118,89,77,377,2.65,100
4709,CK Ring SPSC,79,115,97,67,358,2.79,100
4710,CK Ring SPSC,79,113,84,57,333,3.00,100
4711,CK Ring SPSC,75,122,74,45,316,3.16,100
4712,CK Ring SPSC,80,117,105,51,353,2.83,100
4713,CK Ring SPSC,78,110,92,53,333,3.00,100
4714,CK Ring SPSC,78,108,72,54,312,3.21,100
4715,CK Ring SPSC,77,114,87,67,345,2.90,100
4716,CK Ring SPSC,76,114,83,57,330,3.03,100
4717,CK Ring SPSC,88,114,84,74,360,2.78,100
4718,CK Ring SPSC,81,131,93,39,344,2.91,100
4719,CK Ring SPSC,78,136,101,54,369,2.71,100
4720,CK Ring SPSC,79,116,74,42,311,3.22,100
4721,CK Ring SPSC,121,122,102,43,388,2.58,100
4722,CK Ring SPSC,80,111,79,54,324,3.09,100
4723,CK Ring SPSC,90,113,73,46,322,3.11,100
4724,CK Ring SPSC,121,108,92,77,398,2.51,100
4725,CK Ring SPSC,82,113,101,41,337,2.97,100
4726,CK Ring SPSC,110,119,97,57,383,2.61,100
4727,CK Ring SPSC,85,113,97,80,375,2.67,100
4728,CK Ring SPSC,87,136,101,56,380,2.63,100
4729,CK Ring SPSC,84,112,83,49,328,3.05,100
4730,CK Ring SPSC,115,114,75,73,377,2.65,100
4731,CK Ring SPSC,129,109,92,72,402,2.49,100
4732,CK Ring SPSC,95,116,77,55,343,2.92,100
4733,CK Ring SPSC,131,113,89,74,407,2.46,100
4734,CK Ring SPSC,90,121,107,46,364,2.75,100
4735,CK Ring SPSC,77,131,99,55,362,2.76,100
4736,CK Ring SPSC,82,110,75,51,318,3.14,100
4737,CK Ring SPSC,89,107,79,56,331,3.02,100
4738,CK Ring SPSC,96,159,119,52,426,2.35,100
4739,CK Ring SPSC,98,115,100,63,376,2.66,100
4740,CK Ring SPSC,77,109,84,56,326,3.07,100
4741,CK Ring SPSC,82,120,79,54,335,2.99,100
4742,CK Ring SPSC,107,114,80,57,358,2.79,100
4743,CK Ring SPSC,88,127,82,56,353,2.83,100
4744,CK Ring SPSC,94,128,80,51,353,2.83,100
4745,CK Ring SPSC,106,114,75,55,350,2.86,100
4746,CK Ring SPSC,81,115,81,52,329,3.04,100
4747,CK Ring SPSC,89,112,75,54,330,3.03,100
4748,CK Ring SPSC,82,119,87,58,346,2.89,100
4749,CK Ring SPSC,84,124,96,50,354,2.82,100
4750,CK Ring SPSC,75,118,98,64,355,2.82,100
4751,CK Ring SPSC,85,111,120,39,355,2.82,100
4752,CK Ring SPSC,119,118,89,45,371,2.70,100
4753,CK Ring SPSC,89,121,91,41,342,2.92,100
4754,CK Ring SPSC,82,118,91,69,360,2.78,100
4755,CK Ring SPSC,109,118,114,58,399,2.51,100
4756,CK Ring SPSC,94,110,79,46,329,3.04,100
4757,CK Ring SPSC,125,113,87,74,399,2.51,100
4758,CK Ring SPSC,90,115,94,45,344,2.91,100
4759,CK Ring SPSC,89,111,65,55,320,3.12,100
4760,CK Ring SPSC,77,118,96,44,335,2.99,100
4761,CK Ring SPSC,85,116,79,58,338,2.96,100
4762,CK Ring SPSC,101,113,117,69,400,2.50,100
4763,CK Ring SPSC,80,106,81,49,316,3.16,100
4764,CK Ring SPSC,79,115,119,57,370,2.70,100
4765,CK Ring SPSC,90,122,72,54,338,2.96,100
4766,CK Ring SPSC,76,113,70,54,313,3.19,100
4767,CK Ring SPSC,83,127,108,56,374,2.67,100
4768,CK Ring SPSC,84,111,83,55,333,3.00,100
4769,CK Ring SPSC,78,123,92,58,351,2.85,100
4770,CK Ring SPSC,78,126,83,53,340,2.94,100
4771,CK Ring SPSC,79,108,88,59,334,2.99,100
4772,CK Ring SPSC,77,111,97,57,342,2.92,100
4773,CK Ring SPSC,79,114,95,55,343,2.92,100
4774,CK Ring SPSC,92,112,92,53,349,2.87,100
4775,CK Ring SPSC,78,109,104,43,334,2.99,100
4776,CK Ring SPSC,76,114,82,57,329,3.04,100
4777,CK Ring SPSC,79,118,100,56,353,2.83,100
4778,CK Ring SPSC,78,106,82,54,320,3.12,100
4779,CK Ring SPSC,86,116,75,51,328,3.05,100
4780,CK Ring SPSC,79,118,88,55,340,2.94,100
4781,CK Ring SPSC,77,107,105,55,344,2.91,100
4782,CK Ring SPSC,78,114,81,55,328,3.05,100
4783,CK Ring SPSC,80,113,70,56,319,3.13,100
4784,CK Ring SPSC,84,117,90,84,375,2.67,100
4785,CK Ring SPSC,88,117,77,58,340,2.94,100
4786,CK Ring SPSC,93,107,73,51,324,3.09,100
4787,CK Ring SPSC,90,129,66,56,341,2.93,100
4788,CK Ring SPSC,80,114,78,55,327,3.06,100
4789,CK Ring SPSC,81,114,101,51,347,2.88,100
4790,CK Ring SPSC,80,114,95,55,344,2.91,100
4791,CK Ring SPSC,159,113,78,43,393,2.54,100
4792,CK Ring SPSC,132,133,89,57,411,2.43,100
4793,CK Ring SPSC,86,114,76,68,344,2.91,100
4794,CK Ring SPSC,83,127,98,57,365,2.74,100
4795,CK Ring SPSC,64,111,80,39,294,3.40,100
4796,CK Ring SPSC,95,109,74,55,333,3.00,100
4797,CK Ring SPSC,76,117,79,44,316,3.16,100
4798,CK Ring SPSC,59,110,82,43,294,3.40,100
4799,CK Ring SPSC,84,112,67,50,313,3.19,100
4800,CK Ring SPSC,96,113,86,56,351,2.85,100
4801,CK Ring SPSC,79,108,78,55,320,3.12,100
4802,CK Ring SPSC,91,111,107,46,355,2.82,100
4803,CK Ring SPSC,76,108,70,55,309,3.24,100
4804,CK Ring SPSC,100,112,90,50,352,2.84,100
4805,CK Ring SPSC,79,119,93,49,340,2.94,100
4806,CK Ring SPSC,49,123,72,57,301,3.32,100
4807,CK Ring SPSC,85,121,83,46,335,2.99,100
4808,CK Ring SPSC,80,109,73,56,318,3.14,100
4809,CK Ring SPSC,88,112,86,43,329,3.04,100
4810,CK Ring SPSC,78,115,74,54,321,3.12,100
4811,CK Ring SPSC,85,113,73,45,316,3.16,100
4812,CK Ring SPSC,77,108,93,55,333,3.00,100
4813,CK Ring SPSC,77,118,86,49,330,3.03,100
4814,CK Ring SPSC,105,117,70,47,339,2.95,100
4815,CK Ring SPSC,76,106,84,57,323,3.10,100
4816,CK Ring SPSC,119,109,69,56,353,2.83,100
4817,CK Ring SPSC,125,109,85,54,373,2.68,100
4818,CK Ring SPSC,106,111,88,53,358,2.79,100
4819,CK Ring SPSC,76,114,91,54,335,2.99,100
4820,CK Ring SPSC,79,112,73,43,307,3.26,100
4821,CK Ring SPSC,76,107,78,58,319,3.13,100
4822,CK Ring SPSC,82,128,90,57,357,2.80,100
4823,CK Ring SPSC,81,116,70,55,322,3.11,100
4824,CK Ring SPSC,105,110,78,57,350,2.86,100
4825,CK Ring SPSC,106,109,75,55,345,2.90,100
4826,CK Ring SPSC,75,113,84,58,330,3.03,100
4827,CK Ring SPSC,105,126,93,58,382,2.62,100
4828,CK Ring SPSC,91,111,97,57,356,2.81,100
4829,CK Ring SPSC,79,114,92,57,342,2.92,100
4830,CK Ring SPSC,87,116,71,51,325,3.08,100
4831,CK Ring SPSC,80,127,85,58,350,2.86,100
4832,CK Ring SPSC,79,111,79,53,322,3.11,100
4833,CK Ring SPSC,76,114,85,50,325,3.08,100
4834,CK Ring SPSC,80,114,79,52,325,3.08,100
4835,CK Ring SPSC,86,109,102,56,353,2.83,100
4836,CK Ring SPSC,119,122,114,58,413,2.42,100
4837,CK Ring SPSC,103,154,114,51,422,2.37,100
4838,CK Ring SPSC,80,125,110,55,370,2.70,100
4839,CK Ring SPSC,77,114,90,45,326,3.07,100
4840,CK Ring SPSC,78,127,104,42,351,2.85,100
4841,CK Ring SPSC,103,115,91,79,388,2.58,100
4842,CK Ring SPSC,78,114,85,55,332,3.01,100
4843,CK Ring SPSC,82,128,103,55,368,2.72,100
4844,CK Ring SPSC,76,110,78,54,318,3.14,100
4845,CK Ring SPSC,80,123,99,47,349,2.87,100
4846,CK Ring SPSC,74,112,92,43,321,3.12,100
4847,CK Ring SPSC,88,117,101,56,362,2.76,100
4848,CK Ring SPSC,90,116,79,57,342,2.92,100
4849,CK Ring SPSC,88,113,73,55,329,3.04,100
4850,CK Ring SPSC,79,122,72,43,316,3.16,100
4851,CK Ring SPSC,90,113,95,56,354,2.82,100
4852,CK Ring SPSC,83,118,77,52,330,3.03,100
4853,CK Ring SPSC,85,116,75,56,332,3.01,100
4854,CK Ring SPSC,115,109,85,57,366,2.73,100
4855,CK Ring SPSC,105,115,83,54,357,2.80,100
4856,CK Ring SPSC,102,113,74,62,351,2.85,100
4857,CK Ring SPSC,85,115,101,54,355,2.82,100
4858,CK Ring SPSC,77,113,75,50,315,3.17,100
4859,CK Ring SPSC,87,112,86,75,360,2.78,100
4860,CK Ring SPSC,112,118,84,59,373,2.68,100
4861,CK Ring SPSC,70,109,98,53,330,3.03,100
4862,CK Ring SPSC,107,114,79,55,355,2.82,100
4863,CK Ring SPSC,93,121,110,55,379,2.64,100
4864,CK Ring SPSC,80,125,73,57,335,2.99,100
4865,CK Ring SPSC,76,111,80,53,320,3.12,100
4866,CK Ring SPSC,109,118,106,54,387,2.58,100
4867,CK Ring SPSC,79,112,93,56,340,2.94,100
4868,CK Ring SPSC,84,123,96,56,359,2.79,100
4869,CK Ring SPSC,84,112,85,52,333,3.00,100
4870,CK Ring SPSC,73,105,79,50,307,3.26,100
4871,CK Ring SPSC,87,114,84,43,328,3.05,100
4872,CK Ring SPSC,77,107,80,45,309,3.24,100
4873,CK Ring SPSC,84,133,101,54,372,2.69,100
4874,CK Ring SPSC,102,137,87,55,381,2.62,100
4875,CK Ring SPSC,88,112,84,77,361,2.77,100
4876,CK Ring SPSC,69,107,88,58,322,3.11,100
4877,CK Ring SPSC,61,116,95,54,326,3.07,100
4878,CK Ring SPSC,79,109,93,54,335,2.99,100
4879,CK Ring SPSC,114,118,88,50,370,2.70,100
4880,CK Ring SPSC,85,112,70,56,323,3.10,100
4881,CK Ring SPSC,120,116,83,54,373,2.68,100
4882,CK Ring SPSC,90,115,98,53,356,2.81,100
4883,CK Ring SPSC,52,111,88,50,301,3.32,100
4884,CK Ring SPSC,109,106,87,43,345,2.90,100
4885,CK Ring SPSC,81,122,88,53,344,2.91,100
4886,CK Ring SPSC,89,125,94,56,364,2.75,100
4887,CK Ring SPSC,71,109,77,55,312,3.21,100
4888,CK Ring SPSC,81,108,67,54,310,3.23,100
4889,CK Ring SPSC,78,129,81,53,341,2.93,100
4890,CK Ring SPSC,126,122,99,54,401,2.49,100
4891,CK Ring SPSC,81,135,80,45,341,2.93,100
4892,CK Ring SPSC,83,113,99,49,344,2.91,100
4893,CK Ring SPSC,84,123,80,52,339,2.95,100
4894,CK Ring SPSC,77,111,88,54,330,3.03,100
4895,CK Ring SPSC,77,118,81,51,327,3.06,100
4896,CK Ring SPSC,82,113,91,56,342,2.92,100
4897,CK Ring SPSC,97,109,116,44,366,2.73,100
4898,CK Ring SPSC,124,121,94,57,396,2.53,100
4899,CK Ring SPSC,94,108,79,55,336,2.98,100
4900,CK Ring SPSC,75,107,78,51,311,3.22,100
4901,CK Ring SPSC,77,129,73,56,335,2.99,100
4902,CK Ring SPSC,80,116,90,60,346,2.89,100
4903,CK Ring SPSC,82,118,96,56,352,2.84,100
4904,CK Ring SPSC,75,113,88,51,327,3.06,100
4905,CK Ring SPSC,81,116,98,58,353,2.83,100
4906,CK Ring SPSC,77,111,84,43,315,3.17,100
4907,CK Ring SPSC,81,115,98,43,337,2.97,100
4908,CK Ring SPSC,79,114,94,50,337,2.97,100
4909,CK Ring SPSC,102,114,91,51,358,2.79,100
4910,CK Ring SPSC,77,119,97,43,336,2.98,100
4911,CK Ring SPSC,78,112,72,57,319,3.13,100
4912,CK Ring SPSC,98,110,78,81,367,2.72,100
4913,CK Ring SPSC,76,105,86,54,321,3.12,100
4914,CK Ring SPSC,80,116,98,50,344,2.91,100
4915,CK Ring SPSC,84,113,123,52,372,2.69,100
4916,CK Ring SPSC,79,109,82,54,324,3.09,100
4917,CK Ring SPSC,73,113,70,56,312,3.21,100
4918,CK Ring SPSC,84,111,83,59,337,2.97,100
4919,CK Ring SPSC,77,129,97,38,341,2.93,100
4920,CK Ring SPSC,119,115,68,77,379,2.64,100
4921,CK Ring SPSC,108,110,105,55,378,2.65,100
4922,CK Ring SPSC,107,111,112,50,380,2.63,100
4923,CK Ring SPSC,96,108,75,51,330,3.03,100
4924,CK Ring SPSC,82,115,76,43,316,3.16,100
4925,CK Ring SPSC,82,116,98,49,345,2.90,100
4926,CK Ring SPSC,79,109,83,54,325,3.08,100
4927,CK Ring SPSC,82,116,65,58,321,3.12,100
4928,CK Ring SPSC,91,113,88,54,346,2.89,100
4929,CK Ring SPSC,87,113,77,40,317,3.15,100
4930,CK Ring SPSC,83,128,95,55,361,2.77,100
4931,CK Ring SPSC,95,136,89,42,362,2.76,100
4932,CK Ring SPSC,74,112,84,53,323,3.10,100
4933,CK Ring SPSC,75,121,108,54,358,2.79,100
4934,CK Ring SPSC,120,107,69,58,354,2.82,100
4935,CK Ring SPSC,80,114,69,69,332,3.01,100
4936,CK Ring SPSC,122,128,78,56,384,2.60,100
4937,CK Ring SPSC,63,126,76,53,318,3.14,100
4938,CK Ring SPSC,77,122,74,55,328,3.05,100
4939,CK Ring SPSC,85,122,68,61,336,2.98,100
4940,CK Ring SPSC,91,117,86,94,388,2.58,100
4941,CK Ring SPSC,78,113,76,56,323,3.10,100
4942,CK Ring SPSC,76,115,80,47,318,3.14,100
4943,CK Ring SPSC,86,113,90,54,343,2.92,100
4944,CK Ring SPSC,65,115,93,54,327,3.06,100
4945,CK Ring SPSC,93,114,80,49,336,2.98,100
4946,CK Ring SPSC,79,110,86,53,328,3.05,100
4947,CK Ring SPSC,97,112,81,49,339,2.95,100
4948,CK Ring SPSC,88,117,80,56,341,2.93,100
4949,CK Ring SPSC,83,114,91,57,345,2.90,100
4950,CK Ring SPSC,82,141,108,52,383,2.61,100
4951,CK Ring SPSC,123,115,66,73,377,2.65,100
4952,CK Ring SPSC,94,108,76,46,324,3.09,100
4953,CK Ring SPSC,126,115,96,50,387,2.58,100
4954,CK Ring SPSC,163,114,89,56,422,2.37,100
4955,CK Ring SPSC,75,110,94,52,331,3.02,100
4956,CK Ring SPSC,78,113,71,51,313,3.19,100
4957,CK Ring SPSC,76,112,81,62,331,3.02,100
4958,CK Ring SPSC,80,112,78,53,323,3.10,100
4959,CK Ring SPSC,134,110,70,58,372,2.69,100
4960,CK Ring SPSC,76,109,123,46,354,2.82,100
4961,CK Ring SPSC,90,112,85,52,339,2.95,100
4962,CK Ring SPSC,93,108,75,43,319,3.13,100
4963,CK Ring SPSC,77,110,104,51,342,2.92,100
4964,CK Ring SPSC,89,109,79,59,336,2.98,100
4965,CK Ring SPSC,89,114,71,56,330,3.03,100
4966,CK Ring SPSC,82,113,76,56,327,3.06,100
4967,CK Ring SPSC,78,130,83,54,345,2.90,100
4968,CK Ring SPSC,77,114,86,43,320,3.12,100
4969,CK Ring SPSC,119,111,83,55,368,2.72,100
4970,CK Ring SPSC,81,111,91,54,337,2.97,100
4971,CK Ring SPSC,154,110,87,53,404,2.48,100
4972,CK Ring SPSC,75,114,85,53,327,3.06,100
4973,CK Ring SPSC,78,115,93,55,341,2.93,100
4974,CK Ring SPSC,166,110,86,57,419,2.39,100
4975,CK Ring SPSC,76,118,78,46,318,3.14,100
4976,CK Ring SPSC,95,107,79,76,357,2.80,100
4977,CK Ring SPSC,101,109,65,51,326,3.07,100
4978,CK Ring SPSC,78,117,87,57,339,2.95,100
4979,CK Ring SPSC,85,121,88,43,337,2.97,100
4980,CK Ring SPSC,93,110,77,57,337,2.97,100
4981,CK Ring SPSC,97,110,80,56,343,2.92,100
4982,CK Ring SPSC,67,113,68,54,302,3.31,100
4983,CK Ring SPSC,107,116,82,52,357,2.80,100
4984,CK Ring SPSC,79,118,93,56,346,2.89,100
4985,CK Ring SPSC,86,112,81,50,329,3.04,100
4986,CK Ring SPSC,77,116,111,55,359,2.79,100
4987,CK Ring SPSC,85,115,77,74,351,2.85,100
4988,CK Ring SPSC,80,114,87,42,323,3.10,100
4989,CK Ring SPSC,113,108,78,55,354,2.82,100
4990,CK Ring SPSC,78,111,72,54,315,3.17,100
4991,CK Ring SPSC,94,128,74,58,354,2.82,100
4992,CK Ring SPSC,94,111,78,50,333,3.00,100
4993,CK Ring SPSC,78,118,84,58,338,2.96,100
4994,CK Ring SPSC,88,112,80,72,352,2.84,100
4995,CK Ring SPSC,150,129,65,47,391,2.56,100
4996,CK Ring SPSC,82,113,70,54,319,3.13,100
4997,CK Ring SPSC,75,113,81,54,323,3.10,100
4998,CK Ring SPSC,61,110,75,58,304,3.29,100
4999,CK Ring SPSC,89,109,78,46,322,3.11,100
5000,CK Ring SPSC,77,114,106,58,355,2.82,100
5001,CK Stack UPMC,187,143,137,135,602,1.66,100
5002,CK Stack UPMC,126,111,138,123,498,2.01,100
5003,CK Stack UPMC,130,123,143,124,520,1.92,100
5004,CK Stack UPMC,176,117,129,122,544,1.84,100
5005,CK Stack UPMC,176,136,146,143,601,1.66,100
5006,CK Stack UPMC,160,129,121,126,536,1.87,100
5007,CK Stack UPMC,171,127,145,124,567,1.76,100
5008,CK Stack UPMC,130,118,118,123,489,2.04,100
5009,CK Stack UPMC,197,125,143,140,605,1.65,100
5010,CK Stack UPMC,231,126,130,117,604,1.66,100
5011,CK Stack UPMC,133,124,148,120,525,1.90,100
5012,CK Stack UPMC,146,115,129,122,512,1.95,100
5013,CK Stack UPMC,171,119,145,128,563,1.78,100
5014,CK Stack UPMC,155,126,148,124,553,1.81,100
5015,CK Stack UPMC,147,127,143,124,541,1.85,100
5016,CK Stack UPMC,197,112,140,123,572,1.75,100
5017,CK Stack UPMC,182,129,129,188,628,1.59,100
5018,CK Stack UPMC,182,111,127,131,551,1.81,100
5019,CK Stack UPMC,208,125,125,126,584,1.71,100
5020,CK Stack UPMC,118,126,129,125,498,2.01,100
5021,CK Stack UPMC,150,130,145,116,541,1.85,100
5022,CK Stack UPMC,163,130,139,200,632,1.58,100
5023,CK Stack UPMC,189,128,141,141,599,1.67,100
5024,CK Stack UPMC,182,115,138,188,623,1.61,100
5025,CK Stack UPMC,127,147,158,122,554,1.81,100
5026,CK Stack UPMC,125,128,137,119,509,1.96,100
5027,CK Stack UPMC,176,134,139,120,569,1.76,100
5028,CK Stack UPMC,134,113,138,139,524,1.91,100
5029,CK Stack UPMC,162,130,135,116,543,1.84,100
5030,CK Stack UPMC,140,129,145,183,597,1.68,100
5031,CK Stack UPMC,198,151,146,127,622,1.61,100
5032,CK Stack UPMC,159,131,136,123,549,1.82,100
5033,CK Stack UPMC,139,129,146,123,537,1.86,100
5034,CK Stack UPMC,186,125,137,123,571,1.75,100
5035,CK Stack UPMC,235,122,148,123,628,1.59,100
5036,CK Stack UPMC,155,130,142,123,550,1.82,100
5037,CK Stack UPMC,212,131,132,125,600,1.67,100
5038,CK Stack UPMC,195,123,133,205,656,1.52,100
5039,CK Stack UPMC,137,133,146,119,535,1.87,100
5040,CK Stack UPMC,190,128,131,121,570,1.75,100
5041,CK Stack UPMC,98,124,149,119,490,2.04,100
5042,CK Stack UPMC,100,131,145,123,499,2.00,100
5043,CK Stack UPMC,171,123,174,124,592,1.69,100
5044,CK Stack UPMC,186,123,141,117,567,1.76,100
5045,CK Stack UPMC,144,127,171,122,564,1.77,100
5046,CK Stack UPMC,145,127,137,124,533,1.88,100
5047,CK Stack UPMC,179,145,146,124,594,1.68,100
5048,CK Stack UPMC,149,146,191,187,673,1.49,100
5049,CK Stack UPMC,195,126,146,126,593,1.69,100
5050,CK Stack UPMC,172,136,148,117,573,1.75,100
5051,CK Stack UPMC,228,124,152,122,626,1.60,100
5052,CK Stack UPMC,150,114,144,126,534,1.87,100
5053,CK Stack UPMC,142,133,140,144,559,1.79,100
5054,CK Stack UPMC,202,118,136,123,579,1.73,100
5055,CK Stack UPMC,171,137,139,122,569,1.76,100
5056,CK Stack UPMC,156,147,151,123,577,1.73,100
5057,CK Stack UPMC,190,124,149,188,651,1.54,100
5058,CK Stack UPMC,133,129,153,125,540,1.85,100
5059,CK Stack UPMC,185,157,133,125,600,1.67,100
5060,CK Stack UPMC,246,120,132,158,656,1.52,100
5061,CK Stack UPMC,143,129,160,121,553,1.81,100
5062,CK Stack UPMC,153,127,134,126,540,1.85,100
5063,CK Stack UPMC,168,140,142,124,574,1.74,100
5064,CK Stack UPMC,200,127,141,126,594,1.68,100
5065,CK Stack UPMC,189,117,138,123,567,1.76,100
5066,CK Stack UPMC,146,132,159,121,558,1.79,100
5067,CK Stack UPMC,144,131,144,117,536,1.87,100
5068,CK Stack UPMC,198,116,147,118,579,1.73,100
5069,CK Stack UPMC,132,127,139,143,541,1.85,100
5070,CK Stack UPMC,143,135,153,125,556,1.80,100
5071,CK Stack UPMC,133,142,162,128,565,1.77,100
5072,CK Stack UPMC,142,137,145,125,549,1.82,100
5073,CK Stack UPMC,165,121,144,126,556,1.80,100
5074,CK Stack UPMC,153,138,133,126,550,1.82,100
5075,CK Stack UPMC,140,127,146,122,535,1.87,100
5076,CK Stack UPMC,203,133,131,125,592,1.69,100
5077,CK Stack UPMC,190,141,152,121,604,1.66,100
5078,CK Stack UPMC,175,129,142,125,571,1.75,100
5079,CK Stack UPMC,193,120,130,126,569,1.76,100
5080,CK Stack UPMC,230,137,133,124,624,1.60,100
5081,CK Stack UPMC,143,124,156,122,545,1.83,100
5082,CK Stack UPMC,162,133,147,140,582,1.72,100
5083,CK Stack UPMC,150,129,144,125,548,1.82,100
5084,CK Stack UPMC,199,125,131,124,579,1.73,100
5085,CK Stack UPMC,176,127,139,125,567,1.76,100
5086,CK Stack UPMC,198,128,134,124,584,1.71,100
5087,CK Stack UPMC,186,125,155,125,591,1.69,100
5088,CK Stack UPMC,160,129,152,119,560,1.79,100
5089,CK Stack UPMC,164,138,160,126,588,1.70,100
5090,CK Stack UPMC,145,120,126,124,515,1.94,100
5091,CK Stack UPMC,177,127,151,124,579,1.73,100
5092,CK Stack UPMC,222,140,135,128,625,1.60,100
5093,CK Stack UPMC,205,131,144,124,604,1.66,100
5094,CK Stack UPMC,180,115,131,119,545,1.83,100
5095,CK Stack UPMC,156,135,127,123,541,1.85,100
5096,CK Stack UPMC,156,128,139,123,546,1.83,100
5097,CK Stack UPMC,184,138,127,120,569,1.76,100
5098,CK Stack UPMC,157,127,139,123,546,1.83,100
5099,CK Stack UPMC,161,143,166,123,593,1.69,100
5100,CK Stack UPMC,166,120,135,142,563,1.78,100
5101,CK Stack UPMC,180,126,169,127,602,1.66,100
5102,CK Stack UPMC,163,126,143,123,555,1.80,100
5103,CK Stack UPMC,162,128,137,128,555,1.80,100
5104,CK Stack UPMC,138,129,134,124,525,1.90,100
5105,CK Stack UPMC,188,126,140,127,581,1.72,100
5106,CK Stack UPMC,133,137,139,126,535,1.87,100
5107,CK Stack UPMC,153,125,155,125,558,1.79,100
5108,CK Stack UPMC,169,132,153,185,639,1.56,100
5109,CK Stack UPMC,133,132,157,128,550,1.82,100
5110,CK Stack UPMC,174,127,151,124,576,1.74,100
5111,CK Stack UPMC,184,157,147,123,611,1.64,100
5112,CK Stack UPMC,218,128,127,125,598,1.67,100
5113,CK Stack UPMC,131,134,153,122,540,1.85,100
5114,CK Stack UPMC,122,121,146,121,510,1.96,100
5115,CK Stack UPMC,142,129,150,124,545,1.83,100
5116,CK Stack UPMC,167,125,137,141,570,1.75,100
5117,CK Stack UPMC,107,130,141,145,523,1.91,100
5118,CK Stack UPMC,148,127,143,126,544,1.84,100
5119,CK Stack UPMC,147,133,135,121,536,1.87,100
5120,CK Stack UPMC,141,128,130,122,521,1.92,100
5121,CK Stack UPMC,189,145,154,119,607,1.65,100
5122,CK Stack UPMC,103,128,138,123,492,2.03,100
5123,CK Stack UPMC,149,112,129,146,536,1.87,100
5124,CK Stack UPMC,225,140,127,124,616,1.62,100
5125,CK Stack UPMC,161,125,135,123,544,1.84,100
5126,CK Stack UPMC,200,131,156,165,652,1.53,100
5127,CK Stack UPMC,177,137,138,122,574,1.74,100
5128,CK Stack UPMC,166,124,148,123,561,1.78,100
5129,CK Stack UPMC,177,129,135,123,564,1.77,100
5130,CK Stack UPMC,148,126,140,114,528,1.89,100
5131,CK Stack UPMC,164,129,137,125,555,1.80,100
5132,CK Stack UPMC,153,112,141,124,530,1.89,100
5133,CK Stack UPMC,130,129,136,126,521,1.92,100
5134,CK Stack UPMC,184,125,129,125,563,1.78,100
5135,CK Stack UPMC,168,124,146,120,558,1.79,100
5136,CK Stack UPMC,142,148,185,121,596,1.68,100
5137,CK Stack UPMC,129,126,126,145,526,1.90,100
5138,CK Stack UPMC,131,118,142,125,516,1.94,100
5139,CK Stack UPMC,139,139,154,125,557,1.80,100
5140,CK Stack UPMC,150,144,136,122,552,1.81,100
5141,CK Stack UPMC,154,127,157,121,559,1.79,100
5142,CK Stack UPMC,179,124,134,124,561,1.78,100
5143,CK Stack UPMC,147,124,137,124,532,1.88,100
5144,CK Stack UPMC,194,126,139,127,586,1.71,100
5145,CK Stack UPMC,182,123,146,137,588,1.70,100
5146,CK Stack UPMC,196,124,151,124,595,1.68,100
5147,CK Stack UPMC,167,146,139,124,576,1.74,100
5148,CK Stack UPMC,174,126,128,124,552,1.81,100
5149,CK Stack UPMC,181,125,144,173,623,1.61,100
5150,CK Stack UPMC,182,139,120,124,565,1.77,100
5151,CK Stack UPMC,142,120,134,125,521,1.92,100
5152,CK Stack UPMC,217,112,157,124,610,1.64,100
5153,CK Stack UPMC,178,125,153,114,570,1.75,100
5154,CK Stack UPMC,170,130,149,126,575,1.74,100
5155,CK Stack UPMC,149,134,154,123,560,1.79,100
5156,CK Stack UPMC,180,149,134,184,647,1.55,100
5157,CK Stack UPMC,167,129,148,124,568,1.76,100
5158,CK Stack UPMC,196,127,147,207,677,1.48,100
5159,CK Stack UPMC,202,131,121,124,578,1.73,100
5160,CK Stack UPMC,143,132,123,118,516,1.94,100
5161,CK Stack UPMC,193,125,140,120,578,1.73,100
5162,CK Stack UPMC,197,129,154,125,605,1.65,100
5163,CK Stack UPMC,229,126,137,126,618,1.62,100
5164,CK Stack UPMC,191,124,136,136,587,1.70,100
5165,CK Stack UPMC,143,140,150,125,558,1.79,100
5166,CK Stack UPMC,213,143,135,140,631,1.58,100
5167,CK Stack UPMC,153,126,141,122,542,1.85,100
5168,CK Stack UPMC,227,124,146,125,622,1.61,100
5169,CK Stack UPMC,213,130,145,119,607,1.65,100
5170,CK Stack UPMC,139,126,143,122,530,1.89,100
5171,CK Stack UPMC,215,131,132,126,604,1.66,100
5172,CK Stack UPMC,213,132,132,126,603,1.66,100
5173,CK Stack UPMC,124,124,140,121,509,1.96,100
5174,CK Stack UPMC,168,132,137,123,560,1.79,100
5175,CK Stack UPMC,202,125,159,120,606,1.65,100
5176,CK Stack UPMC,183,118,139,131,571,1.75,100
5177,CK Stack UPMC,196,135,144,120,595,1.68,100
5178,CK Stack UPMC,197,122,132,124,575,1.74,100
5179,CK Stack UPMC,151,126,128,138,543,1.84,100
5180,CK Stack UPMC,184,130,126,171,611,1.64,100
5181,CK Stack UPMC,174,124,139,125,562,1.78,100
5182,CK Stack UPMC,179,126,132,123,560,1.79,100
5183,CK Stack UPMC,140,123,153,129,545,1.83,100
5184,CK Stack UPMC,177,126,144,124,571,1.75,100
5185,CK Stack UPMC,173,115,145,125,558,1.79,100
5186,CK Stack UPMC,128,134,152,124,538,1.86,100
5187,CK Stack UPMC,193,128,147,130,598,1.67,100
5188,CK Stack UPMC,145,147,129,175,596,1.68,100
5189,CK Stack UPMC,138,144,137,128,547,1.83,100
5190,CK Stack UPMC,134,132,141,110,517,1.93,100
5191,CK Stack UPMC,176,133,154,123,586,1.71,100
5192,CK Stack UPMC,170,122,132,121,545,1.83,100
5193,CK Stack UPMC,136,128,156,122,542,1.85,100
5194,CK Stack UPMC,196,133,159,128,616,1.62,100
5195,CK Stack UPMC,137,133,156,125,551,1.81,100
5196,CK Stack UPMC,141,132,134,127,534,1.87,100
5197,CK Stack UPMC,174,130,146,122,572,1.75,100
5198,CK Stack UPMC,123,127,160,120,530,1.89,100
5199,CK Stack UPMC,191,160,176,125,652,1.53,100
5200,CK Stack UPMC,188,140,131,124,583,1.72,100
5201,CK Stack UPMC,175,121,147,125,568,1.76,100
5202,CK Stack UPMC,230,125,129,123,607,1.65,100
5203,CK Stack UPMC,177,125,161,124,587,1.70,100
5204,CK Stack UPMC,189,136,129,128,582,1.72,100
5205,CK Stack UPMC,178,125,129,121,553,1.81,100
5206,CK Stack UPMC,122,115,177,140,554,1.81,100
5207,CK Stack UPMC,152,142,145,118,557,1.80,100
5208,CK Stack UPMC,127,142,156,125,550,1.82,100
5209,CK Stack UPMC,149,148,160,126,583,1.72,100
5210,CK Stack UPMC,190,135,162,123,610,1.64,100
5211,CK Stack UPMC,186,130,136,151,603,1.66,100
5212,CK Stack UPMC,146,135,147,130,558,1.79,100
5213,CK Stack UPMC,151,134,157,122,564,1.77,100
5214,CK Stack UPMC,227,126,151,122,626,1.60,100
5215,CK Stack UPMC,154,129,145,123,551,1.81,100
5216,CK Stack UPMC,188,137,141,192,658,1.52,100
5217,CK Stack UPMC,168,118,128,128,542,1.85,100
5218,CK Stack UPMC,144,133,156,182,615,1.63,100
5219,CK Stack UPMC,147,124,139,122,532,1.88,100
5220,CK Stack UPMC,165,144,144,119,572,1.75,100
5221,CK Stack UPMC,164,127,142,125,558,1.79,100
5222,CK Stack UPMC,136,130,161,118,545,1.83,100
5223,CK Stack UPMC,207,120,133,122,582,1.72,100
5224,CK Stack UPMC,116,139,165,125,545,1.83,100
5225,CK Stack UPMC,191,125,142,123,581,1.72,100
5226,CK Stack UPMC,256,122,138,126,642,1.56,100
5227,CK Stack UPMC,128,124,140,123,515,1.94,100
5228,CK Stack UPMC,197,131,145,115,588,1.70,100
5229,CK Stack UPMC,121,135,141,115,512,1.95,100
5230,CK Stack UPMC,138,136,134,128,536,1.87,100
5231,CK Stack UPMC,163,145,158,125,591,1.69,100
5232,CK Stack UPMC,152,132,133,120,537,1.86,100
5233,CK Stack UPMC,206,119,129,122,576,1.74,100
5234,CK Stack UPMC,193,129,128,131,581,1.72,100
5235,CK Stack UPMC,168,127,160,117,572,1.75,100
5236,CK Stack UPMC,135,122,118,125,500,2.00,100
5237,CK Stack UPMC,191,123,127,126,567,1.76,100
5238,CK Stack UPMC,124,130,156,143,553,1.81,100
5239,CK Stack UPMC,149,123,125,126,523,1.91,100
5240,CK Stack UPMC,170,127,144,144,585,1.71,100
5241,CK Stack UPMC,176,122,132,125,555,1.80,100
5242,CK Stack UPMC,126,133,186,137,582,1.72,100
5243,CK Stack UPMC,176,123,139,126,564,1.77,100
5244,CK Stack UPMC,166,129,141,124,560,1.79,100
5245,CK Stack UPMC,246,122,124,126,618,1.62,100
5246,CK Stack UPMC,242,147,146,128,663,1.51,100
5247,CK Stack UPMC,188,114,148,124,574,1.74,100
5248,CK Stack UPMC,121,130,159,123,533,1.88,100
5249,CK Stack UPMC,127,136,150,127,540,1.85,100
5250,CK Stack UPMC,218,125,147,120,610,1.64,100
5251,CK Stack UPMC,194,134,137,117,582,1.72,100
5252,CK Stack UPMC,164,124,123,125,536,1.87,100
5253,CK Stack UPMC,196,128,143,126,593,1.69,100
5254,CK Stack UPMC,127,132,150,125,534,1.87,100
5255,CK Stack UPMC,160,124,144,140,568,1.76,100
5256,CK Stack UPMC,158,127,146,121,552,1.81,100
5257,CK Stack UPMC,128,120,136,124,508,1.97,100
5258,CK Stack UPMC,122,128,154,123,527,1.90,100
5259,CK Stack UPMC,187,137,149,186,659,1.52,100
5260,CK Stack UPMC,171,121,139,124,555,1.80,100
5261,CK Stack UPMC,194,134,120,129,577,1.73,100
5262,CK Stack UPMC,167,135,161,129,592,1.69,100
5263,CK Stack UPMC,164,133,137,120,554,1.81,100
5264,CK Stack UPMC,184,115,153,126,578,1.73,100
5265,CK Stack UPMC,162,118,136,123,539,1.86,100
5266,CK Stack UPMC,144,139,154,125,562,1.78,100
5267,CK Stack UPMC,135,134,136,129,534,1.87,100
5268,CK Stack UPMC,187,121,149,126,583,1.72,100
5269,CK Stack UPMC,168,125,125,122,540,1.85,100
5270,CK Stack UPMC,174,133,135,144,586,1.71,100
5271,CK Stack UPMC,150,146,147,184,627,1.59,100
5272,CK Stack UPMC,152,131,139,117,539,1.86,100
5273,CK Stack UPMC,227,135,140,125,627,1.59,100
5274,CK Stack UPMC,149,117,132,119,517,1.93,100
5275,CK Stack UPMC,166,126,138,123,553,1.81,100
5276,CK Stack UPMC,136,136,134,116,522,1.92,100
5277,CK Stack UPMC,155,137,143,122,557,1.80,100
5278,CK Stack UPMC,154,133,145,124,556,1.80,100
5279,CK Stack UPMC,170,128,181,122,601,1.66,100
5280,CK Stack UPMC,215,116,149,143,623,1.61,100
5281,CK Stack UPMC,189,124,145,126,584,1.71,100
5282,CK Stack UPMC,133,122,148,121,524,1.91,100
5283,CK Stack UPMC,128,132,143,125,528,1.89,100
5284,CK Stack UPMC,191,122,142,123,578,1.73,100
5285,CK Stack UPMC,151,123,138,128,540,1.85,100
5286,CK Stack UPMC,142,127,153,125,547,1.83,100
5287,CK Stack UPMC,185,125,163,127,600,1.67,100
5288,CK Stack UPMC,180,126,142,122,570,1.75,100
5289,CK Stack UPMC,145,132,140,128,545,1.83,100
5290,CK Stack UPMC,135,124,119,122,500,2.00,100
5291,CK Stack UPMC,185,140,130,175,630,1.59,100
5292,CK Stack UPMC,150,129,141,124,544,1.84,100
5293,CK Stack UPMC,150,124,114,142,530,1.89,100
5294,CK Stack UPMC,188,113,157,124,582,1.72,100
5295,CK Stack UPMC,180,118,135,126,559,1.79,100
5296,CK Stack UPMC,146,129,156,125,556,1.80,100
5297,CK Stack UPMC,124,126,129,121,500,2.00,100
5298,CK Stack UPMC,160,126,132,121,539,1.86,100
5299,CK Stack UPMC,168,127,137,124,556,1.80,100
5300,CK Stack UPMC,146,144,142,125,557,1.80,100
5301,CK Stack UPMC,158,129,134,125,546,1.83,100
5302,CK Stack UPMC,200,126,141,118,585,1.71,100
5303,CK Stack UPMC,169,128,158,124,579,1.73,100
5304,CK Stack UPMC,208,137,147,175,667,1.50,100
5305,CK Stack UPMC,200,126,150,126,602,1.66,100
5306,CK Stack UPMC,173,126,157,120,576,1.74,100
5307,CK Stack UPMC,154,121,138,126,539,1.86,100
5308,CK Stack UPMC,167,130,137,121,555,1.80,100
5309,CK Stack UPMC,181,116,176,125,598,1.67,100
5310,CK Stack UPMC,164,127,148,128,567,1.76,100
5311,CK Stack UPMC,147,112,158,125,542,1.85,100
5312,CK Stack UPMC,177,123,142,123,565,1.77,100
5313,CK Stack UPMC,137,112,129,114,492,2.03,100
5314,CK Stack UPMC,142,114,141,125,522,1.92,100
5315,CK Stack UPMC,173,122,135,127,557,1.80,100
5316,CK Stack UPMC,141,127,157,114,539,1.86,100
5317,CK Stack UPMC,162,111,138,116,527,1.90,100
5318,CK Stack UPMC,145,124,137,122,528,1.89,100
5319,CK Stack UPMC,133,125,144,122,524,1.91,100
5320,CK Stack UPMC,191,125,130,123,569,1.76,100
5321,CK Stack UPMC,133,129,125,180,567,1.76,100
5322,CK Stack UPMC,124,134,146,124,528,1.89,100
5323,CK Stack UPMC,154,134,136,122,546,1.83,100
5324,CK Stack UPMC,181,143,138,127,589,1.70,100
5325,CK Stack UPMC,237,116,145,123,621,1.61,100
5326,CK Stack UPMC,158,125,129,126,538,1.86,100
5327,CK Stack UPMC,192,124,124,111,551,1.81,100
5328,CK Stack UPMC,137,138,143,187,605,1.65,100
5329,CK Stack UPMC,146,116,125,122,509,1.96,100
5330,CK Stack UPMC,195,128,148,122,593,1.69,100
5331,CK Stack UPMC,170,121,130,118,539,1.86,100
5332,CK Stack UPMC,229,136,132,126,623,1.61,100
5333,CK Stack UPMC,141,112,163,122,538,1.86,100
5334,CK Stack UPMC,135,127,123,123,508,1.97,100
5335,CK Stack UPMC,185,134,182,129,630,1.59,100
5336,CK Stack UPMC,139,131,143,112,525,1.90,100
5337,CK Stack UPMC,227,149,133,187,696,1.44,100
5338,CK Stack UPMC,178,123,148,124,573,1.75,100
5339,CK Stack UPMC,158,129,159,118,564,1.77,100
5340,CK Stack UPMC,194,160,135,115,604,1.66,100
5341,CK Stack UPMC,185,133,154,137,609,1.64,100
5342,CK Stack UPMC,164,136,179,124,603,1.66,100
5343,CK Stack UPMC,152,128,133,125,538,1.86,100
5344,CK Stack UPMC,159,127,156,122,564,1.77,100
5345,CK Stack UPMC,119,129,143,131,522,1.92,100
5346,CK Stack UPMC,139,130,143,123,535,1.87,100
5347,CK Stack UPMC,153,133,137,121,544,1.84,100
5348,CK Stack UPMC,131,111,122,122,486,2.06,100
5349,CK Stack UPMC,137,142,125,123,527,1.90,100
5350,CK Stack UPMC,161,133,143,126,563,1.78,100
5351,CK Stack UPMC,175,136,151,177,639,1.56,100
5352,CK Stack UPMC,196,123,133,125,577,1.73,100
5353,CK Stack UPMC,181,126,134,123,564,1.77,100
5354,CK Stack UPMC,171,120,149,124,564,1.77,100
5355,CK Stack UPMC,139,135,134,120,528,1.89,100
5356,CK Stack UPMC,147,132,141,124,544,1.84,100
5357,CK Stack UPMC,176,124,157,118,575,1.74,100
5358,CK Stack UPMC,130,126,146,124,526,1.90,100
5359,CK Stack UPMC,195,132,137,191,655,1.53,100
5360,CK Stack UPMC,158,133,166,123,580,1.72,100
5361,CK Stack UPMC,127,104,149,124,504,1.98,100
5362,CK Stack UPMC,212,132,139,118,601,1.66,100
5363,CK Stack UPMC,134,130,137,125,526,1.90,100
5364,CK Stack UPMC,138,128,158,124,548,1.82,100
5365,CK Stack UPMC,211,129,147,137,624,1.60,100
5366,CK Stack UPMC,199,109,145,123,576,1.74,100
5367,CK Stack UPMC,178,124,143,124,569,1.76,100
5368,CK Stack UPMC,162,129,140,123,554,1.81,100
5369,CK Stack UPMC,138,125,138,121,522,1.92,100
5370,CK Stack UPMC,124,114,135,122,495,2.02,100
5371,CK Stack UPMC,136,129,124,116,505,1.98,100
5372,CK Stack UPMC,175,136,137,124,572,1.75,100
5373,CK Stack UPMC,177,126,135,118,556,1.80,100
5374,CK Stack UPMC,195,127,126,124,572,1.75,100
5375,CK Stack UPMC,181,124,131,122,558,1.79,100
5376,CK Stack UPMC,162,137,133,119,551,1.81,100
5377,CK Stack UPMC,139,139,140,128,546,1.83,100
5378,CK Stack UPMC,154,124,137,123,538,1.86,100
5379,CK Stack UPMC,136,132,134,123,525,1.90,100
5380,CK Stack UPMC,113,130,135,124,502,1.99,100
5381,CK Stack UPMC,176,136,121,113,546,1.83,100
5382,CK Stack UPMC,210,132,140,125,607,1.65,100
5383,CK Stack UPMC,187,130,178,122,617,1.62,100
5384,CK Stack UPMC,126,113,134,124,497,2.01,100
5385,CK Stack UPMC,105,120,146,122,493,2.03,100
5386,CK Stack UPMC,146,122,121,124,513,1.95,100
5387,CK Stack UPMC,128,131,155,148,562,1.78,100
5388,CK Stack UPMC,179,129,160,183,651,1.54,100
5389,CK Stack UPMC,175,125,137,126,563,1.78,100
5390,CK Stack UPMC,206,121,137,113,577,1.73,100
5391,CK Stack UPMC,180,124,131,122,557,1.80,100
5392,CK Stack UPMC,130,127,148,124,529,1.89,100
5393,CK Stack UPMC,122,118,132,123,495,2.02,100
5394,CK Stack UPMC,178,126,136,121,561,1.78,100
5395,CK Stack UPMC,150,138,145,124,557,1.80,100
5396,CK Stack UPMC,205,142,142,127,616,1.62,100
5397,CK Stack UPMC,125,124,148,124,521,1.92,100
5398,CK Stack UPMC,174,123,135,127,559,1.79,100
5399,CK Stack UPMC,139,128,154,122,543,1.84,100
5400,CK Stack UPMC,134,129,154,119,536,1.87,100
5401,CK Stack UPMC,172,124,141,134,571,1.75,100
5402,CK Stack UPMC,177,135,135,125,572,1.75,100
5403,CK Stack UPMC,171,139,148,124,582,1.72,100
5404,CK Stack UPMC,176,121,137,117,551,1.81,100
5405,CK Stack UPMC,196,127,129,116,568,1.76,100
5406,CK Stack UPMC,173,123,140,126,562,1.78,100
5407,CK Stack UPMC,144,142,155,126,567,1.76,100
5408,CK Stack UPMC,154,144,156,123,577,1.73,100
5409,CK Stack UPMC,207,135,120,123,585,1.71,100
5410,CK Stack UPMC,190,141,145,120,596,1.68,100
5411,CK Stack UPMC,185,138,134,120,577,1.73,100
5412,CK Stack UPMC,192,146,130,121,589,1.70,100
5413,CK Stack UPMC,130,159,164,162,615,1.63,100
5414,CK Stack UPMC,182,137,142,124,585,1.71,100
5415,CK Stack UPMC,124,132,134,124,514,1.95,100
5416,CK Stack UPMC,152,139,142,118,551,1.81,100
5417,CK Stack UPMC,206,116,143,124,589,1.70,100
5418,CK Stack UPMC,177,129,141,124,571,1.75,100
5419,CK Stack UPMC,175,125,156,117,573,1.75,100
5420,CK Stack UPMC,147,124,138,111,520,1.92,100
5421,CK Stack UPMC,146,129,145,124,544,1.84,100
5422,CK Stack UPMC,172,150,152,124,598,1.67,100
5423,CK Stack UPMC,173,150,168,191,682,1.47,100
5424,CK Stack UPMC,188,134,157,139,618,1.62,100
5425,CK Stack UPMC,133,129,141,124,527,1.90,100
5426,CK Stack UPMC,134,127,130,147,538,1.86,100
5427,CK Stack UPMC,145,116,116,127,504,1.98,100
5428,CK Stack UPMC,155,129,131,125,540,1.85,100
5429,CK Stack UPMC,136,119,145,125,525,1.90,100
5430,CK Stack UPMC,174,119,160,121,574,1.74,100
5431,CK Stack UPMC,189,129,148,124,590,1.69,100
5432,CK Stack UPMC,186,132,131,116,565,1.77,100
5433,CK Stack UPMC,191,124,134,124,573,1.75,100
5434,CK Stack UPMC,275,130,146,184,735,1.36,100
5435,CK Stack UPMC,116,130,154,125,525,1.90,100
5436,CK Stack UPMC,136,129,143,123,531,1.88,100
5437,CK Stack UPMC,130,133,140,173,576,1.74,100
5438,CK Stack UPMC,179,132,150,122,583,1.72,100
5439,CK Stack UPMC,189,130,134,115,568,1.76,100
5440,CK Stack UPMC,196,123,132,125,576,1.74,100
5441,CK Stack UPMC,207,132,144,194,677,1.48,100
5442,CK Stack UPMC,179,126,150,140,595,1.68,100
5443,CK Stack UPMC,118,125,140,120,503,1.99,100
5444,CK Stack UPMC,134,133,179,123,569,1.76,100
5445,CK Stack UPMC,130,132,162,122,546,1.83,100
5446,CK Stack UPMC,136,131,152,122,541,1.85,100
5447,CK Stack UPMC,144,120,148,122,534,1.87,100
5448,CK Stack UPMC,141,126,145,122,534,1.87,100
5449,CK Stack UPMC,156,152,155,130,593,1.69,100
5450,CK Stack UPMC,147,127,152,124,550,1.82,100
5451,CK Stack UPMC,180,120,141,142,583,1.72,100
5452,CK Stack UPMC,187,124,147,125,583,1.72,100
5453,CK Stack UPMC,174,126,139,124,563,1.78,100
5454,CK Stack UPMC,153,124,139,122,538,1.86,100
5455,CK Stack UPMC,172,147,144,124,587,1.70,100
5456,CK Stack UPMC,206,121,150,118,595,1.68,100
5457,CK Stack UPMC,121,126,146,122,515,1.94,100
5458,CK Stack UPMC,143,129,140,122,534,1.87,100
5459,CK Stack UPMC,173,130,144,121,568,1.76,100
5460,CK Stack UPMC,150,130,144,153,577,1.73,100
5461,CK Stack UPMC,198,124,146,118,586,1.71,100
5462,CK Stack UPMC,213,117,143,123,596,1.68,100
5463,CK Stack UPMC,225,123,139,170,657,1.52,100
5464,CK Stack UPMC,170,124,142,116,552,1.81,100
5465,CK Stack UPMC,162,133,141,131,567,1.76,100
5466,CK Stack UPMC,163,134,139,124,560,1.79,100
5467,CK Stack UPMC,185,134,138,126,583,1.72,100
5468,CK Stack UPMC,140,144,138,122,544,1.84,100
5469,CK Stack UPMC,102,138,179,122,541,1.85,100
5470,CK Stack UPMC,154,133,144,127,558,1.79,100
5471,CK Stack UPMC,183,125,124,125,557,1.80,100
5472,CK Stack UPMC,191,126,157,121,595,1.68,100
5473,CK Stack UPMC,157,130,122,124,533,1.88,100
5474,CK Stack UPMC,205,136,140,183,664,1.51,100
5475,CK Stack UPMC,178,112,121,119,530,1.89,100
5476,CK Stack UPMC,214,125,121,125,585,1.71,100
5477,CK Stack UPMC,173,129,180,122,604,1.66,100
5478,CK Stack UPMC,128,134,123,149,534,1.87,100
5479,CK Stack UPMC,186,141,141,139,607,1.65,100
5480,CK Stack UPMC,191,122,136,126,575,1.74,100
5481,CK Stack UPMC,195,121,146,123,585,1.71,100
5482,CK Stack UPMC,174,141,123,122,560,1.79,100
5483,CK Stack UPMC,180,129,146,126,581,1.72,100
5484,CK Stack UPMC,178,135,140,125,578,1.73,100
5485,CK Stack UPMC,182,119,135,124,560,1.79,100
5486,CK Stack UPMC,157,129,138,123,547,1.83,100
5487,CK Stack UPMC,176,131,134,122,563,1.78,100
5488,CK Stack UPMC,138,125,144,124,531,1.88,100
5489,CK Stack UPMC,195,125,134,125,579,1.73,100
5490,CK Stack UPMC,168,121,140,124,553,1.81,100
5491,CK Stack UPMC,160,129,138,123,550,1.82,100
5492,CK Stack UPMC,209,151,139,124,623,1.61,100
5493,CK Stack UPMC,197,128,155,117,597,1.68,100
5494,CK Stack UPMC,149,128,137,142,556,1.80,100
5495,CK Stack UPMC,170,128,128,122,548,1.82,100
5496,CK Stack UPMC,188,121,137,127,573,1.75,100
5497,CK Stack UPMC,157,127,138,120,542,1.85,100
5498,CK Stack UPMC,127,131,142,128,528,1.89,100
5499,CK Stack UPMC,202,158,123,122,605,1.65,100
5500,CK Stack UPMC,131,135,130,129,525,1.90,100
5501,CK Stack UPMC,191,125,135,118,569,1.76,100
5502,CK Stack UPMC,226,121,123,123,593,1.69,100
5503,CK Stack UPMC,185,123,143,122,573,1.75,100
5504,CK Stack UPMC,142,126,138,122,528,1.89,100
5505,CK Stack UPMC,129,129,148,117,523,1.91,100
5506,CK Stack UPMC,165,109,138,179,591,1.69,100
5507,CK Stack UPMC,191,115,148,125,579,1.73,100
5508,CK Stack UPMC,140,127,129,127,523,1.91,100
5509,CK Stack UPMC,160,122,142,118,542,1.85,100
5510,CK Stack UPMC,186,120,151,122,579,1.73,100
5511,CK Stack UPMC,187,127,118,127,559,1.79,100
5512,CK Stack UPMC,98,126,139,127,490,2.04,100
5513,CK Stack UPMC,185,135,159,120,599,1.67,100
5514,CK Stack UPMC,193,131,151,120,595,1.68,100
5515,CK Stack UPMC,176,119,144,176,615,1.63,100
5516,CK Stack UPMC,168,130,139,125,562,1.78,100
5517,CK Stack UPMC,137,134,150,124,545,1.83,100
5518,CK Stack UPMC,203,124,126,125,578,1.73,100
5519,CK Stack UPMC,197,118,133,126,574,1.74,100
5520,CK Stack UPMC,150,127,144,122,543,1.84,100
5521,CK Stack UPMC,182,132,140,124,578,1.73,100
5522,CK Stack UPMC,144,123,131,126,524,1.91,100
5523,CK Stack UPMC,120,133,147,125,525,1.90,100
5524,CK Stack UPMC,143,121,124,121,509,1.96,100
5525,CK Stack UPMC,179,121,124,119,543,1.84,100
5526,CK Stack UPMC,120,130,131,123,504,1.98,100
5527,CK Stack UPMC,145,121,145,119,530,1.89,100
5528,CK Stack UPMC,130,130,139,125,524,1.91,100
5529,CK Stack UPMC,170,134,164,121,589,1.70,100
5530,CK Stack UPMC,129,123,128,123,503,1.99,100
5531,CK Stack UPMC,150,125,153,123,551,1.81,100
5532,CK Stack UPMC,169,136,145,141,591,1.69,100
5533,CK Stack UPMC,136,131,144,126,537,1.86,100
5534,CK Stack UPMC,203,147,195,146,691,1.45,100
5535,CK Stack UPMC,103,105,128,126,462,2.16,100
5536,CK Stack UPMC,137,127,141,120,525,1.90,100
5537,CK Stack UPMC,185,129,143,157,614,1.63,100
5538,CK Stack UPMC,132,112,157,125,526,1.90,100
5539,CK Stack UPMC,145,126,150,122,543,1.84,100
5540,CK Stack UPMC,236,133,147,121,637,1.57,100
5541,CK Stack UPMC,192,120,171,125,608,1.64,100
5542,CK Stack UPMC,177,122,131,182,612,1.63,100
5543,CK Stack UPMC,185,156,156,124,621,1.61,100
5544,CK Stack UPMC,169,134,156,125,584,1.71,100
5545,CK Stack UPMC,195,129,134,122,580,1.72,100
5546,CK Stack UPMC,147,131,148,119,545,1.83,100
5547,CK Stack UPMC,211,116,146,124,597,1.68,100
5548,CK Stack UPMC,219,139,172,122,652,1.53,100
5549,CK Stack UPMC,149,131,141,125,546,1.83,100
5550,CK Stack UPMC,147,132,130,129,538,1.86,100
5551,CK Stack UPMC,159,128,149,125,561,1.78,100
5552,CK Stack UPMC,171,140,132,123,566,1.77,100
5553,CK Stack UPMC,147,126,137,125,535,1.87,100
5554,CK Stack UPMC,149,119,130,115,513,1.95,100
5555,CK Stack UPMC,155,137,150,127,569,1.76,100
5556,CK Stack UPMC,177,124,159,122,582,1.72,100
5557,CK Stack UPMC,176,123,141,123,563,1.78,100
5558,CK Stack UPMC,221,136,143,124,624,1.60,100
5559,CK Stack UPMC,155,123,150,127,555,1.80,100
5560,CK Stack UPMC,135,141,159,122,557,1.80,100
5561,CK Stack UPMC,194,128,172,121,615,1.63,100
5562,CK Stack UPMC,215,123,132,124,594,1.68,100
5563,CK Stack UPMC,131,125,140,126,522,1.92,100
5564,CK Stack UPMC,170,129,131,138,568,1.76,100
5565,CK Stack UPMC,189,133,167,124,613,1.63,100
5566,CK Stack UPMC,183,126,139,118,566,1.77,100
5567,CK Stack UPMC,163,124,150,125,562,1.78,100
5568,CK Stack UPMC,186,128,138,122,574,1.74,100
5569,CK Stack UPMC,136,130,125,119,510,1.96,100
5570,CK Stack UPMC,146,130,165,127,568,1.76,100
5571,CK Stack UPMC,151,139,148,124,562,1.78,100
5572,CK Stack UPMC,144,135,146,123,548,1.82,100
5573,CK Stack UPMC,246,132,153,125,656,1.52,100
5574,CK Stack UPMC,189,122,144,123,578,1.73,100
5575,CK Stack UPMC,125,137,140,125,527,1.90,100
5576,CK Stack UPMC,154,140,170,118,582,1.72,100
5577,CK Stack UPMC,117,121,134,116,488,2.05,100
5578,CK Stack UPMC,189,135,158,124,606,1.65,100
5579,CK Stack UPMC,134,137,163,119,553,1.81,100
5580,CK Stack UPMC,130,144,143,120,537,1.86,100
5581,CK Stack UPMC,183,145,158,123,609,1.64,100
5582,CK Stack UPMC,191,139,136,123,589,1.70,100
5583,CK Stack UPMC,192,134,152,131,609,1.64,100
5584,CK Stack UPMC,183,120,142,126,571,1.75,100
5585,CK Stack UPMC,149,135,152,128,564,1.77,100
5586,CK Stack UPMC,189,156,157,125,627,1.59,100
5587,CK Stack UPMC,189,141,151,196,677,1.48,100
5588,CK Stack UPMC,169,131,140,123,563,1.78,100
5589,CK Stack UPMC,137,128,129,123,517,1.93,100
5590,CK Stack UPMC,176,116,144,125,561,1.78,100
5591,CK Stack UPMC,173,117,164,117,571,1.75,100
5592,CK Stack UPMC,171,134,157,127,589,1.70,100
5593,CK Stack UPMC,218,144,155,126,643,1.56,100
5594,CK Stack UPMC,239,127,140,123,629,1.59,100
5595,CK Stack UPMC,192,143,132,170,637,1.57,100
5596,CK Stack UPMC,126,129,144,122,521,1.92,100
5597,CK Stack UPMC,157,142,144,116,559,1.79,100
5598,CK Stack UPMC,168,147,173,123,611,1.64,100
5599,CK Stack UPMC,172,134,154,113,573,1.75,100
5600,CK Stack UPMC,156,140,150,124,570,1.75,100
5601,CK Stack UPMC,235,133,165,121,654,1.53,100
5602,CK Stack UPMC,117,122,127,138,504,1.98,100
5603,CK Stack UPMC,181,132,165,124,602,1.66,100
5604,CK Stack UPMC,138,132,153,120,543,1.84,100
5605,CK Stack UPMC,175,130,129,116,550,1.82,100
5606,CK Stack UPMC,199,120,132,142,593,1.69,100
5607,CK Stack UPMC,181,141,158,126,606,1.65,100
5608,CK Stack UPMC,173,140,135,125,573,1.75,100
5609,CK Stack UPMC,208,124,140,139,611,1.64,100
5610,CK Stack UPMC,189,135,147,124,595,1.68,100
5611,CK Stack UPMC,171,125,132,124,552,1.81,100
5612,CK Stack UPMC,168,120,132,124,544,1.84,100
5613,CK Stack UPMC,160,177,138,125,600,1.67,100
5614,CK Stack UPMC,135,127,131,120,513,1.95,100
5615,CK Stack UPMC,128,136,140,127,531,1.88,100
5616,CK Stack UPMC,185,132,147,122,586,1.71,100
5617,CK Stack UPMC,172,130,148,123,573,1.75,100
5618,CK Stack UPMC,217,127,169,123,636,1.57,100
5619,CK Stack UPMC,168,151,155,124,598,1.67,100
5620,CK Stack UPMC,172,136,162,115,585,1.71,100
5621,CK Stack UPMC,125,131,170,123,549,1.82,100
5622,CK Stack UPMC,172,128,133,125,558,1.79,100
5623,CK Stack UPMC,156,141,149,122,568,1.76,100
5624,CK Stack UPMC,139,129,132,123,523,1.91,100
5625,CK Stack UPMC,150,152,142,119,563,1.78,100
5626,CK Stack UPMC,141,149,138,122,550,1.82,100
5627,CK Stack UPMC,175,124,145,175,619,1.62,100
5628,CK Stack UPMC,165,121,134,128,548,1.82,100
5629,CK Stack UPMC,183,122,121,115,541,1.85,100
5630,CK Stack UPMC,148,126,139,128,541,1.85,100
5631,CK Stack UPMC,140,116,147,116,519,1.93,100
5632,CK Stack UPMC,198,136,156,122,612,1.63,100
5633,CK Stack UPMC,184,128,148,181,641,1.56,100
5634,CK Stack UPMC,136,127,136,122,521,1.92,100
5635,CK Stack UPMC,221,115,156,166,658,1.52,100
5636,CK Stack UPMC,225,120,141,120,606,1.65,100
5637,CK Stack UPMC,146,126,131,116,519,1.93,100
5638,CK Stack UPMC,158,127,149,126,560,1.79,100
5639,CK Stack UPMC,140,125,135,117,517,1.93,100
5640,CK Stack UPMC,139,121,138,121,519,1.93,100
5641,CK Stack UPMC,161,138,146,172,617,1.62,100
5642,CK Stack UPMC,167,124,145,125,561,1.78,100
5643,CK Stack UPMC,224,135,130,121,610,1.64,100
5644,CK Stack UPMC,197,125,143,115,580,1.72,100
5645,CK Stack UPMC,134,128,129,121,512,1.95,100
5646,CK Stack UPMC,190,125,139,123,577,1.73,100
5647,CK Stack UPMC,171,127,140,119,557,1.80,100
5648,CK Stack UPMC,101,125,141,124,491,2.04,100
5649,CK Stack UPMC,141,153,160,124,578,1.73,100
5650,CK Stack UPMC,130,131,136,124,521,1.92,100
5651,CK Stack UPMC,175,127,123,128,553,1.81,100
5652,CK Stack UPMC,159,132,146,122,559,1.79,100
5653,CK Stack UPMC,204,109,126,125,564,1.77,100
5654,CK Stack UPMC,176,128,163,125,592,1.69,100
5655,CK Stack UPMC,143,150,136,127,556,1.80,100
5656,CK Stack UPMC,174,116,123,122,535,1.87,100
5657,CK Stack UPMC,157,137,130,187,611,1.64,100
5658,CK Stack UPMC,196,118,124,123,561,1.78,100
5659,CK Stack UPMC,141,124,148,123,536,1.87,100
5660,CK Stack UPMC,160,124,124,124,532,1.88,100
5661,CK Stack UPMC,158,136,140,185,619,1.62,100
5662,CK Stack UPMC,138,129,157,117,541,1.85,100
5663,CK Stack UPMC,183,124,155,121,583,1.72,100
5664,CK Stack UPMC,157,136,148,117,558,1.79,100
5665,CK Stack UPMC,150,145,154,127,576,1.74,100
5666,CK Stack UPMC,174,123,150,124,571,1.75,100
5667,CK Stack UPMC,152,130,171,119,572,1.75,100
5668,CK Stack UPMC,155,134,141,121,551,1.81,100
5669,CK Stack UPMC,225,142,132,202,701,1.43,100
5670,CK Stack UPMC,157,116,148,122,543,1.84,100
5671,CK Stack UPMC,156,124,151,123,554,1.81,100
5672,CK Stack UPMC,228,119,138,126,611,1.64,100
5673,CK Stack UPMC,132,125,134,118,509,1.96,100
5674,CK Stack UPMC,207,112,133,161,613,1.63,100
5675,CK Stack UPMC,159,128,120,123,530,1.89,100
5676,CK Stack UPMC,182,129,139,124,574,1.74,100
5677,CK Stack UPMC,132,129,140,118,519,1.93,100
5678,CK Stack UPMC,245,120,114,118,597,1.68,100
5679,CK Stack UPMC,201,130,152,185,668,1.50,100
5680,CK Stack UPMC,183,139,167,126,615,1.63,100
5681,CK Stack UPMC,188,128,147,184,647,1.55,100
5682,CK Stack UPMC,152,138,123,124,537,1.86,100
5683,CK Stack UPMC,142,145,152,125,564,1.77,100
5684,CK Stack UPMC,184,126,144,123,577,1.73,100
5685,CK Stack UPMC,208,125,133,123,589,1.70,100
5686,CK Stack UPMC,144,124,125,123,516,1.94,100
5687,CK Stack UPMC,138,126,150,124,538,1.86,100
5688,CK Stack UPMC,222,127,130,124,603,1.66,100
5689,CK Stack UPMC,163,121,142,123,549,1.82,100
5690,CK Stack UPMC,151,124,161,122,558,1.79,100
5691,CK Stack UPMC,181,121,162,125,589,1.70,100
5692,CK Stack UPMC,144,122,147,120,533,1.88,100
5693,CK Stack UPMC,195,122,145,140,602,1.66,100
5694,CK Stack UPMC,128,118,136,121,503,1.99,100
5695,CK Stack UPMC,212,121,126,122,581,1.72,100
5696,CK Stack UPMC,176,123,128,149,576,1.74,100
5697,CK Stack UPMC,184,133,134,165,616,1.62,100
5698,CK Stack UPMC,187,129,142,123,581,1.72,100
5699,CK Stack UPMC,213,131,140,117,601,1.66,100
5700,CK Stack UPMC,205,128,118,121,572,1.75,100
5701,CK Stack UPMC,148,134,150,139,571,1.75,100
5702,CK Stack UPMC,145,148,156,124,573,1.75,100
5703,CK Stack UPMC,165,118,129,120,532,1.88,100
5704,CK Stack UPMC,169,133,149,186,637,1.57,100
5705,CK Stack UPMC,159,122,129,120,530,1.89,100
5706,CK Stack UPMC,173,124,144,128,569,1.76,100
5707,CK Stack UPMC,141,135,142,123,541,1.85,100
5708,CK Stack UPMC,154,137,141,123,555,1.80,100
5709,CK Stack UPMC,181,147,154,120,602,1.66,100
5710,CK Stack UPMC,163,126,138,117,544,1.84,100
5711,CK Stack UPMC,132,142,157,125,556,1.80,100
5712,CK Stack UPMC,206,126,140,120,592,1.69,100
5713,CK Stack UPMC,141,144,153,133,571,1.75,100
5714,CK Stack UPMC,167,115,157,126,565,1.77,100
5715,CK Stack UPMC,156,126,140,124,546,1.83,100
5716,CK Stack UPMC,148,125,132,124,529,1.89,100
5717,CK Stack UPMC,199,130,162,140,631,1.58,100
5718,CK Stack UPMC,219,121,120,176,636,1.57,100
5719,CK Stack UPMC,131,119,140,121,511,1.96,100
5720,CK Stack UPMC,150,129,132,125,536,1.87,100
5721,CK Stack UPMC,194,133,133,119,579,1.73,100
5722,CK Stack UPMC,187,144,156,186,673,1.49,100
5723,CK Stack UPMC,186,127,134,122,569,1.76,100
5724,CK Stack UPMC,155,129,138,118,540,1.85,100
5725,CK Stack UPMC,206,135,142,128,611,1.64,100
5726,CK Stack UPMC,179,125,139,125,568,1.76,100
5727,CK Stack UPMC,166,126,134,169,595,1.68,100
5728,CK Stack UPMC,130,128,125,118,501,2.00,100
5729,CK Stack UPMC,240,123,157,115,635,1.57,100
5730,CK Stack UPMC,141,130,163,118,552,1.81,100
5731,CK Stack UPMC,176,124,151,126,577,1.73,100
5732,CK Stack UPMC,179,130,156,123,588,1.70,100
5733,CK Stack UPMC,163,124,129,115,531,1.88,100
5734,CK Stack UPMC,142,138,155,119,554,1.81,100
5735,CK Stack UPMC,160,124,145,129,558,1.79,100
5736,CK Stack UPMC,135,146,159,121,561,1.78,100
5737,CK Stack UPMC,172,129,159,189,649,1.54,100
5738,CK Stack UPMC,129,134,148,118,529,1.89,100
5739,CK Stack UPMC,155,130,142,129,556,1.80,100
5740,CK Stack UPMC,138,131,133,121,523,1.91,100
5741,CK Stack UPMC,179,126,139,124,568,1.76,100
5742,CK Stack UPMC,144,128,138,179,589,1.70,100
5743,CK Stack UPMC,134,123,138,121,516,1.94,100
5744,CK Stack UPMC,182,137,142,118,579,1.73,100
5745,CK Stack UPMC,181,148,152,124,605,1.65,100
5746,CK Stack UPMC,168,139,140,179,626,1.60,100
5747,CK Stack UPMC,228,133,174,119,654,1.53,100
5748,CK Stack UPMC,147,116,132,115,510,1.96,100
5749,CK Stack UPMC,156,146,155,126,583,1.72,100
5750,CK Stack UPMC,171,137,128,124,560,1.79,100
5751,CK Stack UPMC,227,124,126,185,662,1.51,100
5752,CK Stack UPMC,185,132,116,126,559,1.79,100
5753,CK Stack UPMC,188,119,148,124,579,1.73,100
5754,CK Stack UPMC,158,367,149,128,802,1.25,100
5755,CK Stack UPMC,167,133,155,126,581,1.72,100
5756,CK Stack UPMC,289,126,127,125,667,1.50,100
5757,CK Stack UPMC,132,135,141,122,530,1.89,100
5758,CK Stack UPMC,188,117,140,123,568,1.76,100
5759,CK Stack UPMC,132,121,133,139,525,1.90,100
5760,CK Stack UPMC,118,124,136,124,502,1.99,100
5761,CK Stack UPMC,152,113,140,121,526,1.90,100
5762,CK Stack UPMC,175,127,156,146,604,1.66,100
5763,CK Stack UPMC,177,123,135,129,564,1.77,100
5764,CK Stack UPMC,236,131,152,132,651,1.54,100
5765,CK Stack UPMC,182,138,135,125,580,1.72,100
5766,CK Stack UPMC,175,110,163,124,572,1.75,100
5767,CK Stack UPMC,129,126,123,116,494,2.02,100
5768,CK Stack UPMC,239,125,160,123,647,1.55,100
5769,CK Stack UPMC,169,134,133,191,627,1.59,100
5770,CK Stack UPMC,153,128,128,126,535,1.87,100
5771,CK Stack UPMC,128,128,136,121,513,1.95,100
5772,CK Stack UPMC,151,125,208,126,610,1.64,100
5773,CK Stack UPMC,194,117,119,123,553,1.81,100
5774,CK Stack UPMC,134,127,164,126,551,1.81,100
5775,CK Stack UPMC,189,126,139,124,578,1.73,100
5776,CK Stack UPMC,137,127,154,123,541,1.85,100
5777,CK Stack UPMC,135,141,152,126,554,1.81,100
5778,CK Stack UPMC,152,124,139,127,542,1.85,100
5779,CK Stack UPMC,211,137,155,124,627,1.59,100
5780,CK Stack UPMC,193,118,157,121,589,1.70,100
5781,CK Stack UPMC,194,124,137,117,572,1.75,100
5782,CK Stack UPMC,199,122,131,125,577,1.73,100
5783,CK Stack UPMC,184,129,162,123,598,1.67,100
5784,CK Stack UPMC,182,124,139,122,567,1.76,100
5785,CK Stack UPMC,162,130,166,168,626,1.60,100
5786,CK Stack UPMC,179,131,142,125,577,1.73,100
5787,CK Stack UPMC,154,124,137,118,533,1.88,100
5788,CK Stack UPMC,181,121,130,117,549,1.82,100
5789,CK Stack UPMC,179,126,143,140,588,1.70,100
5790,CK Stack UPMC,164,139,151,119,573,1.75,100
5791,CK Stack UPMC,179,121,158,123,581,1.72,100
5792,CK Stack UPMC,183,115,132,125,555,1.80,100
5793,CK Stack UPMC,190,119,153,124,586,1.71,100
5794,CK Stack UPMC,169,136,152,125,582,1.72,100
5795,CK Stack UPMC,185,124,128,124,561,1.78,100
5796,CK Stack UPMC,170,130,149,124,573,1.75,100
5797,CK Stack UPMC,117,124,133,115,489,2.04,100
5798,CK Stack UPMC,183,133,140,118,574,1.74,100
5799,CK Stack UPMC,175,130,148,124,577,1.73,100
5800,CK Stack UPMC,133,136,132,183,584,1.71,100
5801,CK Stack UPMC,179,128,120,121,548,1.82,100
5802,CK Stack UPMC,141,122,126,123,512,1.95,100
5803,CK Stack UPMC,194,117,137,128,576,1.74,100
5804,CK Stack UPMC,155,128,134,128,545,1.83,100
5805,CK Stack UPMC,135,129,148,140,552,1.81,100
5806,CK Stack UPMC,142,130,116,164,552,1.81,100
5807,CK Stack UPMC,138,131,146,118,533,1.88,100
5808,CK Stack UPMC,198,122,130,145,595,1.68,100
5809,CK Stack UPMC,143,130,159,124,556,1.80,100
5810,CK Stack UPMC,192,110,110,127,539,1.86,100
5811,CK Stack UPMC,144,133,132,114,523,1.91,100
5812,CK Stack UPMC,151,125,129,126,531,1.88,100
5813,CK Stack UPMC,149,125,133,124,531,1.88,100
5814,CK Stack UPMC,137,118,139,124,518,1.93,100
5815,CK Stack UPMC,179,136,168,126,609,1.64,100
5816,CK Stack UPMC,190,128,156,122,596,1.68,100
5817,CK Stack UPMC,198,128,146,122,594,1.68,100
5818,CK Stack UPMC,130,131,141,119,521,1.92,100
5819,CK Stack UPMC,186,127,158,118,589,1.70,100
5820,CK Stack UPMC,128,125,150,125,528,1.89,100
5821,CK Stack UPMC,206,127,135,122,590,1.69,100
5822,CK Stack UPMC,174,127,141,122,564,1.77,100
5823,CK Stack UPMC,214,120,135,125,594,1.68,100
5824,CK Stack UPMC,137,127,135,124,523,1.91,100
5825,CK Stack UPMC,128,114,145,120,507,1.97,100
5826,CK Stack UPMC,184,128,125,124,561,1.78,100
5827,CK Stack UPMC,133,124,138,154,549,1.82,100
5828,CK Stack UPMC,182,109,164,178,633,1.58,100
5829,CK Stack UPMC,212,129,130,120,591,1.69,100
5830,CK Stack UPMC,177,125,155,121,578,1.73,100
5831,CK Stack UPMC,202,127,140,117,586,1.71,100
5832,CK Stack UPMC,155,117,136,122,530,1.89,100
5833,CK Stack UPMC,154,130,142,125,551,1.81,100
5834,CK Stack UPMC,141,118,137,124,520,1.92,100
5835,CK Stack UPMC,163,126,140,124,553,1.81,100
5836,CK Stack UPMC,233,139,154,127,653,1.53,100
5837,CK Stack UPMC,216,134,155,122,627,1.59,100
5838,CK Stack UPMC,174,135,180,124,613,1.63,100
5839,CK Stack UPMC,148,135,145,141,569,1.76,100
5840,CK Stack UPMC,184,132,163,141,620,1.61,100
5841,CK Stack UPMC,208,118,143,124,593,1.69,100
5842,CK Stack UPMC,212,143,135,128,618,1.62,100
5843,CK Stack UPMC,128,120,118,123,489,2.04,100
5844,CK Stack UPMC,210,118,140,123,591,1.69,100
5845,CK Stack UPMC,221,133,145,181,680,1.47,100
5846,CK Stack UPMC,121,122,135,121,499,2.00,100
5847,CK Stack UPMC,184,135,146,130,595,1.68,100
5848,CK Stack UPMC,162,132,136,122,552,1.81,100
5849,CK Stack UPMC,187,117,174,124,602,1.66,100
5850,CK Stack UPMC,204,126,153,126,609,1.64,100
5851,CK Stack UPMC,142,137,138,117,534,1.87,100
5852,CK Stack UPMC,173,130,135,127,565,1.77,100
5853,CK Stack UPMC,234,130,135,125,624,1.60,100
5854,CK Stack UPMC,145,121,136,121,523,1.91,100
5855,CK Stack UPMC,269,137,175,125,706,1.42,100
5856,CK Stack UPMC,135,128,131,123,517,1.93,100
5857,CK Stack UPMC,172,132,156,127,587,1.70,100
5858,CK Stack UPMC,214,128,154,123,619,1.62,100
5859,CK Stack UPMC,212,115,148,128,603,1.66,100
5860,CK Stack UPMC,99,126,161,121,507,1.97,100
5861,CK Stack UPMC,180,130,147,123,580,1.72,100
5862,CK Stack UPMC,186,125,132,126,569,1.76,100
5863,CK Stack UPMC,180,119,143,124,566,1.77,100
5864,CK Stack UPMC,154,130,143,117,544,1.84,100
5865,CK Stack UPMC,171,120,140,127,558,1.79,100
5866,CK Stack UPMC,168,128,141,121,558,1.79,100
5867,CK Stack UPMC,154,126,149,138,567,1.76,100
5868,CK Stack UPMC,212,135,145,117,609,1.64,100
5869,CK Stack UPMC,153,127,145,123,548,1.82,100
5870,CK Stack UPMC,130,133,129,137,529,1.89,100
5871,CK Stack UPMC,125,126,132,121,504,1.98,100
5872,CK Stack UPMC,185,132,122,119,558,1.79,100
5873,CK Stack UPMC,190,125,135,125,575,1.74,100
5874,CK Stack UPMC,125,112,124,124,485,2.06,100
5875,CK Stack UPMC,173,126,131,130,560,1.79,100
5876,CK Stack UPMC,140,124,137,124,525,1.90,100
5877,CK Stack UPMC,212,139,152,123,626,1.60,100
5878,CK Stack UPMC,138,137,141,124,540,1.85,100
5879,CK Stack UPMC,182,130,132,115,559,1.79,100
5880,CK Stack UPMC,160,126,179,121,586,1.71,100
5881,CK Stack UPMC,145,131,136,127,539,1.86,100
5882,CK Stack UPMC,132,133,145,137,547,1.83,100
5883,CK Stack UPMC,160,111,143,124,538,1.86,100
5884,CK Stack UPMC,153,129,143,123,548,1.82,100
5885,CK Stack UPMC,203,133,157,125,618,1.62,100
5886,CK Stack UPMC,157,131,168,123,579,1.73,100
5887,CK Stack UPMC,157,140,172,123,592,1.69,100
5888,CK Stack UPMC,172,135,140,124,571,1.75,100
5889,CK Stack UPMC,162,138,132,117,549,1.82,100
5890,CK Stack UPMC,158,123,151,119,551,1.81,100
5891,CK Stack UPMC,186,143,148,177,654,1.53,100
5892,CK Stack UPMC,180,123,140,126,569,1.76,100
5893,CK Stack UPMC,188,125,144,185,642,1.56,100
5894,CK Stack UPMC,205,124,166,125,620,1.61,100
5895,CK Stack UPMC,178,134,153,116,581,1.72,100
5896,CK Stack UPMC,141,124,146,122,533,1.88,100
5897,CK Stack UPMC,191,130,137,123,581,1.72,100
5898,CK Stack UPMC,122,126,146,130,524,1.91,100
5899,CK Stack UPMC,193,112,131,125,561,1.78,100
5900,CK Stack UPMC,124,140,135,123,522,1.92,100
5901,CK Stack UPMC,162,137,139,122,560,1.79,100
5902,CK Stack UPMC,144,133,149,124,550,1.82,100
5903,CK Stack UPMC,175,126,145,125,571,1.75,100
5904,CK Stack UPMC,212,134,143,180,669,1.49,100
5905,CK Stack UPMC,171,124,143,124,562,1.78,100
5906,CK Stack UPMC,243,127,153,123,646,1.55,100
5907,CK Stack UPMC,159,134,153,128,574,1.74,100
5908,CK Stack UPMC,194,136,155,202,687,1.46,100
5909,CK Stack UPMC,202,113,127,125,567,1.76,100
5910,CK Stack UPMC,167,127,137,124,555,1.80,100
5911,CK Stack UPMC,148,120,146,121,535,1.87,100
5912,CK Stack UPMC,185,127,148,128,588,1.70,100
5913,CK Stack UPMC,145,126,146,183,600,1.67,100
5914,CK Stack UPMC,230,136,154,128,648,1.54,100
5915,CK Stack UPMC,217,128,156,184,685,1.46,100
5916,CK Stack UPMC,141,124,134,134,533,1.88,100
5917,CK Stack UPMC,220,127,150,120,617,1.62,100
5918,CK Stack UPMC,163,119,158,141,581,1.72,100
5919,CK Stack UPMC,145,121,175,178,619,1.62,100
5920,CK Stack UPMC,175,130,141,136,582,1.72,100
5921,CK Stack UPMC,180,126,146,124,576,1.74,100
5922,CK Stack UPMC,125,121,141,142,529,1.89,100
5923,CK Stack UPMC,156,125,138,122,541,1.85,100
5924,CK Stack UPMC,152,124,150,118,544,1.84,100
5925,CK Stack UPMC,129,121,141,123,514,1.95,100
5926,CK Stack UPMC,143,134,136,118,531,1.88,100
5927,CK Stack UPMC,146,130,162,126,564,1.77,100
5928,CK Stack UPMC,185,132,149,151,617,1.62,100
5929,CK Stack UPMC,184,125,130,128,567,1.76,100
5930,CK Stack UPMC,158,126,152,128,564,1.77,100
5931,CK Stack UPMC,157,143,131,128,559,1.79,100
5932,CK Stack UPMC,134,125,133,124,516,1.94,100
5933,CK Stack UPMC,127,123,152,123,525,1.90,100
5934,CK Stack UPMC,174,141,137,125,577,1.73,100
5935,CK Stack UPMC,183,120,138,125,566,1.77,100
5936,CK Stack UPMC,143,143,133,121,540,1.85,100
5937,CK Stack UPMC,128,126,142,121,517,1.93,100
5938,CK Stack UPMC,163,126,155,124,568,1.76,100
5939,CK Stack UPMC,188,120,132,119,559,1.79,100
5940,CK Stack UPMC,129,134,143,139,545,1.83,100
5941,CK Stack UPMC,178,123,133,119,553,1.81,100
5942,CK Stack UPMC,163,125,148,122,558,1.79,100
5943,CK Stack UPMC,105,121,137,124,487,2.05,100
5944,CK Stack UPMC,152,144,169,124,589,1.70,100
5945,CK Stack UPMC,238,138,130,123,629,1.59,100
5946,CK Stack UPMC,129,128,144,143,544,1.84,100
5947,CK Stack UPMC,254,367,129,121,871,1.15,100
5948,CK Stack UPMC,188,121,137,124,570,1.75,100
5949,CK Stack UPMC,196,122,129,122,569,1.76,100
5950,CK Stack UPMC,175,126,125,126,552,1.81,100
5951,CK Stack UPMC,262,121,141,126,650,1.54,100
5952,CK Stack UPMC,227,128,125,127,607,1.65,100
5953,CK Stack UPMC,158,132,155,126,571,1.75,100
5954,CK Stack UPMC,203,131,161,125,620,1.61,100
5955,CK Stack UPMC,148,132,143,128,551,1.81,100
5956,CK Stack UPMC,121,133,173,122,549,1.82,100
5957,CK Stack UPMC,177,130,146,129,582,1.72,100
5958,CK Stack UPMC,133,131,155,126,545,1.83,100
5959,CK Stack UPMC,187,123,144,124,578,1.73,100
5960,CK Stack UPMC,188,121,125,121,555,1.80,100
5961,CK Stack UPMC,133,133,141,135,542,1.85,100
5962,CK Stack UPMC,133,119,129,127,508,1.97,100
5963,CK Stack UPMC,151,127,138,123,539,1.86,100
5964,CK Stack UPMC,181,122,129,143,575,1.74,100
5965,CK Stack UPMC,144,125,142,121,532,1.88,100
5966,CK Stack UPMC,152,128,139,122,541,1.85,100
5967,CK Stack UPMC,162,125,140,121,548,1.82,100
5968,CK Stack UPMC,126,124,133,140,523,1.91,100
5969,CK Stack UPMC,195,121,146,192,654,1.53,100
5970,CK Stack UPMC,233,114,128,127,602,1.66,100
5971,CK Stack UPMC,142,124,140,126,532,1.88,100
5972,CK Stack UPMC,150,129,133,128,540,1.85,100
5973,CK Stack UPMC,143,120,136,124,523,1.91,100
5974,CK Stack UPMC,182,135,132,174,623,1.61,100
5975,CK Stack UPMC,157,133,133,122,545,1.83,100
5976,CK Stack UPMC,188,114,133,125,560,1.79,100
5977,CK Stack UPMC,127,130,137,120,514,1.95,100
5978,CK Stack UPMC,182,124,135,122,563,1.78,100
5979,CK Stack UPMC,129,131,142,125,527,1.90,100
5980,CK Stack UPMC,164,126,141,125,556,1.80,100
5981,CK Stack UPMC,129,122,148,119,518,1.93,100
5982,CK Stack UPMC,121,126,148,126,521,1.92,100
5983,CK Stack UPMC,134,128,170,125,557,1.80,100
5984,CK Stack UPMC,201,121,135,115,572,1.75,100
5985,CK Stack UPMC,145,137,126,124,532,1.88,100
5986,CK Stack UPMC,121,127,153,123,524,1.91,100
5987,CK Stack UPMC,174,129,150,143,596,1.68,100
5988,CK Stack UPMC,238,133,143,123,637,1.57,100
5989,CK Stack UPMC,198,133,137,132,600,1.67,100
5990,CK Stack UPMC,263,126,132,136,657,1.52,100
5991,CK Stack UPMC,186,119,157,128,590,1.69,100
5992,CK Stack UPMC,180,131,139,126,576,1.74,100
5993,CK Stack UPMC,140,116,158,128,542,1.85,100
5994,CK Stack UPMC,127,124,154,125,530,1.89,100
5995,CK Stack UPMC,136,129,143,190,598,1.67,100
5996,CK Stack UPMC,178,123,127,118,546,1.83,100
5997,CK Stack UPMC,95,124,122,126,467,2.14,100
5998,CK Stack UPMC,235,136,141,124,636,1.57,100
5999,CK Stack UPMC,106,141,122,117,486,2.06,100
6000,CK Stack UPMC,188,138,161,122,609,1.64,100
6001,IO_URING Ring,116,105,141,53,415,2.41,100
6002,IO_URING Ring,119,106,104,53,382,2.62,100
6003,IO_URING Ring,113,108,102,55,378,2.65,100
6004,IO_URING Ring,151,102,123,51,427,2.34,100
6005,IO_URING Ring,138,108,114,70,430,2.33,100
6006,IO_URING Ring,130,131,139,58,458,2.18,100
6007,IO_URING Ring,109,103,146,38,396,2.53,100
6008,IO_URING Ring,167,108,86,53,414,2.42,100
6009,IO_URING Ring,118,108,94,53,373,2.68,100
6010,IO_URING Ring,159,123,102,53,437,2.29,100
6011,IO_URING Ring,165,103,89,46,403,2.48,100
6012,IO_URING Ring,127,113,94,53,387,2.58,100
6013,IO_URING Ring,159,104,81,42,386,2.59,100
6014,IO_URING Ring,113,107,99,51,370,2.70,100
6015,IO_URING Ring,150,104,86,56,396,2.53,100
6016,IO_URING Ring,137,107,104,53,401,2.49,100
6017,IO_URING Ring,118,113,121,68,420,2.38,100
6018,IO_URING Ring,118,111,116,54,399,2.51,100
6019,IO_URING Ring,135,105,101,48,389,2.57,100
6020,IO_URING Ring,114,109,93,42,358,2.79,100
6021,IO_URING Ring,123,121,88,66,398,2.51,100
6022,IO_URING Ring,108,108,102,42,360,2.78,100
6023,IO_URING Ring,126,106,83,52,367,2.72,100
6024,IO_URING Ring,138,113,99,53,403,2.48,100
6025,IO_URING Ring,175,104,81,53,413,2.42,100
6026,IO_URING Ring,123,112,103,53,391,2.56,100
6027,IO_URING Ring,120,110,139,42,411,2.43,100
6028,IO_URING Ring,207,113,92,84,496,2.02,100
6029,IO_URING Ring,152,109,106,41,408,2.45,100
6030,IO_URING Ring,161,113,83,38,395,2.53,100
6031,IO_URING Ring,112,112,107,41,372,2.69,100
6032,IO_URING Ring,120,112,92,42,366,2.73,100
6033,IO_URING Ring,111,115,95,42,363,2.75,100
6034,IO_URING Ring,113,108,110,38,369,2.71,100
6035,IO_URING Ring,128,106,95,42,371,2.70,100
6036,IO_URING Ring,123,108,98,71,400,2.50,100
6037,IO_URING Ring,142,106,97,53,398,2.51,100
6038,IO_URING Ring,121,106,116,49,392,2.55,100
6039,IO_URING Ring,126,107,108,69,410,2.44,100
6040,IO_URING Ring,127,111,122,48,408,2.45,100
6041,IO_URING Ring,188,107,98,38,431,2.32,100
6042,IO_URING Ring,149,106,88,53,396,2.53,100
6043,IO_URING Ring,149,107,88,49,393,2.54,100
6044,IO_URING Ring,123,103,95,52,373,2.68,100
6045,IO_URING Ring,125,103,96,52,376,2.66,100
6046,IO_URING Ring,111,104,91,54,360,2.78,100
6047,IO_URING Ring,154,110,101,49,414,2.42,100
6048,IO_URING Ring,108,109,132,53,402,2.49,100
6049,IO_URING Ring,172,111,111,43,437,2.29,100
6050,IO_URING Ring,119,109,94,55,377,2.65,100
6051,IO_URING Ring,162,101,102,33,398,2.51,100
6052,IO_URING Ring,171,119,117,67,474,2.11,100
6053,IO_URING Ring,123,115,136,42,416,2.40,100
6054,IO_URING Ring,122,104,101,53,380,2.63,100
6055,IO_URING Ring,124,114,112,50,400,2.50,100
6056,IO_URING Ring,129,108,132,49,418,2.39,100
6057,IO_URING Ring,118,109,104,42,373,2.68,100
6058,IO_URING Ring,147,104,77,50,378,2.65,100
6059,IO_URING Ring,136,108,136,42,422,2.37,100
6060,IO_URING Ring,156,105,85,51,397,2.52,100
6061,IO_URING Ring,123,105,80,42,350,2.86,100
6062,IO_URING Ring,170,105,101,53,429,2.33,100
6063,IO_URING Ring,220,123,97,101,541,1.85,100
6064,IO_URING Ring,112,104,104,54,374,2.67,100
6065,IO_URING Ring,113,106,120,51,390,2.56,100
6066,IO_URING Ring,138,126,126,47,437,2.29,100
6067,IO_URING Ring,125,107,91,47,370,2.70,100
6068,IO_URING Ring,127,109,108,84,428,2.34,100
6069,IO_URING Ring,112,105,104,52,373,2.68,100
6070,IO_URING Ring,114,107,113,42,376,2.66,100
6071,IO_URING Ring,119,101,101,68,389,2.57,100
6072,IO_URING Ring,114,111,125,50,400,2.50,100
6073,IO_URING Ring,114,106,92,50,362,2.76,100
6074,IO_URING Ring,162,113,119,48,442,2.26,100
6075,IO_URING Ring,114,112,89,53,368,2.72,100
6076,IO_URING Ring,120,106,89,41,356,2.81,100
6077,IO_URING Ring,146,109,122,51,428,2.34,100
6078,IO_URING Ring,136,105,98,68,407,2.46,100
6079,IO_URING Ring,128,105,78,53,364,2.75,100
6080,IO_URING Ring,112,106,115,54,387,2.58,100
6081,IO_URING Ring,174,108,92,53,427,2.34,100
6082,IO_URING Ring,123,107,86,46,362,2.76,100
6083,IO_URING Ring,143,110,98,42,393,2.54,100
6084,IO_URING Ring,126,104,101,39,370,2.70,100
6085,IO_URING Ring,113,120,106,45,384,2.60,100
6086,IO_URING Ring,118,107,83,52,360,2.78,100
6087,IO_URING Ring,167,116,88,53,424,2.36,100
6088,IO_URING Ring,138,107,84,52,381,2.62,100
6089,IO_URING Ring,122,114,101,54,391,2.56,100
6090,IO_URING Ring,125,104,127,90,446,2.24,100
6091,IO_URING Ring,173,104,115,53,445,2.25,100
6092,IO_URING Ring,169,104,91,42,406,2.46,100
6093,IO_URING Ring,131,113,92,37,373,2.68,100
6094,IO_URING Ring,127,119,113,53,412,2.43,100
6095,IO_URING Ring,123,104,84,53,364,2.75,100
6096,IO_URING Ring,121,100,93,50,364,2.75,100
6097,IO_URING Ring,146,105,91,52,394,2.54,100
6098,IO_URING Ring,150,110,88,53,401,2.49,100
6099,IO_URING Ring,128,101,86,52,367,2.72,100
6100,IO_URING Ring,122,114,118,54,408,2.45,100
6101,IO_URING Ring,155,104,100,52,411,2.43,100
6102,IO_URING Ring,114,108,94,54,370,2.70,100
6103,IO_URING Ring,124,110,107,66,407,2.46,100
6104,IO_URING Ring,203,106,92,53,454,2.20,100
6105,IO_URING Ring,124,106,98,64,392,2.55,100
6106,IO_URING Ring,141,105,84,51,381,2.62,100
6107,IO_URING Ring,125,103,106,72,406,2.46,100
6108,IO_URING Ring,129,102,116,50,397,2.52,100
6109,IO_URING Ring,145,104,100,54,403,2.48,100
6110,IO_URING Ring,164,106,90,49,409,2.44,100
6111,IO_URING Ring,120,104,84,48,356,2.81,100
6112,IO_URING Ring,157,113,109,50,429,2.33,100
6113,IO_URING Ring,123,104,103,52,382,2.62,100
6114,IO_URING Ring,127,114,95,53,389,2.57,100
6115,IO_URING Ring,110,123,101,53,387,2.58,100
6116,IO_URING Ring,155,119,98,47,419,2.39,100
6117,IO_URING Ring,117,106,104,55,382,2.62,100
6118,IO_URING Ring,126,106,84,52,368,2.72,100
6119,IO_URING Ring,133,103,96,42,374,2.67,100
6120,IO_URING Ring,170,101,95,32,398,2.51,100
6121,IO_URING Ring,130,108,124,55,417,2.40,100
6122,IO_URING Ring,129,103,99,52,383,2.61,100
6123,IO_URING Ring,130,115,95,53,393,2.54,100
6124,IO_URING Ring,141,122,105,54,422,2.37,100
6125,IO_URING Ring,131,108,110,33,382,2.62,100
6126,IO_URING Ring,126,112,90,53,381,2.62,100
6127,IO_URING Ring,117,102,92,42,353,2.83,100
6128,IO_URING Ring,129,104,79,48,360,2.78,100
6129,IO_URING Ring,114,109,99,42,364,2.75,100
6130,IO_URING Ring,165,107,102,48,422,2.37,100
6131,IO_URING Ring,113,106,94,52,365,2.74,100
6132,IO_URING Ring,135,105,96,51,387,2.58,100
6133,IO_URING Ring,118,105,95,48,366,2.73,100
6134,IO_URING Ring,143,104,98,47,392,2.55,100
6135,IO_URING Ring,123,102,87,50,362,2.76,100
6136,IO_URING Ring,128,104,118,54,404,2.48,100
6137,IO_URING Ring,158,110,109,53,430,2.33,100
6138,IO_URING Ring,120,109,107,53,389,2.57,100
6139,IO_URING Ring,177,105,100,54,436,2.29,100
6140,IO_URING Ring,116,108,91,52,367,2.72,100
6141,IO_URING Ring,118,103,96,51,368,2.72,100
6142,IO_URING Ring,146,102,78,54,380,2.63,100
6143,IO_URING Ring,159,104,77,62,402,2.49,100
6144,IO_URING Ring,151,108,99,48,406,2.46,100
6145,IO_URING Ring,129,115,83,52,379,2.64,100
6146,IO_URING Ring,138,107,101,53,399,2.51,100
6147,IO_URING Ring,123,108,101,52,384,2.60,100
6148,IO_URING Ring,142,106,108,52,408,2.45,100
6149,IO_URING Ring,187,109,81,53,430,2.33,100
6150,IO_URING Ring,136,111,95,48,390,2.56,100
6151,IO_URING Ring,131,104,105,53,393,2.54,100
6152,IO_URING Ring,184,104,76,52,416,2.40,100
6153,IO_URING Ring,147,110,96,72,425,2.35,100
6154,IO_URING Ring,141,108,89,53,391,2.56,100
6155,IO_URING Ring,147,111,127,53,438,2.28,100
6156,IO_URING Ring,141,110,86,52,389,2.57,100
6157,IO_URING Ring,134,110,87,53,384,2.60,100
6158,IO_URING Ring,144,104,101,54,403,2.48,100
6159,IO_URING Ring,149,107,83,49,388,2.58,100
6160,IO_URING Ring,147,106,83,36,372,2.69,100
6161,IO_URING Ring,121,110,87,42,360,2.78,100
6162,IO_URING Ring,130,121,137,52,440,2.27,100
6163,IO_URING Ring,140,107,85,54,386,2.59,100
6164,IO_URING Ring,119,107,90,53,369,2.71,100
6165,IO_URING Ring,122,110,113,51,396,2.53,100
6166,IO_URING Ring,146,105,94,53,398,2.51,100
6167,IO_URING Ring,127,129,124,48,428,2.34,100
6168,IO_URING Ring,130,121,107,51,409,2.44,100
6169,IO_URING Ring,139,102,86,54,381,2.62,100
6170,IO_URING Ring,111,106,122,47,386,2.59,100
6171,IO_URING Ring,135,109,106,53,403,2.48,100
6172,IO_URING Ring,139,109,90,49,387,2.58,100
6173,IO_URING Ring,161,104,105,52,422,2.37,100
6174,IO_URING Ring,126,102,109,52,389,2.57,100
6175,IO_URING Ring,131,111,96,52,390,2.56,100
6176,IO_URING Ring,128,108,101,53,390,2.56,100
6177,IO_URING Ring,172,103,103,42,420,2.38,100
6178,IO_URING Ring,127,104,86,50,367,2.72,100
6179,IO_URING Ring,196,107,79,47,429,2.33,100
6180,IO_URING Ring,132,121,97,49,399,2.51,100
6181,IO_URING Ring,147,104,96,54,401,2.49,100
6182,IO_URING Ring,210,107,83,72,472,2.12,100
6183,IO_URING Ring,172,108,93,54,427,2.34,100
6184,IO_URING Ring,153,129,120,53,455,2.20,100
6185,IO_URING Ring,148,112,97,52,409,2.44,100
6186,IO_URING Ring,122,106,97,74,399,2.51,100
6187,IO_URING Ring,146,105,66,50,367,2.72,100
6188,IO_URING Ring,121,101,84,34,340,2.94,100
6189,IO_URING Ring,122,110,100,52,384,2.60,100
6190,IO_URING Ring,160,105,104,55,424,2.36,100
6191,IO_URING Ring,133,114,94,48,389,2.57,100
6192,IO_URING Ring,131,107,93,38,369,2.71,100
6193,IO_URING Ring,121,111,102,54,388,2.58,100
6194,IO_URING Ring,119,106,102,50,377,2.65,100
6195,IO_URING Ring,186,105,108,37,436,2.29,100
6196,IO_URING Ring,116,104,81,48,349,2.87,100
6197,IO_URING Ring,117,111,93,87,408,2.45,100
6198,IO_URING Ring,153,106,100,51,410,2.44,100
6199,IO_URING Ring,130,106,105,49,390,2.56,100
6200,IO_URING Ring,181,121,92,72,466,2.15,100
6201,IO_URING Ring,109,109,90,42,350,2.86,100
6202,IO_URING Ring,137,110,100,67,414,2.42,100
6203,IO_URING Ring,118,108,114,50,390,2.56,100
6204,IO_URING Ring,121,100,108,37,366,2.73,100
6205,IO_URING Ring,140,108,87,53,388,2.58,100
6206,IO_URING Ring,113,117,130,54,414,2.42,100
6207,IO_URING Ring,112,110,82,70,374,2.67,100
6208,IO_URING Ring,114,104,85,41,344,2.91,100
6209,IO_URING Ring,112,105,82,42,341,2.93,100
6210,IO_URING Ring,113,104,111,41,369,2.71,100
6211,IO_URING Ring,163,109,92,38,402,2.49,100
6212,IO_URING Ring,157,100,87,37,381,2.62,100
6213,IO_URING Ring,133,109,91,55,388,2.58,100
6214,IO_URING Ring,169,107,103,52,431,2.32,100
6215,IO_URING Ring,122,104,91,52,369,2.71,100
6216,IO_URING Ring,167,110,113,72,462,2.16,100
6217,IO_URING Ring,113,103,78,48,342,2.92,100
6218,IO_URING Ring,128,108,90,67,393,2.54,100
6219,IO_URING Ring,157,106,106,53,422,2.37,100
6220,IO_URING Ring,129,108,114,75,426,2.35,100
6221,IO_URING Ring,124,112,113,39,388,2.58,100
6222,IO_URING Ring,156,107,80,42,385,2.60,100
6223,IO_URING Ring,174,104,104,38,420,2.38,100
6224,IO_URING Ring,164,108,98,50,420,2.38,100
6225,IO_URING Ring,123,110,92,49,374,2.67,100
6226,IO_URING Ring,117,109,106,42,374,2.67,100
6227,IO_URING Ring,139,105,100,54,398,2.51,100
6228,IO_URING Ring,155,105,96,47,403,2.48,100
6229,IO_URING Ring,154,109,96,51,410,2.44,100
6230,IO_URING Ring,170,102,84,52,408,2.45,100
6231,IO_URING Ring,134,120,147,73,474,2.11,100
6232,IO_URING Ring,115,110,99,52,376,2.66,100
6233,IO_URING Ring,119,104,101,53,377,2.65,100
6234,IO_URING Ring,190,105,82,42,419,2.39,100
6235,IO_URING Ring,138,110,112,52,412,2.43,100
6236,IO_URING Ring,142,106,91,53,392,2.55,100
6237,IO_URING Ring,127,108,94,33,362,2.76,100
6238,IO_URING Ring,129,106,111,44,390,2.56,100
6239,IO_URING Ring,209,114,76,42,441,2.27,100
6240,IO_URING Ring,139,102,86,52,379,2.64,100
6241,IO_URING Ring,117,103,87,49,356,2.81,100
6242,IO_URING Ring,113,108,113,53,387,2.58,100
6243,IO_URING Ring,124,119,87,61,391,2.56,100
6244,IO_URING Ring,126,104,108,54,392,2.55,100
6245,IO_URING Ring,126,108,106,42,382,2.62,100
6246,IO_URING Ring,116,104,82,52,354,2.82,100
6247,IO_URING Ring,139,123,146,44,452,2.21,100
6248,IO_URING Ring,116,115,110,53,394,2.54,100
6249,IO_URING Ring,127,108,91,53,379,2.64,100
6250,IO_URING Ring,126,106,77,37,346,2.89,100
6251,IO_URING Ring,161,108,127,66,462,2.16,100
6252,IO_URING Ring,152,103,79,49,383,2.61,100
6253,IO_URING Ring,157,105,79,53,394,2.54,100
6254,IO_URING Ring,133,105,112,42,392,2.55,100
6255,IO_URING Ring,135,106,111,38,390,2.56,100
6256,IO_URING Ring,146,111,90,38,385,2.60,100
6257,IO_URING Ring,148,114,105,42,409,2.44,100
6258,IO_URING Ring,157,101,96,50,404,2.48,100
6259,IO_URING Ring,122,109,84,78,393,2.54,100
6260,IO_URING Ring,118,106,105,60,389,2.57,100
6261,IO_URING Ring,115,102,107,39,363,2.75,100
6262,IO_URING Ring,165,108,107,53,433,2.31,100
6263,IO_URING Ring,118,105,91,53,367,2.72,100
6264,IO_URING Ring,117,105,123,45,390,2.56,100
6265,IO_URING Ring,127,111,119,69,426,2.35,100
6266,IO_URING Ring,125,105,78,49,357,2.80,100
6267,IO_URING Ring,136,118,97,53,404,2.48,100
6268,IO_URING Ring,138,103,106,51,398,2.51,100
6269,IO_URING Ring,140,112,101,38,391,2.56,100
6270,IO_URING Ring,157,106,94,52,409,2.44,100
6271,IO_URING Ring,115,116,87,43,361,2.77,100
6272,IO_URING Ring,112,108,85,38,343,2.92,100
6273,IO_URING Ring,136,105,91,71,403,2.48,100
6274,IO_URING Ring,119,106,89,51,365,2.74,100
6275,IO_URING Ring,114,107,83,49,353,2.83,100
6276,IO_URING Ring,117,111,88,50,366,2.73,100
6277,IO_URING Ring,115,110,100,42,367,2.72,100
6278,IO_URING Ring,130,102,101,52,385,2.60,100
6279,IO_URING Ring,117,111,100,49,377,2.65,100
6280,IO_URING Ring,118,108,104,56,386,2.59,100
6281,IO_URING Ring,114,107,85,52,358,2.79,100
6282,IO_URING Ring,155,116,80,42,393,2.54,100
6283,IO_URING Ring,123,106,89,53,371,2.70,100
6284,IO_URING Ring,145,125,92,48,410,2.44,100
6285,IO_URING Ring,181,107,93,52,433,2.31,100
6286,IO_URING Ring,130,108,112,68,418,2.39,100
6287,IO_URING Ring,144,105,96,42,387,2.58,100
6288,IO_URING Ring,146,110,148,48,452,2.21,100
6289,IO_URING Ring,133,102,122,53,410,2.44,100
6290,IO_URING Ring,149,111,108,70,438,2.28,100
6291,IO_URING Ring,139,110,117,54,420,2.38,100
6292,IO_URING Ring,129,105,102,53,389,2.57,100
6293,IO_URING Ring,118,106,88,42,354,2.82,100
6294,IO_URING Ring,156,103,125,53,437,2.29,100
6295,IO_URING Ring,152,111,87,41,391,2.56,100
6296,IO_URING Ring,113,106,106,42,367,2.72,100
6297,IO_URING Ring,119,122,90,52,383,2.61,100
6298,IO_URING Ring,126,109,114,69,418,2.39,100
6299,IO_URING Ring,150,105,94,47,396,2.53,100
6300,IO_URING Ring,111,110,86,42,349,2.87,100
6301,IO_URING Ring,116,119,107,48,390,2.56,100
6302,IO_URING Ring,172,107,102,72,453,2.21,100
6303,IO_URING Ring,137,126,86,54,403,2.48,100
6304,IO_URING Ring,119,105,98,42,364,2.75,100
6305,IO_URING Ring,141,105,85,53,384,2.60,100
6306,IO_URING Ring,148,106,99,52,405,2.47,100
6307,IO_URING Ring,151,106,106,47,410,2.44,100
6308,IO_URING Ring,199,100,80,53,432,2.31,100
6309,IO_URING Ring,140,109,121,55,425,2.35,100
6310,IO_URING Ring,134,107,152,42,435,2.30,100
6311,IO_URING Ring,113,103,102,52,370,2.70,100
6312,IO_URING Ring,128,102,103,99,432,2.31,100
6313,IO_URING Ring,122,106,88,52,368,2.72,100
6314,IO_URING Ring,130,105,83,46,364,2.75,100
6315,IO_URING Ring,118,110,101,42,371,2.70,100
6316,IO_URING Ring,143,112,87,72,414,2.42,100
6317,IO_URING Ring,132,108,103,53,396,2.53,100
6318,IO_URING Ring,128,109,86,49,372,2.69,100
6319,IO_URING Ring,121,107,85,50,363,2.75,100
6320,IO_URING Ring,122,103,83,53,361,2.77,100
6321,IO_URING Ring,116,109,85,54,364,2.75,100
6322,IO_URING Ring,132,99,94,45,370,2.70,100
6323,IO_URING Ring,139,101,162,52,454,2.20,100
6324,IO_URING Ring,140,104,95,67,406,2.46,100
6325,IO_URING Ring,115,114,94,48,371,2.70,100
6326,IO_URING Ring,135,107,101,48,391,2.56,100
6327,IO_URING Ring,132,112,78,42,364,2.75,100
6328,IO_URING Ring,154,104,91,41,390,2.56,100
6329,IO_URING Ring,125,109,102,53,389,2.57,100
6330,IO_URING Ring,157,123,88,39,407,2.46,100
6331,IO_URING Ring,154,105,120,51,430,2.33,100
6332,IO_URING Ring,124,109,83,54,370,2.70,100
6333,IO_URING Ring,131,105,117,53,406,2.46,100
6334,IO_URING Ring,151,108,120,42,421,2.38,100
6335,IO_URING Ring,139,111,106,38,394,2.54,100
6336,IO_URING Ring,211,112,149,52,524,1.91,100
6337,IO_URING Ring,120,107,87,52,366,2.73,100
6338,IO_URING Ring,144,105,102,51,402,2.49,100
6339,IO_URING Ring,145,107,94,42,388,2.58,100
6340,IO_URING Ring,153,107,106,52,418,2.39,100
6341,IO_URING Ring,120,108,88,54,370,2.70,100
6342,IO_URING Ring,115,105,111,49,380,2.63,100
6343,IO_URING Ring,150,108,110,52,420,2.38,100
6344,IO_URING Ring,109,102,104,50,365,2.74,100
6345,IO_URING Ring,137,104,71,54,366,2.73,100
6346,IO_URING Ring,111,110,133,69,423,2.36,100
6347,IO_URING Ring,134,108,92,52,386,2.59,100
6348,IO_URING Ring,129,107,95,44,375,2.67,100
6349,IO_URING Ring,130,105,105,53,393,2.54,100
6350,IO_URING Ring,140,109,87,72,408,2.45,100
6351,IO_URING Ring,122,106,101,52,381,2.62,100
6352,IO_URING Ring,117,107,93,50,367,2.72,100
6353,IO_URING Ring,122,109,73,69,373,2.68,100
6354,IO_URING Ring,140,112,107,54,413,2.42,100
6355,IO_URING Ring,193,103,99,74,469,2.13,100
6356,IO_URING Ring,118,105,90,52,365,2.74,100
6357,IO_URING Ring,131,111,131,33,406,2.46,100
6358,IO_URING Ring,154,99,77,51,381,2.62,100
6359,IO_URING Ring,145,108,113,44,410,2.44,100
6360,IO_URING Ring,165,104,106,54,429,2.33,100
6361,IO_URING Ring,134,104,113,42,393,2.54,100
6362,IO_URING Ring,152,102,104,68,426,2.35,100
6363,IO_URING Ring,186,112,98,58,454,2.20,100
6364,IO_URING Ring,140,109,74,66,389,2.57,100
6365,IO_URING Ring,136,111,80,42,369,2.71,100
6366,IO_URING Ring,169,121,97,51,438,2.28,100
6367,IO_URING Ring,126,120,107,68,421,2.38,100
6368,IO_URING Ring,114,107,103,53,377,2.65,100
6369,IO_URING Ring,118,112,88,53,371,2.70,100
6370,IO_URING Ring,117,102,102,53,374,2.67,100
6371,IO_URING Ring,144,110,99,53,406,2.46,100
6372,IO_URING Ring,183,141,94,65,483,2.07,100
6373,IO_URING Ring,169,121,84,54,428,2.34,100
6374,IO_URING Ring,140,105,89,52,386,2.59,100
6375,IO_URING Ring,108,121,107,38,374,2.67,100
6376,IO_URING Ring,111,112,100,42,365,2.74,100
6377,IO_URING Ring,132,111,120,52,415,2.41,100
6378,IO_URING Ring,153,122,116,53,444,2.25,100
6379,IO_URING Ring,110,105,96,54,365,2.74,100
6380,IO_URING Ring,113,110,124,53,400,2.50,100
6381,IO_URING Ring,114,105,120,52,391,2.56,100
6382,IO_URING Ring,117,106,83,40,346,2.89,100
6383,IO_URING Ring,133,104,94,51,382,2.62,100
6384,IO_URING Ring,144,106,88,53,391,2.56,100
6385,IO_URING Ring,114,114,90,71,389,2.57,100
6386,IO_URING Ring,123,104,91,51,369,2.71,100
6387,IO_URING Ring,149,102,105,49,405,2.47,100
6388,IO_URING Ring,121,106,93,47,367,2.72,100
6389,IO_URING Ring,162,104,115,52,433,2.31,100
6390,IO_URING Ring,160,105,100,52,417,2.40,100
6391,IO_URING Ring,163,106,91,49,409,2.44,100
6392,IO_URING Ring,154,108,86,53,401,2.49,100
6393,IO_URING Ring,120,112,107,53,392,2.55,100
6394,IO_URING Ring,164,108,82,52,406,2.46,100
6395,IO_URING Ring,156,106,93,42,397,2.52,100
6396,IO_URING Ring,139,107,101,42,389,2.57,100
6397,IO_URING Ring,177,138,97,47,459,2.18,100
6398,IO_URING Ring,122,108,84,72,386,2.59,100
6399,IO_URING Ring,118,106,100,52,376,2.66,100
6400,IO_URING Ring,125,104,101,42,372,2.69,100
6401,IO_URING Ring,139,104,115,42,400,2.50,100
6402,IO_URING Ring,157,109,107,53,426,2.35,100
6403,IO_URING Ring,139,105,83,52,379,2.64,100
6404,IO_URING Ring,141,106,98,51,396,2.53,100
6405,IO_URING Ring,133,106,133,37,409,2.44,100
6406,IO_URING Ring,114,108,85,42,349,2.87,100
6407,IO_URING Ring,128,104,83,41,356,2.81,100
6408,IO_URING Ring,112,104,106,52,374,2.67,100
6409,IO_URING Ring,121,103,124,51,399,2.51,100
6410,IO_URING Ring,157,110,87,50,404,2.48,100
6411,IO_URING Ring,124,106,136,48,414,2.42,100
6412,IO_URING Ring,150,100,86,67,403,2.48,100
6413,IO_URING Ring,124,117,81,70,392,2.55,100
6414,IO_URING Ring,114,109,100,48,371,2.70,100
6415,IO_URING Ring,116,106,86,35,343,2.92,100
6416,IO_URING Ring,137,130,109,53,429,2.33,100
6417,IO_URING Ring,180,106,87,52,425,2.35,100
6418,IO_URING Ring,111,107,96,49,363,2.75,100
6419,IO_URING Ring,112,104,89,42,347,2.88,100
6420,IO_URING Ring,108,102,83,45,338,2.96,100
6421,IO_URING Ring,134,105,107,50,396,2.53,100
6422,IO_URING Ring,112,103,102,40,357,2.80,100
6423,IO_URING Ring,113,102,108,42,365,2.74,100
6424,IO_URING Ring,130,118,125,72,445,2.25,100
6425,IO_URING Ring,153,107,117,51,428,2.34,100
6426,IO_URING Ring,143,119,83,54,399,2.51,100
6427,IO_URING Ring,137,105,107,54,403,2.48,100
6428,IO_URING Ring,117,103,93,48,361,2.77,100
6429,IO_URING Ring,158,109,97,54,418,2.39,100
6430,IO_URING Ring,164,104,91,42,401,2.49,100
6431,IO_URING Ring,113,115,89,38,355,2.82,100
6432,IO_URING Ring,133,123,113,37,406,2.46,100
6433,IO_URING Ring,120,109,111,72,412,2.43,100
6434,IO_URING Ring,156,105,104,45,410,2.44,100
6435,IO_URING Ring,140,105,88,42,375,2.67,100
6436,IO_URING Ring,132,108,91,48,379,2.64,100
6437,IO_URING Ring,138,110,98,42,388,2.58,100
6438,IO_URING Ring,131,108,117,53,409,2.44,100
6439,IO_URING Ring,116,105,90,54,365,2.74,100
6440,IO_URING Ring,122,116,145,42,425,2.35,100
6441,IO_URING Ring,133,106,91,53,383,2.61,100
6442,IO_URING Ring,130,107,109,50,396,2.53,100
6443,IO_URING Ring,145,120,140,53,458,2.18,100
6444,IO_URING Ring,119,109,86,51,365,2.74,100
6445,IO_URING Ring,119,107,98,52,376,2.66,100
6446,IO_URING Ring,186,107,105,42,440,2.27,100
6447,IO_URING Ring,152,107,83,52,394,2.54,100
6448,IO_URING Ring,164,110,102,47,423,2.36,100
6449,IO_URING Ring,139,112,111,42,404,2.48,100
6450,IO_URING Ring,112,107,94,68,381,2.62,100
6451,IO_URING Ring,126,107,95,51,379,2.64,100
6452,IO_URING Ring,111,111,99,52,373,2.68,100
6453,IO_URING Ring,121,116,118,51,406,2.46,100
6454,IO_URING Ring,116,120,117,53,406,2.46,100
6455,IO_URING Ring,110,112,81,42,345,2.90,100
6456,IO_URING Ring,120,109,96,42,367,2.72,100
6457,IO_URING Ring,127,103,135,49,414,2.42,100
6458,IO_URING Ring,128,100,89,46,363,2.75,100
6459,IO_URING Ring,164,111,106,53,434,2.30,100
6460,IO_URING Ring,120,110,86,53,369,2.71,100
6461,IO_URING Ring,150,105,86,50,391,2.56,100
6462,IO_URING Ring,109,119,143,48,419,2.39,100
6463,IO_URING Ring,149,102,93,71,415,2.41,100
6464,IO_URING Ring,114,118,84,47,363,2.75,100
6465,IO_URING Ring,154,110,106,71,441,2.27,100
6466,IO_URING Ring,134,104,107,53,398,2.51,100
6467,IO_URING Ring,131,112,127,34,404,2.48,100
6468,IO_URING Ring,110,112,108,49,379,2.64,100
6469,IO_URING Ring,115,98,86,54,353,2.83,100
6470,IO_URING Ring,115,103,122,53,393,2.54,100
6471,IO_URING Ring,103,106,98,49,356,2.81,100
6472,IO_URING Ring,131,106,92,54,383,2.61,100
6473,IO_URING Ring,111,112,100,54,377,2.65,100
6474,IO_URING Ring,123,118,103,52,396,2.53,100
6475,IO_URING Ring,134,103,88,49,374,2.67,100
6476,IO_URING Ring,144,110,112,52,418,2.39,100
6477,IO_URING Ring,119,111,101,47,378,2.65,100
6478,IO_URING Ring,119,103,84,48,354,2.82,100
6479,IO_URING Ring,156,109,158,53,476,2.10,100
6480,IO_URING Ring,117,108,106,82,413,2.42,100
6481,IO_URING Ring,118,110,107,54,389,2.57,100
6482,IO_URING Ring,115,117,98,43,373,2.68,100
6483,IO_URING Ring,127,105,97,53,382,2.62,100
6484,IO_URING Ring,120,110,88,62,380,2.63,100
6485,IO_URING Ring,114,108,106,42,370,2.70,100
6486,IO_URING Ring,110,109,114,50,383,2.61,100
6487,IO_URING Ring,111,111,102,54,378,2.65,100
6488,IO_URING Ring,113,105,84,53,355,2.82,100
6489,IO_URING Ring,138,109,83,42,372,2.69,100
6490,IO_URING Ring,106,111,91,42,350,2.86,100
6491,IO_URING Ring,136,102,88,52,378,2.65,100
6492,IO_URING Ring,123,109,95,53,380,2.63,100
6493,IO_URING Ring,147,105,106,54,412,2.43,100
6494,IO_URING Ring,134,107,103,55,399,2.51,100
6495,IO_URING Ring,115,111,101,66,393,2.54,100
6496,IO_URING Ring,116,143,143,52,454,2.20,100
6497,IO_URING Ring,116,103,103,50,372,2.69,100
6498,IO_URING Ring,112,108,119,42,381,2.62,100
6499,IO_URING Ring,115,105,106,67,393,2.54,100
6500,IO_URING Ring,132,130,96,46,404,2.48,100
6501,IO_URING Ring,117,110,108,53,388,2.58,100
6502,IO_URING Ring,117,113,94,52,376,2.66,100
6503,IO_URING Ring,127,110,87,51,375,2.67,100
6504,IO_URING Ring,163,113,124,50,450,2.22,100
6505,IO_URING Ring,143,104,95,50,392,2.55,100
6506,IO_URING Ring,132,101,129,53,415,2.41,100
6507,IO_URING Ring,130,107,83,72,392,2.55,100
6508,IO_URING Ring,144,102,91,52,389,2.57,100
6509,IO_URING Ring,144,103,91,50,388,2.58,100
6510,IO_URING Ring,112,103,93,53,361,2.77,100
6511,IO_URING Ring,118,104,117,53,392,2.55,100
6512,IO_URING Ring,150,109,86,71,416,2.40,100
6513,IO_URING Ring,161,106,84,41,392,2.55,100
6514,IO_URING Ring,123,117,98,42,380,2.63,100
6515,IO_URING Ring,162,108,88,39,397,2.52,100
6516,IO_URING Ring,152,114,122,42,430,2.33,100
6517,IO_URING Ring,160,108,83,52,403,2.48,100
6518,IO_URING Ring,175,105,88,42,410,2.44,100
6519,IO_URING Ring,157,107,103,53,420,2.38,100
6520,IO_URING Ring,130,154,92,44,420,2.38,100
6521,IO_URING Ring,146,105,95,47,393,2.54,100
6522,IO_URING Ring,164,109,98,38,409,2.44,100
6523,IO_URING Ring,185,97,111,51,444,2.25,100
6524,IO_URING Ring,151,113,93,45,402,2.49,100
6525,IO_URING Ring,156,109,95,52,412,2.43,100
6526,IO_URING Ring,123,106,119,52,400,2.50,100
6527,IO_URING Ring,115,101,101,53,370,2.70,100
6528,IO_URING Ring,157,106,78,52,393,2.54,100
6529,IO_URING Ring,139,99,91,41,370,2.70,100
6530,IO_URING Ring,120,105,92,53,370,2.70,100
6531,IO_URING Ring,133,105,106,47,391,2.56,100
6532,IO_URING Ring,157,109,82,42,390,2.56,100
6533,IO_URING Ring,125,108,101,54,388,2.58,100
6534,IO_URING Ring,117,103,102,41,363,2.75,100
6535,IO_URING Ring,138,105,85,42,370,2.70,100
6536,IO_URING Ring,122,118,99,41,380,2.63,100
6537,IO_URING Ring,129,103,107,52,391,2.56,100
6538,IO_URING Ring,199,105,96,53,453,2.21,100
6539,IO_URING Ring,159,106,113,42,420,2.38,100
6540,IO_URING Ring,153,103,117,45,418,2.39,100
6541,IO_URING Ring,166,112,90,53,421,2.38,100
6542,IO_URING Ring,142,102,110,52,406,2.46,100
6543,IO_URING Ring,126,106,107,54,393,2.54,100
6544,IO_URING Ring,121,108,93,73,395,2.53,100
6545,IO_URING Ring,113,110,133,49,405,2.47,100
6546,IO_URING Ring,129,113,83,55,380,2.63,100
6547,IO_URING Ring,115,109,102,37,363,2.75,100
6548,IO_URING Ring,109,132,127,52,420,2.38,100
6549,IO_URING Ring,115,112,116,55,398,2.51,100
6550,IO_URING Ring,117,106,151,49,423,2.36,100
6551,IO_URING Ring,118,112,88,67,385,2.60,100
6552,IO_URING Ring,132,110,88,49,379,2.64,100
6553,IO_URING Ring,131,127,105,47,410,2.44,100
6554,IO_URING Ring,157,108,90,57,412,2.43,100
6555,IO_URING Ring,129,108,86,54,377,2.65,100
6556,IO_URING Ring,170,107,81,53,411,2.43,100
6557,IO_URING Ring,141,106,87,53,387,2.58,100
6558,IO_URING Ring,160,108,83,52,403,2.48,100
6559,IO_URING Ring,153,117,103,37,410,2.44,100
6560,IO_URING Ring,109,108,134,53,404,2.48,100
6561,IO_URING Ring,116,111,100,53,380,2.63,100
6562,IO_URING Ring,124,108,82,51,365,2.74,100
6563,IO_URING Ring,119,108,105,52,384,2.60,100
6564,IO_URING Ring,154,110,91,47,402,2.49,100
6565,IO_URING Ring,109,112,114,53,388,2.58,100
6566,IO_URING Ring,111,107,126,53,397,2.52,100
6567,IO_URING Ring,111,107,97,41,356,2.81,100
6568,IO_URING Ring,134,117,89,75,415,2.41,100
6569,IO_URING Ring,116,99,98,48,361,2.77,100
6570,IO_URING Ring,129,109,96,53,387,2.58,100
6571,IO_URING Ring,132,112,94,73,411,2.43,100
6572,IO_URING Ring,167,104,89,71,431,2.32,100
6573,IO_URING Ring,169,103,79,42,393,2.54,100
6574,IO_URING Ring,130,108,107,33,378,2.65,100
6575,IO_URING Ring,125,103,107,51,386,2.59,100
6576,IO_URING Ring,158,108,88,49,403,2.48,100
6577,IO_URING Ring,142,104,104,54,404,2.48,100
6578,IO_URING Ring,113,103,94,47,357,2.80,100
6579,IO_URING Ring,127,110,106,51,394,2.54,100
6580,IO_URING Ring,121,118,135,54,428,2.34,100
6581,IO_URING Ring,122,112,106,65,405,2.47,100
6582,IO_URING Ring,109,107,99,42,357,2.80,100
6583,IO_URING Ring,154,111,89,52,406,2.46,100
6584,IO_URING Ring,149,108,115,49,421,2.38,100
6585,IO_URING Ring,114,101,91,53,359,2.79,100
6586,IO_URING Ring,203,108,82,53,446,2.24,100
6587,IO_URING Ring,122,105,94,53,374,2.67,100
6588,IO_URING Ring,133,106,140,52,431,2.32,100
6589,IO_URING Ring,114,110,119,64,407,2.46,100
6590,IO_URING Ring,109,104,98,53,364,2.75,100
6591,IO_URING Ring,117,107,91,53,368,2.72,100
6592,IO_URING Ring,125,108,95,71,399,2.51,100
6593,IO_URING Ring,127,101,80,42,350,2.86,100
6594,IO_URING Ring,114,107,83,54,358,2.79,100
6595,IO_URING Ring,113,108,84,66,371,2.70,100
6596,IO_URING Ring,134,110,102,49,395,2.53,100
6597,IO_URING Ring,146,104,89,53,392,2.55,100
6598,IO_URING Ring,172,109,111,53,445,2.25,100
6599,IO_URING Ring,120,114,94,55,383,2.61,100
6600,IO_URING Ring,119,104,91,54,368,2.72,100
6601,IO_URING Ring,113,109,86,55,363,2.75,100
6602,IO_URING Ring,150,108,108,52,418,2.39,100
6603,IO_URING Ring,121,111,109,55,396,2.53,100
6604,IO_URING Ring,115,106,91,51,363,2.75,100
6605,IO_URING Ring,121,106,108,55,390,2.56,100
6606,IO_URING Ring,131,107,100,49,387,2.58,100
6607,IO_URING Ring,201,111,115,88,515,1.94,100
6608,IO_URING Ring,148,105,110,54,417,2.40,100
6609,IO_URING Ring,115,106,138,54,413,2.42,100
6610,IO_URING Ring,115,103,128,79,425,2.35,100
6611,IO_URING Ring,138,110,100,47,395,2.53,100
6612,IO_URING Ring,110,105,129,52,396,2.53,100
6613,IO_URING Ring,113,108,105,50,376,2.66,100
6614,IO_URING Ring,109,107,83,53,352,2.84,100
6615,IO_URING Ring,137,106,86,53,382,2.62,100
6616,IO_URING Ring,108,107,106,62,383,2.61,100
6617,IO_URING Ring,125,108,132,47,412,2.43,100
6618,IO_URING Ring,113,105,91,53,362,2.76,100
6619,IO_URING Ring,150,105,94,54,403,2.48,100
6620,IO_URING Ring,111,107,99,52,369,2.71,100
6621,IO_URING Ring,137,106,107,53,403,2.48,100
6622,IO_URING Ring,142,117,84,53,396,2.53,100
6623,IO_URING Ring,150,105,113,42,410,2.44,100
6624,IO_URING Ring,126,123,97,80,426,2.35,100
6625,IO_URING Ring,155,104,92,53,404,2.48,100
6626,IO_URING Ring,140,108,116,53,417,2.40,100
6627,IO_URING Ring,133,107,81,49,370,2.70,100
6628,IO_URING Ring,120,110,95,47,372,2.69,100
6629,IO_URING Ring,109,103,101,38,351,2.85,100
6630,IO_URING Ring,150,108,74,53,385,2.60,100
6631,IO_URING Ring,125,111,87,53,376,2.66,100
6632,IO_URING Ring,114,102,92,42,350,2.86,100
6633,IO_URING Ring,144,99,126,42,411,2.43,100
6634,IO_URING Ring,145,108,87,55,395,2.53,100
6635,IO_URING Ring,125,120,101,61,407,2.46,100
6636,IO_URING Ring,111,118,91,42,362,2.76,100
6637,IO_URING Ring,118,105,126,39,388,2.58,100
6638,IO_URING Ring,108,119,115,47,389,2.57,100
6639,IO_URING Ring,123,103,110,53,389,2.57,100
6640,IO_URING Ring,112,102,83,53,350,2.86,100
6641,IO_URING Ring,136,107,90,49,382,2.62,100
6642,IO_URING Ring,153,102,76,49,380,2.63,100
6643,IO_URING Ring,156,108,98,47,409,2.44,100
6644,IO_URING Ring,151,105,90,48,394,2.54,100
6645,IO_URING Ring,133,106,140,54,433,2.31,100
6646,IO_URING Ring,114,106,102,42,364,2.75,100
6647,IO_URING Ring,143,115,105,53,416,2.40,100
6648,IO_URING Ring,113,102,93,53,361,2.77,100
6649,IO_URING Ring,129,102,113,53,397,2.52,100
6650,IO_URING Ring,154,102,98,70,424,2.36,100
6651,IO_URING Ring,117,116,129,46,408,2.45,100
6652,IO_URING Ring,113,104,86,54,357,2.80,100
6653,IO_URING Ring,176,109,81,53,419,2.39,100
6654,IO_URING Ring,110,101,80,52,343,2.92,100
6655,IO_URING Ring,194,108,134,56,492,2.03,100
6656,IO_URING Ring,170,106,133,53,462,2.16,100
6657,IO_URING Ring,154,105,111,52,422,2.37,100
6658,IO_URING Ring,136,102,97,42,377,2.65,100
6659,IO_URING Ring,178,110,96,52,436,2.29,100
6660,IO_URING Ring,119,104,97,69,389,2.57,100
6661,IO_URING Ring,161,110,82,52,405,2.47,100
6662,IO_URING Ring,128,106,87,48,369,2.71,100
6663,IO_URING Ring,136,110,96,50,392,2.55,100
6664,IO_URING Ring,134,104,90,54,382,2.62,100
6665,IO_URING Ring,169,104,77,51,401,2.49,100
6666,IO_URING Ring,121,126,95,73,415,2.41,100
6667,IO_URING Ring,128,119,104,51,402,2.49,100
6668,IO_URING Ring,128,113,91,49,381,2.62,100
6669,IO_URING Ring,114,112,86,51,363,2.75,100
6670,IO_URING Ring,139,109,95,46,389,2.57,100
6671,IO_URING Ring,132,104,116,69,421,2.38,100
6672,IO_URING Ring,136,104,116,43,399,2.51,100
6673,IO_URING Ring,141,107,85,53,386,2.59,100
6674,IO_URING Ring,106,109,93,69,377,2.65,100
6675,IO_URING Ring,156,101,88,51,396,2.53,100
6676,IO_URING Ring,122,384,125,54,685,1.46,100
6677,IO_URING Ring,122,121,95,53,391,2.56,100
6678,IO_URING Ring,141,107,97,55,400,2.50,100
6679,IO_URING Ring,112,106,82,42,342,2.92,100
6680,IO_URING Ring,116,103,88,48,355,2.82,100
6681,IO_URING Ring,106,114,90,53,363,2.75,100
6682,IO_URING Ring,140,112,85,63,400,2.50,100
6683,IO_URING Ring,134,105,97,53,389,2.57,100
6684,IO_URING Ring,163,113,95,53,424,2.36,100
6685,IO_URING Ring,116,106,85,73,380,2.63,100
6686,IO_URING Ring,136,109,87,54,386,2.59,100
6687,IO_URING Ring,149,107,90,53,399,2.51,100
6688,IO_URING Ring,120,107,86,52,365,2.74,100
6689,IO_URING Ring,130,106,103,53,392,2.55,100
6690,IO_URING Ring,134,113,96,52,395,2.53,100
6691,IO_URING Ring,145,111,89,73,418,2.39,100
6692,IO_URING Ring,138,122,87,53,400,2.50,100
6693,IO_URING Ring,122,108,96,52,378,2.65,100
6694,IO_URING Ring,149,110,105,53,417,2.40,100
6695,IO_URING Ring,140,108,106,53,407,2.46,100
6696,IO_URING Ring,115,107,96,52,370,2.70,100
6697,IO_URING Ring,138,109,95,46,388,2.58,100
6698,IO_URING Ring,112,107,107,42,368,2.72,100
6699,IO_URING Ring,133,101,151,72,457,2.19,100
6700,IO_URING Ring,106,103,105,51,365,2.74,100
6701,IO_URING Ring,138,105,108,54,405,2.47,100
6702,IO_URING Ring,129,110,101,53,393,2.54,100
6703,IO_URING Ring,147,107,88,44,386,2.59,100
6704,IO_URING Ring,115,109,102,53,379,2.64,100
6705,IO_URING Ring,109,134,104,49,396,2.53,100
6706,IO_URING Ring,147,135,95,69,446,2.24,100
6707,IO_URING Ring,111,106,80,51,348,2.87,100
6708,IO_URING Ring,113,105,87,53,358,2.79,100
6709,IO_URING Ring,114,106,91,54,365,2.74,100
6710,IO_URING Ring,111,103,101,49,364,2.75,100
6711,IO_URING Ring,112,114,103,68,397,2.52,100
6712,IO_URING Ring,123,105,108,52,388,2.58,100
6713,IO_URING Ring,112,107,98,42,359,2.79,100
6714,IO_URING Ring,135,108,106,80,429,2.33,100
6715,IO_URING Ring,107,107,99,50,363,2.75,100
6716,IO_URING Ring,128,107,74,51,360,2.78,100
6717,IO_URING Ring,119,105,105,54,383,2.61,100
6718,IO_URING Ring,110,107,85,53,355,2.82,100
6719,IO_URING Ring,146,109,109,42,406,2.46,100
6720,IO_URING Ring,136,119,94,84,433,2.31,100
6721,IO_URING Ring,152,109,83,47,391,2.56,100
6722,IO_URING Ring,167,110,136,54,467,2.14,100
6723,IO_URING Ring,197,109,91,54,451,2.22,100
6724,IO_URING Ring,119,104,91,41,355,2.82,100
6725,IO_URING Ring,120,98,79,53,350,2.86,100
6726,IO_URING Ring,133,102,115,52,402,2.49,100
6727,IO_URING Ring,153,106,99,48,406,2.46,100
6728,IO_URING Ring,111,104,88,42,345,2.90,100
6729,IO_URING Ring,174,111,102,49,436,2.29,100
6730,IO_URING Ring,118,108,90,83,399,2.51,100
6731,IO_URING Ring,126,107,95,41,369,2.71,100
6732,IO_URING Ring,152,108,110,45,415,2.41,100
6733,IO_URING Ring,127,113,101,51,392,2.55,100
6734,IO_URING Ring,130,104,90,53,377,2.65,100
6735,IO_URING Ring,114,109,101,41,365,2.74,100
6736,IO_URING Ring,119,105,100,53,377,2.65,100
6737,IO_URING Ring,143,113,132,42,430,2.33,100
6738,IO_URING Ring,124,103,95,67,389,2.57,100
6739,IO_URING Ring,128,116,79,72,395,2.53,100
6740,IO_URING Ring,132,107,99,52,390,2.56,100
6741,IO_URING Ring,127,102,97,51,377,2.65,100
6742,IO_URING Ring,125,121,96,53,395,2.53,100
6743,IO_URING Ring,130,109,89,48,376,2.66,100
6744,IO_URING Ring,146,109,98,54,407,2.46,100
6745,IO_URING Ring,115,104,86,53,358,2.79,100
6746,IO_URING Ring,164,108,92,66,430,2.33,100
6747,IO_URING Ring,112,103,84,53,352,2.84,100
6748,IO_URING Ring,112,104,93,52,361,2.77,100
6749,IO_URING Ring,123,104,89,54,370,2.70,100
6750,IO_URING Ring,120,105,88,42,355,2.82,100
6751,IO_URING Ring,120,108,95,53,376,2.66,100
6752,IO_URING Ring,112,106,92,52,362,2.76,100
6753,IO_URING Ring,148,102,85,53,388,2.58,100
6754,IO_URING Ring,142,126,85,37,390,2.56,100
6755,IO_URING Ring,115,117,98,53,383,2.61,100
6756,IO_URING Ring,177,105,102,50,434,2.30,100
6757,IO_URING Ring,151,102,126,53,432,2.31,100
6758,IO_URING Ring,137,108,85,42,372,2.69,100
6759,IO_URING Ring,133,105,93,47,378,2.65,100
6760,IO_URING Ring,112,109,94,39,354,2.82,100
6761,IO_URING Ring,118,106,116,53,393,2.54,100
6762,IO_URING Ring,137,104,82,53,376,2.66,100
6763,IO_URING Ring,166,105,83,53,407,2.46,100
6764,IO_URING Ring,114,105,85,54,358,2.79,100
6765,IO_URING Ring,169,105,89,37,400,2.50,100
6766,IO_URING Ring,115,104,86,44,349,2.87,100
6767,IO_URING Ring,157,124,80,55,416,2.40,100
6768,IO_URING Ring,162,113,86,54,415,2.41,100
6769,IO_URING Ring,135,109,105,42,391,2.56,100
6770,IO_URING Ring,115,124,125,53,417,2.40,100
6771,IO_URING Ring,158,105,89,52,404,2.48,100
6772,IO_URING Ring,124,102,98,49,373,2.68,100
6773,IO_URING Ring,173,108,96,50,427,2.34,100
6774,IO_URING Ring,134,103,122,52,411,2.43,100
6775,IO_URING Ring,161,123,94,51,429,2.33,100
6776,IO_URING Ring,117,100,84,49,350,2.86,100
6777,IO_URING Ring,150,108,127,54,439,2.28,100
6778,IO_URING Ring,155,109,97,52,413,2.42,100
6779,IO_URING Ring,129,110,107,66,412,2.43,100
6780,IO_URING Ring,118,123,104,42,387,2.58,100
6781,IO_URING Ring,137,109,106,37,389,2.57,100
6782,IO_URING Ring,143,109,115,49,416,2.40,100
6783,IO_URING Ring,124,105,102,60,391,2.56,100
6784,IO_URING Ring,114,111,135,68,428,2.34,100
6785,IO_URING Ring,128,105,97,69,399,2.51,100
6786,IO_URING Ring,113,111,99,54,377,2.65,100
6787,IO_URING Ring,124,107,78,42,351,2.85,100
6788,IO_URING Ring,163,107,82,54,406,2.46,100
6789,IO_URING Ring,124,106,100,48,378,2.65,100
6790,IO_URING Ring,122,103,87,42,354,2.82,100
6791,IO_URING Ring,122,120,102,48,392,2.55,100
6792,IO_URING Ring,117,107,84,42,350,2.86,100
6793,IO_URING Ring,188,110,85,67,450,2.22,100
6794,IO_URING Ring,127,104,98,41,370,2.70,100
6795,IO_URING Ring,130,109,96,42,377,2.65,100
6796,IO_URING Ring,162,108,97,42,409,2.44,100
6797,IO_URING Ring,124,109,105,40,378,2.65,100
6798,IO_URING Ring,128,108,96,41,373,2.68,100
6799,IO_URING Ring,131,102,90,41,364,2.75,100
6800,IO_URING Ring,128,106,116,38,388,2.58,100
6801,IO_URING Ring,154,101,108,36,399,2.51,100
6802,IO_URING Ring,123,101,90,41,355,2.82,100
6803,IO_URING Ring,113,110,100,42,365,2.74,100
6804,IO_URING Ring,111,108,105,41,365,2.74,100
6805,IO_URING Ring,118,107,89,42,356,2.81,100
6806,IO_URING Ring,138,104,99,42,383,2.61,100
6807,IO_URING Ring,122,111,71,65,369,2.71,100
6808,IO_URING Ring,114,108,89,39,350,2.86,100
6809,IO_URING Ring,228,106,85,68,487,2.05,100
6810,IO_URING Ring,141,107,91,41,380,2.63,100
6811,IO_URING Ring,90,107,89,42,328,3.05,100
6812,IO_URING Ring,112,100,100,42,354,2.82,100
6813,IO_URING Ring,113,114,99,42,368,2.72,100
6814,IO_URING Ring,112,99,105,42,358,2.79,100
6815,IO_URING Ring,118,108,99,55,380,2.63,100
6816,IO_URING Ring,112,106,156,49,423,2.36,100
6817,IO_URING Ring,117,115,108,50,390,2.56,100
6818,IO_URING Ring,121,108,85,53,367,2.72,100
6819,IO_URING Ring,154,110,90,43,397,2.52,100
6820,IO_URING Ring,125,123,101,54,403,2.48,100
6821,IO_URING Ring,116,104,100,51,371,2.70,100
6822,IO_URING Ring,113,109,127,52,401,2.49,100
6823,IO_URING Ring,117,111,99,54,381,2.62,100
6824,IO_URING Ring,126,114,117,50,407,2.46,100
6825,IO_URING Ring,111,115,95,37,358,2.79,100
6826,IO_URING Ring,124,107,90,50,371,2.70,100
6827,IO_URING Ring,125,108,124,53,410,2.44,100
6828,IO_URING Ring,107,115,103,51,376,2.66,100
6829,IO_URING Ring,120,106,102,53,381,2.62,100
6830,IO_URING Ring,113,111,99,53,376,2.66,100
6831,IO_URING Ring,109,121,125,50,405,2.47,100
6832,IO_URING Ring,110,105,106,42,363,2.75,100
6833,IO_URING Ring,128,109,104,62,403,2.48,100
6834,IO_URING Ring,174,109,111,42,436,2.29,100
6835,IO_URING Ring,123,113,109,51,396,2.53,100
6836,IO_URING Ring,107,112,118,49,386,2.59,100
6837,IO_URING Ring,111,129,92,55,387,2.58,100
6838,IO_URING Ring,124,107,86,67,384,2.60,100
6839,IO_URING Ring,111,110,87,52,360,2.78,100
6840,IO_URING Ring,193,110,97,73,473,2.11,100
6841,IO_URING Ring,108,112,96,38,354,2.82,100
6842,IO_URING Ring,119,109,96,81,405,2.47,100
6843,IO_URING Ring,123,117,107,38,385,2.60,100
6844,IO_URING Ring,116,108,74,52,350,2.86,100
6845,IO_URING Ring,128,110,99,68,405,2.47,100
6846,IO_URING Ring,115,117,112,38,382,2.62,100
6847,IO_URING Ring,115,104,119,52,390,2.56,100
6848,IO_URING Ring,115,107,87,47,356,2.81,100
6849,IO_URING Ring,135,110,89,55,389,2.57,100
6850,IO_URING Ring,123,115,94,42,374,2.67,100
6851,IO_URING Ring,134,109,89,53,385,2.60,100
6852,IO_URING Ring,140,102,101,51,394,2.54,100
6853,IO_URING Ring,108,109,100,49,366,2.73,100
6854,IO_URING Ring,170,112,100,55,437,2.29,100
6855,IO_URING Ring,109,106,88,53,356,2.81,100
6856,IO_URING Ring,122,107,91,49,369,2.71,100
6857,IO_URING Ring,113,99,108,52,372,2.69,100
6858,IO_URING Ring,137,103,110,51,401,2.49,100
6859,IO_URING Ring,137,111,91,49,388,2.58,100
6860,IO_URING Ring,155,109,105,71,440,2.27,100
6861,IO_URING Ring,123,112,76,65,376,2.66,100
6862,IO_URING Ring,125,118,131,42,416,2.40,100
6863,IO_URING Ring,128,108,112,43,391,2.56,100
6864,IO_URING Ring,122,108,108,53,391,2.56,100
6865,IO_URING Ring,111,107,85,42,345,2.90,100
6866,IO_URING Ring,164,108,100,53,425,2.35,100
6867,IO_URING Ring,120,103,80,48,351,2.85,100
6868,IO_URING Ring,125,101,102,41,369,2.71,100
6869,IO_URING Ring,134,105,101,50,390,2.56,100
6870,IO_URING Ring,113,107,94,50,364,2.75,100
6871,IO_URING Ring,127,106,116,65,414,2.42,100
6872,IO_URING Ring,114,108,127,49,398,2.51,100
6873,IO_URING Ring,117,110,96,53,376,2.66,100
6874,IO_URING Ring,119,102,92,51,364,2.75,100
6875,IO_URING Ring,111,105,109,49,374,2.67,100
6876,IO_URING Ring,130,105,110,42,387,2.58,100
6877,IO_URING Ring,122,102,84,53,361,2.77,100
6878,IO_URING Ring,178,104,96,42,420,2.38,100
6879,IO_URING Ring,111,113,104,53,381,2.62,100
6880,IO_URING Ring,120,106,100,69,395,2.53,100
6881,IO_URING Ring,125,109,90,57,381,2.62,100
6882,IO_URING Ring,119,126,90,53,388,2.58,100
6883,IO_URING Ring,125,104,97,42,368,2.72,100
6884,IO_URING Ring,134,103,90,50,377,2.65,100
6885,IO_URING Ring,112,115,106,51,384,2.60,100
6886,IO_URING Ring,112,113,90,50,365,2.74,100
6887,IO_URING Ring,110,103,94,53,360,2.78,100
6888,IO_URING Ring,113,368,77,53,611,1.64,100
6889,IO_URING Ring,126,104,111,67,408,2.45,100
6890,IO_URING Ring,128,110,132,52,422,2.37,100
6891,IO_URING Ring,158,106,85,48,397,2.52,100
6892,IO_URING Ring,140,110,95,47,392,2.55,100
6893,IO_URING Ring,115,106,103,42,366,2.73,100
6894,IO_URING Ring,168,109,100,52,429,2.33,100
6895,IO_URING Ring,112,112,101,50,375,2.67,100
6896,IO_URING Ring,114,106,145,51,416,2.40,100
6897,IO_URING Ring,128,108,94,51,381,2.62,100
6898,IO_URING Ring,119,112,111,66,408,2.45,100
6899,IO_URING Ring,134,111,116,37,398,2.51,100
6900,IO_URING Ring,110,106,83,51,350,2.86,100
6901,IO_URING Ring,135,107,98,54,394,2.54,100
6902,IO_URING Ring,111,104,100,52,367,2.72,100
6903,IO_URING Ring,111,107,108,48,374,2.67,100
6904,IO_URING Ring,119,112,114,53,398,2.51,100
6905,IO_URING Ring,121,120,111,38,390,2.56,100
6906,IO_URING Ring,121,105,113,52,391,2.56,100
6907,IO_URING Ring,106,112,86,52,356,2.81,100
6908,IO_URING Ring,104,102,96,53,355,2.82,100
6909,IO_URING Ring,113,111,109,42,375,2.67,100
6910,IO_URING Ring,114,104,105,52,375,2.67,100
6911,IO_URING Ring,110,109,88,41,348,2.87,100
6912,IO_URING Ring,113,104,83,53,353,2.83,100
6913,IO_URING Ring,128,105,134,66,433,2.31,100
6914,IO_URING Ring,111,109,79,53,352,2.84,100
6915,IO_URING Ring,124,103,95,43,365,2.74,100
6916,IO_URING Ring,118,102,86,37,343,2.92,100
6917,IO_URING Ring,139,107,84,42,372,2.69,100
6918,IO_URING Ring,113,110,94,54,371,2.70,100
6919,IO_URING Ring,130,110,84,52,376,2.66,100
6920,IO_URING Ring,140,104,76,53,373,2.68,100
6921,IO_URING Ring,123,105,85,55,368,2.72,100
6922,IO_URING Ring,116,102,90,49,357,2.80,100
6923,IO_URING Ring,162,108,92,48,410,2.44,100
6924,IO_URING Ring,117,103,110,48,378,2.65,100
6925,IO_URING Ring,107,117,85,38,347,2.88,100
6926,IO_URING Ring,115,106,114,54,389,2.57,100
6927,IO_URING Ring,126,112,100,73,411,2.43,100
6928,IO_URING Ring,125,105,102,36,368,2.72,100
6929,IO_URING Ring,122,108,90,42,362,2.76,100
6930,IO_URING Ring,129,107,93,73,402,2.49,100
6931,IO_URING Ring,113,103,93,50,359,2.79,100
6932,IO_URING Ring,120,109,84,54,367,2.72,100
6933,IO_URING Ring,155,108,82,42,387,2.58,100
6934,IO_URING Ring,157,107,115,52,431,2.32,100
6935,IO_URING Ring,120,105,92,53,370,2.70,100
6936,IO_URING Ring,155,102,113,51,421,2.38,100
6937,IO_URING Ring,169,101,96,49,415,2.41,100
6938,IO_URING Ring,127,105,85,53,370,2.70,100
6939,IO_URING Ring,128,100,94,53,375,2.67,100
6940,IO_URING Ring,114,106,73,52,345,2.90,100
6941,IO_URING Ring,113,107,92,53,365,2.74,100
6942,IO_URING Ring,116,110,95,66,387,2.58,100
6943,IO_URING Ring,116,106,104,86,412,2.43,100
6944,IO_URING Ring,112,104,100,52,368,2.72,100
6945,IO_URING Ring,115,107,104,68,394,2.54,100
6946,IO_URING Ring,120,100,119,52,391,2.56,100
6947,IO_URING Ring,114,107,99,51,371,2.70,100
6948,IO_URING Ring,117,109,93,54,373,2.68,100
6949,IO_URING Ring,118,103,95,52,368,2.72,100
6950,IO_URING Ring,113,104,97,55,369,2.71,100
6951,IO_URING Ring,134,100,120,66,420,2.38,100
6952,IO_URING Ring,155,108,93,47,403,2.48,100
6953,IO_URING Ring,145,108,94,42,389,2.57,100
6954,IO_URING Ring,110,119,80,48,357,2.80,100
6955,IO_URING Ring,113,106,96,44,359,2.79,100
6956,IO_URING Ring,120,106,86,47,359,2.79,100
6957,IO_URING Ring,143,101,106,71,421,2.38,100
6958,IO_URING Ring,124,106,90,53,373,2.68,100
6959,IO_URING Ring,135,102,95,41,373,2.68,100
6960,IO_URING Ring,119,121,98,71,409,2.44,100
6961,IO_URING Ring,158,107,84,52,401,2.49,100
6962,IO_URING Ring,126,127,99,42,394,2.54,100
6963,IO_URING Ring,123,109,107,65,404,2.48,100
6964,IO_URING Ring,173,108,95,42,418,2.39,100
6965,IO_URING Ring,187,104,95,44,430,2.33,100
6966,IO_URING Ring,147,119,97,38,401,2.49,100
6967,IO_URING Ring,114,115,97,51,377,2.65,100
6968,IO_URING Ring,123,101,116,49,389,2.57,100
6969,IO_URING Ring,118,107,114,47,386,2.59,100
6970,IO_URING Ring,127,111,100,67,405,2.47,100
6971,IO_URING Ring,109,111,89,53,362,2.76,100
6972,IO_URING Ring,122,106,117,69,414,2.42,100
6973,IO_URING Ring,106,112,82,54,354,2.82,100
6974,IO_URING Ring,108,105,111,53,377,2.65,100
6975,IO_URING Ring,118,104,125,46,393,2.54,100
6976,IO_URING Ring,132,104,86,47,369,2.71,100
6977,IO_URING Ring,134,108,108,52,402,2.49,100
6978,IO_URING Ring,151,123,101,49,424,2.36,100
6979,IO_URING Ring,119,117,97,52,385,2.60,100
6980,IO_URING Ring,127,109,95,76,407,2.46,100
6981,IO_URING Ring,145,117,99,43,404,2.48,100
6982,IO_URING Ring,124,108,98,58,388,2.58,100
6983,IO_URING Ring,119,102,81,52,354,2.82,100
6984,IO_URING Ring,147,107,96,52,402,2.49,100
6985,IO_URING Ring,116,107,103,54,380,2.63,100
6986,IO_URING Ring,117,109,101,43,370,2.70,100
6987,IO_URING Ring,116,110,120,50,396,2.53,100
6988,IO_URING Ring,124,106,151,42,423,2.36,100
6989,IO_URING Ring,113,111,94,53,371,2.70,100
6990,IO_URING Ring,180,112,102,42,436,2.29,100
6991,IO_URING Ring,146,108,104,71,429,2.33,100
6992,IO_URING Ring,114,108,116,55,393,2.54,100
6993,IO_URING Ring,136,106,130,54,426,2.35,100
6994,IO_URING Ring,120,109,78,50,357,2.80,100
6995,IO_URING Ring,122,102,68,54,346,2.89,100
6996,IO_URING Ring,142,107,117,42,408,2.45,100
6997,IO_URING Ring,122,107,97,53,379,2.64,100
6998,IO_URING Ring,200,103,84,53,440,2.27,100
6999,IO_URING Ring,137,105,106,51,399,2.51,100
7000,IO_URING Ring,126,105,84,46,361,2.77,100
7001,KCOV Buffer,96,78,89,55,318,3.14,100
7002,KCOV Buffer,93,77,118,40,328,3.05,100
7003,KCOV Buffer,107,82,103,42,334,2.99,100
7004,KCOV Buffer,96,81,104,40,321,3.12,100
7005,KCOV Buffer,95,85,98,41,319,3.13,100
7006,KCOV Buffer,103,87,81,39,310,3.23,100
7007,KCOV Buffer,128,89,99,32,348,2.87,100
7008,KCOV Buffer,91,86,111,41,329,3.04,100
7009,KCOV Buffer,137,75,116,41,369,2.71,100
7010,KCOV Buffer,124,86,101,39,350,2.86,100
7011,KCOV Buffer,123,86,89,40,338,2.96,100
7012,KCOV Buffer,87,85,87,52,311,3.22,100
7013,KCOV Buffer,92,80,73,42,287,3.48,100
7014,KCOV Buffer,125,81,84,40,330,3.03,100
7015,KCOV Buffer,109,78,101,35,323,3.10,100
7016,KCOV Buffer,97,84,102,36,319,3.13,100
7017,KCOV Buffer,69,80,105,40,294,3.40,100
7018,KCOV Buffer,98,82,90,39,309,3.24,100
7019,KCOV Buffer,86,87,82,32,287,3.48,100
7020,KCOV Buffer,89,84,94,40,307,3.26,100
7021,KCOV Buffer,98,79,80,40,297,3.37,100
7022,KCOV Buffer,89,81,99,39,308,3.25,100
7023,KCOV Buffer,82,87,102,33,304,3.29,100
7024,KCOV Buffer,111,78,117,43,349,2.87,100
7025,KCOV Buffer,92,80,100,39,311,3.22,100
7026,KCOV Buffer,90,83,115,40,328,3.05,100
7027,KCOV Buffer,98,91,92,40,321,3.12,100
7028,KCOV Buffer,82,80,131,39,332,3.01,100
7029,KCOV Buffer,92,98,91,41,322,3.11,100
7030,KCOV Buffer,130,78,101,39,348,2.87,100
7031,KCOV Buffer,113,80,108,32,333,3.00,100
7032,KCOV Buffer,93,80,81,33,287,3.48,100
7033,KCOV Buffer,114,76,86,39,315,3.17,100
7034,KCOV Buffer,130,81,84,40,335,2.99,100
7035,KCOV Buffer,93,83,87,33,296,3.38,100
7036,KCOV Buffer,136,80,86,42,344,2.91,100
7037,KCOV Buffer,98,88,88,31,305,3.28,100
7038,KCOV Buffer,102,83,85,41,311,3.22,100
7039,KCOV Buffer,91,81,78,40,290,3.45,100
7040,KCOV Buffer,101,81,113,40,335,2.99,100
7041,KCOV Buffer,109,92,104,42,347,2.88,100
7042,KCOV Buffer,102,78,115,40,335,2.99,100
7043,KCOV Buffer,94,76,105,41,316,3.16,100
7044,KCOV Buffer,94,80,121,34,329,3.04,100
7045,KCOV Buffer,113,86,84,40,323,3.10,100
7046,KCOV Buffer,128,84,88,41,341,2.93,100
7047,KCOV Buffer,91,83,100,38,312,3.21,100
7048,KCOV Buffer,108,84,98,40,330,3.03,100
7049,KCOV Buffer,93,86,86,42,307,3.26,100
7050,KCOV Buffer,96,87,88,40,311,3.22,100
7051,KCOV Buffer,87,78,73,32,270,3.70,100
7052,KCOV Buffer,104,92,92,33,321,3.12,100
7053,KCOV Buffer,165,81,82,39,367,2.72,100
7054,KCOV Buffer,96,83,105,33,317,3.15,100
7055,KCOV Buffer,88,91,83,33,295,3.39,100
7056,KCOV Buffer,128,80,97,40,345,2.90,100
7057,KCOV Buffer,96,84,101,40,321,3.12,100
7058,KCOV Buffer,124,78,78,40,320,3.12,100
7059,KCOV Buffer,100,88,84,39,311,3.22,100
7060,KCOV Buffer,106,88,99,41,334,2.99,100
7061,KCOV Buffer,93,83,94,33,303,3.30,100
7062,KCOV Buffer,91,84,93,40,308,3.25,100
7063,KCOV Buffer,97,87,84,42,310,3.23,100
7064,KCOV Buffer,150,79,100,41,370,2.70,100
7065,KCOV Buffer,87,81,95,40,303,3.30,100
7066,KCOV Buffer,155,89,96,40,380,2.63,100
7067,KCOV Buffer,100,98,94,39,331,3.02,100
7068,KCOV Buffer,107,85,110,41,343,2.92,100
7069,KCOV Buffer,102,85,93,57,337,2.97,100
7070,KCOV Buffer,106,83,82,33,304,3.29,100
7071,KCOV Buffer,99,84,99,38,320,3.12,100
7072,KCOV Buffer,90,88,91,38,307,3.26,100
7073,KCOV Buffer,85,91,87,40,303,3.30,100
7074,KCOV Buffer,89,82,102,41,314,3.18,100
7075,KCOV Buffer,87,83,95,40,305,3.28,100
7076,KCOV Buffer,98,84,80,42,304,3.29,100
7077,KCOV Buffer,101,84,93,40,318,3.14,100
7078,KCOV Buffer,125,85,84,42,336,2.98,100
7079,KCOV Buffer,115,87,94,34,330,3.03,100
7080,KCOV Buffer,94,84,97,41,316,3.16,100
7081,KCOV Buffer,106,82,89,41,318,3.14,100
7082,KCOV Buffer,87,79,84,40,290,3.45,100
7083,KCOV Buffer,93,88,101,40,322,3.11,100
7084,KCOV Buffer,120,89,104,41,354,2.82,100
7085,KCOV Buffer,137,83,94,40,354,2.82,100
7086,KCOV Buffer,172,89,110,40,411,2.43,100
7087,KCOV Buffer,94,83,134,41,352,2.84,100
7088,KCOV Buffer,91,85,113,42,331,3.02,100
7089,KCOV Buffer,96,84,88,41,309,3.24,100
7090,KCOV Buffer,105,84,80,42,311,3.22,100
7091,KCOV Buffer,104,78,88,40,310,3.23,100
7092,KCOV Buffer,92,86,80,40,298,3.36,100
7093,KCOV Buffer,119,84,83,33,319,3.13,100
7094,KCOV Buffer,90,81,93,45,309,3.24,100
7095,KCOV Buffer,93,90,101,34,318,3.14,100
7096,KCOV Buffer,80,85,81,40,286,3.50,100
7097,KCOV Buffer,110,81,97,42,330,3.03,100
7098,KCOV Buffer,93,87,109,42,331,3.02,100
7099,KCOV Buffer,117,81,116,40,354,2.82,100
7100,KCOV Buffer,111,80,110,40,341,2.93,100
7101,KCOV Buffer,123,86,104,42,355,2.82,100
7102,KCOV Buffer,100,87,97,40,324,3.09,100
7103,KCOV Buffer,188,86,99,40,413,2.42,100
7104,KCOV Buffer,106,82,111,40,339,2.95,100
7105,KCOV Buffer,104,77,95,41,317,3.15,100
7106,KCOV Buffer,96,84,88,40,308,3.25,100
7107,KCOV Buffer,96,88,99,38,321,3.12,100
7108,KCOV Buffer,88,89,85,40,302,3.31,100
7109,KCOV Buffer,109,87,103,31,330,3.03,100
7110,KCOV Buffer,105,82,80,42,309,3.24,100
7111,KCOV Buffer,136,88,119,42,385,2.60,100
7112,KCOV Buffer,83,82,83,40,288,3.47,100
7113,KCOV Buffer,93,85,107,40,325,3.08,100
7114,KCOV Buffer,88,83,96,40,307,3.26,100
7115,KCOV Buffer,105,98,106,40,349,2.87,100
7116,KCOV Buffer,101,83,89,34,307,3.26,100
7117,KCOV Buffer,96,88,105,38,327,3.06,100
7118,KCOV Buffer,97,82,77,41,297,3.37,100
7119,KCOV Buffer,85,78,86,38,287,3.48,100
7120,KCOV Buffer,93,84,106,42,325,3.08,100
7121,KCOV Buffer,111,83,85,31,310,3.23,100
7122,KCOV Buffer,57,84,96,39,276,3.62,100
7123,KCOV Buffer,118,84,143,42,387,2.58,100
7124,KCOV Buffer,148,87,99,33,367,2.72,100
7125,KCOV Buffer,125,87,103,43,358,2.79,100
7126,KCOV Buffer,81,88,78,38,285,3.51,100
7127,KCOV Buffer,100,88,88,41,317,3.15,100
7128,KCOV Buffer,90,85,132,34,341,2.93,100
7129,KCOV Buffer,141,90,88,32,351,2.85,100
7130,KCOV Buffer,98,88,97,40,323,3.10,100
7131,KCOV Buffer,96,84,93,39,312,3.21,100
7132,KCOV Buffer,125,81,78,42,326,3.07,100
7133,KCOV Buffer,105,81,83,41,310,3.23,100
7134,KCOV Buffer,145,94,117,43,399,2.51,100
7135,KCOV Buffer,101,88,91,40,320,3.12,100
7136,KCOV Buffer,125,86,75,32,318,3.14,100
7137,KCOV Buffer,102,110,90,33,335,2.99,100
7138,KCOV Buffer,121,82,97,40,340,2.94,100
7139,KCOV Buffer,93,82,105,42,322,3.11,100
7140,KCOV Buffer,104,94,86,42,326,3.07,100
7141,KCOV Buffer,104,88,115,40,347,2.88,100
7142,KCOV Buffer,175,96,74,40,385,2.60,100
7143,KCOV Buffer,94,84,75,40,293,3.41,100
7144,KCOV Buffer,135,84,82,42,343,2.92,100
7145,KCOV Buffer,129,85,85,40,339,2.95,100
7146,KCOV Buffer,118,81,78,34,311,3.22,100
7147,KCOV Buffer,96,94,107,42,339,2.95,100
7148,KCOV Buffer,111,78,103,43,335,2.99,100
7149,KCOV Buffer,170,79,76,40,365,2.74,100
7150,KCOV Buffer,88,84,91,37,300,3.33,100
7151,KCOV Buffer,102,95,102,40,339,2.95,100
7152,KCOV Buffer,108,80,85,33,306,3.27,100
7153,KCOV Buffer,88,81,130,41,340,2.94,100
7154,KCOV Buffer,93,87,90,42,312,3.21,100
7155,KCOV Buffer,95,82,91,40,308,3.25,100
7156,KCOV Buffer,94,86,100,40,320,3.12,100
7157,KCOV Buffer,102,95,71,42,310,3.23,100
7158,KCOV Buffer,88,78,92,40,298,3.36,100
7159,KCOV Buffer,86,78,102,39,305,3.28,100
7160,KCOV Buffer,119,82,92,42,335,2.99,100
7161,KCOV Buffer,84,88,99,32,303,3.30,100
7162,KCOV Buffer,99,84,80,56,319,3.13,100
7163,KCOV Buffer,88,87,100,40,315,3.17,100
7164,KCOV Buffer,85,83,108,59,335,2.99,100
7165,KCOV Buffer,116,87,83,40,326,3.07,100
7166,KCOV Buffer,120,77,71,42,310,3.23,100
7167,KCOV Buffer,103,81,99,39,322,3.11,100
7168,KCOV Buffer,106,85,83,40,314,3.18,100
7169,KCOV Buffer,102,81,91,39,313,3.19,100
7170,KCOV Buffer,116,81,104,40,341,2.93,100
7171,KCOV Buffer,126,81,86,40,333,3.00,100
7172,KCOV Buffer,134,87,111,40,372,2.69,100
7173,KCOV Buffer,126,85,88,41,340,2.94,100
7174,KCOV Buffer,109,85,104,41,339,2.95,100
7175,KCOV Buffer,101,87,117,47,352,2.84,100
7176,KCOV Buffer,185,89,83,40,397,2.52,100
7177,KCOV Buffer,93,84,86,39,302,3.31,100
7178,KCOV Buffer,138,87,90,40,355,2.82,100
7179,KCOV Buffer,121,80,97,40,338,2.96,100
7180,KCOV Buffer,92,75,97,32,296,3.38,100
7181,KCOV Buffer,149,84,107,41,381,2.62,100
7182,KCOV Buffer,121,83,93,32,329,3.04,100
7183,KCOV Buffer,110,89,109,42,350,2.86,100
7184,KCOV Buffer,111,82,89,40,322,3.11,100
7185,KCOV Buffer,143,86,115,37,381,2.62,100
7186,KCOV Buffer,113,86,103,40,342,2.92,100
7187,KCOV Buffer,109,92,112,38,351,2.85,100
7188,KCOV Buffer,121,81,80,43,325,3.08,100
7189,KCOV Buffer,127,81,77,33,318,3.14,100
7190,KCOV Buffer,119,83,80,41,323,3.10,100
7191,KCOV Buffer,112,87,85,33,317,3.15,100
7192,KCOV Buffer,89,88,87,41,305,3.28,100
7193,KCOV Buffer,92,96,97,38,323,3.10,100
7194,KCOV Buffer,139,78,94,41,352,2.84,100
7195,KCOV Buffer,103,88,95,38,324,3.09,100
7196,KCOV Buffer,105,77,117,41,340,2.94,100
7197,KCOV Buffer,148,78,100,43,369,2.71,100
7198,KCOV Buffer,90,82,95,41,308,3.25,100
7199,KCOV Buffer,114,82,101,40,337,2.97,100
7200,KCOV Buffer,96,87,97,43,323,3.10,100
7201,KCOV Buffer,117,81,87,39,324,3.09,100
7202,KCOV Buffer,114,87,110,41,352,2.84,100
7203,KCOV Buffer,123,84,92,43,342,2.92,100
7204,KCOV Buffer,85,86,91,41,303,3.30,100
7205,KCOV Buffer,103,86,95,40,324,3.09,100
7206,KCOV Buffer,145,85,78,40,348,2.87,100
7207,KCOV Buffer,99,83,105,41,328,3.05,100
7208,KCOV Buffer,141,98,91,42,372,2.69,100
7209,KCOV Buffer,96,86,83,40,305,3.28,100
7210,KCOV Buffer,87,87,74,39,287,3.48,100
7211,KCOV Buffer,88,83,82,39,292,3.42,100
7212,KCOV Buffer,104,87,91,34,316,3.16,100
7213,KCOV Buffer,83,80,111,40,314,3.18,100
7214,KCOV Buffer,137,93,86,31,347,2.88,100
7215,KCOV Buffer,84,85,88,43,300,3.33,100
7216,KCOV Buffer,115,88,78,43,324,3.09,100
7217,KCOV Buffer,118,77,101,40,336,2.98,100
7218,KCOV Buffer,87,85,96,43,311,3.22,100
7219,KCOV Buffer,94,82,86,40,302,3.31,100
7220,KCOV Buffer,143,78,87,42,350,2.86,100
7221,KCOV Buffer,86,87,90,39,302,3.31,100
7222,KCOV Buffer,110,79,92,40,321,3.12,100
7223,KCOV Buffer,86,82,93,39,300,3.33,100
7224,KCOV Buffer,90,75,101,41,307,3.26,100
7225,KCOV Buffer,107,78,95,39,319,3.13,100
7226,KCOV Buffer,124,81,93,41,339,2.95,100
7227,KCOV Buffer,87,81,96,41,305,3.28,100
7228,KCOV Buffer,95,82,89,39,305,3.28,100
7229,KCOV Buffer,87,82,93,41,303,3.30,100
7230,KCOV Buffer,109,86,80,32,307,3.26,100
7231,KCOV Buffer,177,104,96,40,417,2.40,100
7232,KCOV Buffer,198,78,87,40,403,2.48,100
7233,KCOV Buffer,111,85,81,40,317,3.15,100
7234,KCOV Buffer,92,82,88,34,296,3.38,100
7235,KCOV Buffer,140,86,104,42,372,2.69,100
7236,KCOV Buffer,98,79,88,42,307,3.26,100
7237,KCOV Buffer,136,85,114,41,376,2.66,100
7238,KCOV Buffer,115,97,81,40,333,3.00,100
7239,KCOV Buffer,113,78,88,38,317,3.15,100
7240,KCOV Buffer,114,79,95,34,322,3.11,100
7241,KCOV Buffer,108,81,83,32,304,3.29,100
7242,KCOV Buffer,115,87,95,43,340,2.94,100
7243,KCOV Buffer,138,86,147,33,404,2.48,100
7244,KCOV Buffer,84,78,88,33,283,3.53,100
7245,KCOV Buffer,127,84,125,33,369,2.71,100
7246,KCOV Buffer,106,84,97,41,328,3.05,100
7247,KCOV Buffer,119,81,105,42,347,2.88,100
7248,KCOV Buffer,85,80,85,39,289,3.46,100
7249,KCOV Buffer,99,78,87,40,304,3.29,100
7250,KCOV Buffer,101,91,70,41,303,3.30,100
7251,KCOV Buffer,104,85,81,42,312,3.21,100
7252,KCOV Buffer,105,80,102,40,327,3.06,100
7253,KCOV Buffer,83,85,97,40,305,3.28,100
7254,KCOV Buffer,111,83,101,31,326,3.07,100
7255,KCOV Buffer,106,95,101,40,342,2.92,100
7256,KCOV Buffer,96,104,86,41,327,3.06,100
7257,KCOV Buffer,86,86,107,41,320,3.12,100
7258,KCOV Buffer,61,83,100,42,286,3.50,100
7259,KCOV Buffer,126,87,82,39,334,2.99,100
7260,KCOV Buffer,96,89,87,42,314,3.18,100
7261,KCOV Buffer,92,87,77,41,297,3.37,100
7262,KCOV Buffer,96,86,90,44,316,3.16,100
7263,KCOV Buffer,109,82,87,42,320,3.12,100
7264,KCOV Buffer,111,87,96,41,335,2.99,100
7265,KCOV Buffer,130,87,94,38,349,2.87,100
7266,KCOV Buffer,121,86,92,32,331,3.02,100
7267,KCOV Buffer,101,84,98,40,323,3.10,100
7268,KCOV Buffer,128,84,94,41,347,2.88,100
7269,KCOV Buffer,150,82,128,40,400,2.50,100
7270,KCOV Buffer,100,79,79,40,298,3.36,100
7271,KCOV Buffer,87,89,70,40,286,3.50,100
7272,KCOV Buffer,109,78,89,43,319,3.13,100
7273,KCOV Buffer,95,77,105,39,316,3.16,100
7274,KCOV Buffer,86,80,121,42,329,3.04,100
7275,KCOV Buffer,80,94,96,40,310,3.23,100
7276,KCOV Buffer,99,87,90,42,318,3.14,100
7277,KCOV Buffer,105,88,88,41,322,3.11,100
7278,KCOV Buffer,99,90,107,40,336,2.98,100
7279,KCOV Buffer,88,98,95,41,322,3.11,100
7280,KCOV Buffer,88,88,93,42,311,3.22,100
7281,KCOV Buffer,140,87,90,40,357,2.80,100
7282,KCOV Buffer,95,89,83,45,312,3.21,100
7283,KCOV Buffer,85,88,106,40,319,3.13,100
7284,KCOV Buffer,103,82,86,40,311,3.22,100
7285,KCOV Buffer,88,83,72,40,283,3.53,100
7286,KCOV Buffer,101,86,86,41,314,3.18,100
7287,KCOV Buffer,84,79,105,42,310,3.23,100
7288,KCOV Buffer,88,83,106,40,317,3.15,100
7289,KCOV Buffer,83,81,104,42,310,3.23,100
7290,KCOV Buffer,83,81,93,40,297,3.37,100
7291,KCOV Buffer,99,77,85,34,295,3.39,100
7292,KCOV Buffer,110,81,98,42,331,3.02,100
7293,KCOV Buffer,87,83,92,41,303,3.30,100
7294,KCOV Buffer,132,80,84,40,336,2.98,100
7295,KCOV Buffer,86,88,86,39,299,3.34,100
7296,KCOV Buffer,87,86,90,39,302,3.31,100
7297,KCOV Buffer,68,87,85,40,280,3.57,100
7298,KCOV Buffer,100,88,104,32,324,3.09,100
7299,KCOV Buffer,102,89,85,31,307,3.26,100
7300,KCOV Buffer,173,90,77,40,380,2.63,100
7301,KCOV Buffer,145,89,108,32,374,2.67,100
7302,KCOV Buffer,192,115,97,40,444,2.25,100
7303,KCOV Buffer,112,101,87,43,343,2.92,100
7304,KCOV Buffer,109,91,84,42,326,3.07,100
7305,KCOV Buffer,95,77,118,39,329,3.04,100
7306,KCOV Buffer,85,83,82,56,306,3.27,100
7307,KCOV Buffer,111,87,105,40,343,2.92,100
7308,KCOV Buffer,120,89,102,40,351,2.85,100
7309,KCOV Buffer,86,86,101,35,308,3.25,100
7310,KCOV Buffer,100,83,88,40,311,3.22,100
7311,KCOV Buffer,95,81,97,41,314,3.18,100
7312,KCOV Buffer,82,80,103,41,306,3.27,100
7313,KCOV Buffer,129,81,115,39,364,2.75,100
7314,KCOV Buffer,111,86,124,42,363,2.75,100
7315,KCOV Buffer,103,83,83,38,307,3.26,100
7316,KCOV Buffer,118,86,79,39,322,3.11,100
7317,KCOV Buffer,87,83,108,42,320,3.12,100
7318,KCOV Buffer,156,83,97,33,369,2.71,100
7319,KCOV Buffer,106,94,100,42,342,2.92,100
7320,KCOV Buffer,134,81,90,33,338,2.96,100
7321,KCOV Buffer,96,78,87,41,302,3.31,100
7322,KCOV Buffer,97,87,102,51,337,2.97,100
7323,KCOV Buffer,121,103,105,42,371,2.70,100
7324,KCOV Buffer,141,85,89,41,356,2.81,100
7325,KCOV Buffer,135,90,99,39,363,2.75,100
7326,KCOV Buffer,136,84,90,33,343,2.92,100
7327,KCOV Buffer,169,81,76,40,366,2.73,100
7328,KCOV Buffer,105,91,84,42,322,3.11,100
7329,KCOV Buffer,79,90,86,40,295,3.39,100
7330,KCOV Buffer,93,86,90,39,308,3.25,100
7331,KCOV Buffer,113,85,79,40,317,3.15,100
7332,KCOV Buffer,111,77,124,34,346,2.89,100
7333,KCOV Buffer,133,88,95,33,349,2.87,100
7334,KCOV Buffer,153,81,96,37,367,2.72,100
7335,KCOV Buffer,107,76,93,42,318,3.14,100
7336,KCOV Buffer,125,79,86,39,329,3.04,100
7337,KCOV Buffer,117,81,92,42,332,3.01,100
7338,KCOV Buffer,91,87,74,38,290,3.45,100
7339,KCOV Buffer,138,89,100,42,369,2.71,100
7340,KCOV Buffer,103,83,84,40,310,3.23,100
7341,KCOV Buffer,156,83,98,41,378,2.65,100
7342,KCOV Buffer,100,84,104,44,332,3.01,100
7343,KCOV Buffer,98,89,94,41,322,3.11,100
7344,KCOV Buffer,110,99,88,46,343,2.92,100
7345,KCOV Buffer,96,88,87,42,313,3.19,100
7346,KCOV Buffer,88,87,83,41,299,3.34,100
7347,KCOV Buffer,108,77,87,39,311,3.22,100
7348,KCOV Buffer,109,87,124,41,361,2.77,100
7349,KCOV Buffer,127,86,94,40,347,2.88,100
7350,KCOV Buffer,101,86,100,42,329,3.04,100
7351,KCOV Buffer,96,99,95,39,329,3.04,100
7352,KCOV Buffer,93,81,81,42,297,3.37,100
7353,KCOV Buffer,136,86,95,41,358,2.79,100
7354,KCOV Buffer,95,89,99,40,323,3.10,100
7355,KCOV Buffer,152,88,126,42,408,2.45,100
7356,KCOV Buffer,97,87,111,31,326,3.07,100
7357,KCOV Buffer,86,85,129,35,335,2.99,100
7358,KCOV Buffer,83,83,88,43,297,3.37,100
7359,KCOV Buffer,120,82,105,40,347,2.88,100
7360,KCOV Buffer,103,85,94,41,323,3.10,100
7361,KCOV Buffer,115,87,119,33,354,2.82,100
7362,KCOV Buffer,110,84,96,39,329,3.04,100
7363,KCOV Buffer,146,77,92,42,357,2.80,100
7364,KCOV Buffer,91,89,103,33,316,3.16,100
7365,KCOV Buffer,135,81,92,43,351,2.85,100
7366,KCOV Buffer,134,84,89,41,348,2.87,100
7367,KCOV Buffer,142,84,91,40,357,2.80,100
7368,KCOV Buffer,92,85,95,41,313,3.19,100
7369,KCOV Buffer,143,89,109,31,372,2.69,100
7370,KCOV Buffer,121,79,85,40,325,3.08,100
7371,KCOV Buffer,90,85,88,32,295,3.39,100
7372,KCOV Buffer,128,87,115,40,370,2.70,100
7373,KCOV Buffer,125,85,81,40,331,3.02,100
7374,KCOV Buffer,128,86,84,40,338,2.96,100
7375,KCOV Buffer,140,81,86,39,346,2.89,100
7376,KCOV Buffer,111,78,90,36,315,3.17,100
7377,KCOV Buffer,114,83,99,45,341,2.93,100
7378,KCOV Buffer,93,86,103,40,322,3.11,100
7379,KCOV Buffer,101,88,85,39,313,3.19,100
7380,KCOV Buffer,130,86,96,41,353,2.83,100
7381,KCOV Buffer,108,80,123,40,351,2.85,100
7382,KCOV Buffer,97,89,97,42,325,3.08,100
7383,KCOV Buffer,140,81,85,40,346,2.89,100
7384,KCOV Buffer,98,139,84,41,362,2.76,100
7385,KCOV Buffer,148,89,89,42,368,2.72,100
7386,KCOV Buffer,70,86,85,41,282,3.55,100
7387,KCOV Buffer,101,84,100,30,315,3.17,100
7388,KCOV Buffer,198,83,115,47,443,2.26,100
7389,KCOV Buffer,92,86,83,39,300,3.33,100
7390,KCOV Buffer,103,92,114,39,348,2.87,100
7391,KCOV Buffer,148,104,99,44,395,2.53,100
7392,KCOV Buffer,135,84,100,39,358,2.79,100
7393,KCOV Buffer,126,81,104,40,351,2.85,100
7394,KCOV Buffer,86,88,89,37,300,3.33,100
7395,KCOV Buffer,108,95,69,42,314,3.18,100
7396,KCOV Buffer,96,86,78,40,300,3.33,100
7397,KCOV Buffer,94,103,79,42,318,3.14,100
7398,KCOV Buffer,116,87,91,35,329,3.04,100
7399,KCOV Buffer,84,85,95,40,304,3.29,100
7400,KCOV Buffer,89,85,78,33,285,3.51,100
7401,KCOV Buffer,93,82,97,40,312,3.21,100
7402,KCOV Buffer,124,87,104,40,355,2.82,100
7403,KCOV Buffer,113,82,96,33,324,3.09,100
7404,KCOV Buffer,149,91,117,42,399,2.51,100
7405,KCOV Buffer,144,83,89,41,357,2.80,100
7406,KCOV Buffer,125,81,82,40,328,3.05,100
7407,KCOV Buffer,108,89,91,42,330,3.03,100
7408,KCOV Buffer,120,81,129,34,364,2.75,100
7409,KCOV Buffer,120,80,94,31,325,3.08,100
7410,KCOV Buffer,77,88,87,54,306,3.27,100
7411,KCOV Buffer,95,78,96,40,309,3.24,100
7412,KCOV Buffer,87,81,104,41,313,3.19,100
7413,KCOV Buffer,96,86,97,40,319,3.13,100
7414,KCOV Buffer,135,81,87,41,344,2.91,100
7415,KCOV Buffer,123,82,91,31,327,3.06,100
7416,KCOV Buffer,104,81,96,42,323,3.10,100
7417,KCOV Buffer,116,94,88,66,364,2.75,100
7418,KCOV Buffer,106,77,93,33,309,3.24,100
7419,KCOV Buffer,115,85,86,40,326,3.07,100
7420,KCOV Buffer,90,85,91,32,298,3.36,100
7421,KCOV Buffer,127,81,96,41,345,2.90,100
7422,KCOV Buffer,117,94,82,41,334,2.99,100
7423,KCOV Buffer,95,87,84,41,307,3.26,100
7424,KCOV Buffer,109,97,79,42,327,3.06,100
7425,KCOV Buffer,86,78,92,56,312,3.21,100
7426,KCOV Buffer,92,84,110,31,317,3.15,100
7427,KCOV Buffer,84,86,76,40,286,3.50,100
7428,KCOV Buffer,97,79,86,32,294,3.40,100
7429,KCOV Buffer,98,85,97,40,320,3.12,100
7430,KCOV Buffer,117,81,106,43,347,2.88,100
7431,KCOV Buffer,90,79,76,41,286,3.50,100
7432,KCOV Buffer,116,86,98,42,342,2.92,100
7433,KCOV Buffer,87,86,92,40,305,3.28,100
7434,KCOV Buffer,86,86,106,40,318,3.14,100
7435,KCOV Buffer,90,81,94,41,306,3.27,100
7436,KCOV Buffer,95,80,108,33,316,3.16,100
7437,KCOV Buffer,90,81,109,41,321,3.12,100
7438,KCOV Buffer,123,82,87,41,333,3.00,100
7439,KCOV Buffer,110,83,98,40,331,3.02,100
7440,KCOV Buffer,121,81,87,43,332,3.01,100
7441,KCOV Buffer,106,81,82,40,309,3.24,100
7442,KCOV Buffer,136,89,95,41,361,2.77,100
7443,KCOV Buffer,115,86,78,32,311,3.22,100
7444,KCOV Buffer,133,80,112,41,366,2.73,100
7445,KCOV Buffer,140,82,108,34,364,2.75,100
7446,KCOV Buffer,154,81,87,30,352,2.84,100
7447,KCOV Buffer,120,86,99,40,345,2.90,100
7448,KCOV Buffer,136,88,117,40,381,2.62,100
7449,KCOV Buffer,118,85,85,39,327,3.06,100
7450,KCOV Buffer,146,88,85,41,360,2.78,100
7451,KCOV Buffer,111,78,101,40,330,3.03,100
7452,KCOV Buffer,100,87,88,40,315,3.17,100
7453,KCOV Buffer,87,76,97,41,301,3.32,100
7454,KCOV Buffer,155,87,113,34,389,2.57,100
7455,KCOV Buffer,128,83,81,40,332,3.01,100
7456,KCOV Buffer,123,81,75,41,320,3.12,100
7457,KCOV Buffer,85,82,98,42,307,3.26,100
7458,KCOV Buffer,86,87,104,39,316,3.16,100
7459,KCOV Buffer,88,82,76,40,286,3.50,100
7460,KCOV Buffer,98,84,107,33,322,3.11,100
7461,KCOV Buffer,92,76,109,40,317,3.15,100
7462,KCOV Buffer,82,81,99,39,301,3.32,100
7463,KCOV Buffer,98,78,84,37,297,3.37,100
7464,KCOV Buffer,149,87,92,39,367,2.72,100
7465,KCOV Buffer,105,79,81,40,305,3.28,100
7466,KCOV Buffer,96,89,101,41,327,3.06,100
7467,KCOV Buffer,105,85,102,40,332,3.01,100
7468,KCOV Buffer,107,82,85,40,314,3.18,100
7469,KCOV Buffer,102,87,83,33,305,3.28,100
7470,KCOV Buffer,97,81,108,41,327,3.06,100
7471,KCOV Buffer,105,78,85,41,309,3.24,100
7472,KCOV Buffer,167,82,106,53,408,2.45,100
7473,KCOV Buffer,98,82,98,42,320,3.12,100
7474,KCOV Buffer,129,84,92,40,345,2.90,100
7475,KCOV Buffer,96,78,73,40,287,3.48,100
7476,KCOV Buffer,92,84,87,46,309,3.24,100
7477,KCOV Buffer,126,88,74,40,328,3.05,100
7478,KCOV Buffer,136,81,87,39,343,2.92,100
7479,KCOV Buffer,141,85,80,40,346,2.89,100
7480,KCOV Buffer,112,85,132,39,368,2.72,100
7481,KCOV Buffer,89,79,88,40,296,3.38,100
7482,KCOV Buffer,129,79,94,42,344,2.91,100
7483,KCOV Buffer,120,85,95,40,340,2.94,100
7484,KCOV Buffer,92,81,92,41,306,3.27,100
7485,KCOV Buffer,90,99,79,40,308,3.25,100
7486,KCOV Buffer,125,82,77,33,317,3.15,100
7487,KCOV Buffer,119,91,133,34,377,2.65,100
7488,KCOV Buffer,88,85,94,37,304,3.29,100
7489,KCOV Buffer,86,101,103,41,331,3.02,100
7490,KCOV Buffer,90,89,87,42,308,3.25,100
7491,KCOV Buffer,85,89,99,40,313,3.19,100
7492,KCOV Buffer,91,88,92,58,329,3.04,100
7493,KCOV Buffer,87,81,88,41,297,3.37,100
7494,KCOV Buffer,92,84,93,42,311,3.22,100
7495,KCOV Buffer,84,81,110,58,333,3.00,100
7496,KCOV Buffer,84,88,83,41,296,3.38,100
7497,KCOV Buffer,114,84,109,40,347,2.88,100
7498,KCOV Buffer,127,83,103,40,353,2.83,100
7499,KCOV Buffer,102,78,88,33,301,3.32,100
7500,KCOV Buffer,138,81,82,39,340,2.94,100
7501,KCOV Buffer,118,83,99,43,343,2.92,100
7502,KCOV Buffer,129,87,115,38,369,2.71,100
7503,KCOV Buffer,102,87,92,39,320,3.12,100
7504,KCOV Buffer,97,88,97,41,323,3.10,100
7505,KCOV Buffer,103,83,129,42,357,2.80,100
7506,KCOV Buffer,92,80,85,40,297,3.37,100
7507,KCOV Buffer,114,80,79,40,313,3.19,100
7508,KCOV Buffer,121,80,100,42,343,2.92,100
7509,KCOV Buffer,96,83,89,39,307,3.26,100
7510,KCOV Buffer,115,77,115,32,339,2.95,100
7511,KCOV Buffer,95,80,90,40,305,3.28,100
7512,KCOV Buffer,138,90,107,40,375,2.67,100
7513,KCOV Buffer,80,104,84,33,301,3.32,100
7514,KCOV Buffer,132,83,93,40,348,2.87,100
7515,KCOV Buffer,83,86,81,32,282,3.55,100
7516,KCOV Buffer,85,88,98,33,304,3.29,100
7517,KCOV Buffer,95,88,87,42,312,3.21,100
7518,KCOV Buffer,116,81,110,41,348,2.87,100
7519,KCOV Buffer,89,83,100,39,311,3.22,100
7520,KCOV Buffer,87,87,93,40,307,3.26,100
7521,KCOV Buffer,110,86,101,56,353,2.83,100
7522,KCOV Buffer,109,81,112,43,345,2.90,100
7523,KCOV Buffer,117,86,90,40,333,3.00,100
7524,KCOV Buffer,92,86,86,32,296,3.38,100
7525,KCOV Buffer,140,86,171,39,436,2.29,100
7526,KCOV Buffer,158,87,102,39,386,2.59,100
7527,KCOV Buffer,130,83,91,42,346,2.89,100
7528,KCOV Buffer,123,84,89,40,336,2.98,100
7529,KCOV Buffer,167,98,100,44,409,2.44,100
7530,KCOV Buffer,104,87,80,42,313,3.19,100
7531,KCOV Buffer,123,84,92,40,339,2.95,100
7532,KCOV Buffer,122,85,92,40,339,2.95,100
7533,KCOV Buffer,87,78,98,38,301,3.32,100
7534,KCOV Buffer,125,84,109,41,359,2.79,100
7535,KCOV Buffer,106,79,112,42,339,2.95,100
7536,KCOV Buffer,99,89,94,32,314,3.18,100
7537,KCOV Buffer,96,86,86,35,303,3.30,100
7538,KCOV Buffer,119,84,107,40,350,2.86,100
7539,KCOV Buffer,121,90,84,40,335,2.99,100
7540,KCOV Buffer,77,84,81,33,275,3.64,100
7541,KCOV Buffer,86,96,80,40,302,3.31,100
7542,KCOV Buffer,99,80,101,42,322,3.11,100
7543,KCOV Buffer,78,80,85,40,283,3.53,100
7544,KCOV Buffer,116,81,86,33,316,3.16,100
7545,KCOV Buffer,107,89,93,41,330,3.03,100
7546,KCOV Buffer,113,89,91,40,333,3.00,100
7547,KCOV Buffer,94,88,106,38,326,3.07,100
7548,KCOV Buffer,80,78,89,40,287,3.48,100
7549,KCOV Buffer,106,89,93,40,328,3.05,100
7550,KCOV Buffer,94,76,89,40,299,3.34,100
7551,KCOV Buffer,139,120,88,39,386,2.59,100
7552,KCOV Buffer,90,84,94,42,310,3.23,100
7553,KCOV Buffer,96,80,89,41,306,3.27,100
7554,KCOV Buffer,101,79,88,40,308,3.25,100
7555,KCOV Buffer,98,83,91,40,312,3.21,100
7556,KCOV Buffer,122,89,92,36,339,2.95,100
7557,KCOV Buffer,83,89,104,40,316,3.16,100
7558,KCOV Buffer,93,84,89,41,307,3.26,100
7559,KCOV Buffer,87,82,77,31,277,3.61,100
7560,KCOV Buffer,82,87,86,44,299,3.34,100
7561,KCOV Buffer,94,87,84,40,305,3.28,100
7562,KCOV Buffer,130,87,90,41,348,2.87,100
7563,KCOV Buffer,104,80,91,32,307,3.26,100
7564,KCOV Buffer,99,81,107,39,326,3.07,100
7565,KCOV Buffer,96,86,84,41,307,3.26,100
7566,KCOV Buffer,112,84,111,40,347,2.88,100
7567,KCOV Buffer,101,78,103,32,314,3.18,100
7568,KCOV Buffer,112,81,97,39,329,3.04,100
7569,KCOV Buffer,97,82,106,40,325,3.08,100
7570,KCOV Buffer,103,86,96,42,327,3.06,100
7571,KCOV Buffer,111,81,97,40,329,3.04,100
7572,KCOV Buffer,150,86,76,41,353,2.83,100
7573,KCOV Buffer,113,86,98,31,328,3.05,100
7574,KCOV Buffer,96,86,96,42,320,3.12,100
7575,KCOV Buffer,93,81,92,40,306,3.27,100
7576,KCOV Buffer,108,86,96,43,333,3.00,100
7577,KCOV Buffer,104,77,84,41,306,3.27,100
7578,KCOV Buffer,125,82,91,39,337,2.97,100
7579,KCOV Buffer,109,82,91,42,324,3.09,100
7580,KCOV Buffer,163,84,100,40,387,2.58,100
7581,KCOV Buffer,104,87,88,32,311,3.22,100
7582,KCOV Buffer,104,81,92,40,317,3.15,100
7583,KCOV Buffer,92,88,89,31,300,3.33,100
7584,KCOV Buffer,93,81,84,40,298,3.36,100
7585,KCOV Buffer,121,86,90,32,329,3.04,100
7586,KCOV Buffer,98,97,84,41,320,3.12,100
7587,KCOV Buffer,115,82,84,33,314,3.18,100
7588,KCOV Buffer,114,85,89,42,330,3.03,100
7589,KCOV Buffer,85,79,86,39,289,3.46,100
7590,KCOV Buffer,87,78,81,39,285,3.51,100
7591,KCOV Buffer,94,82,97,41,314,3.18,100
7592,KCOV Buffer,102,88,74,41,305,3.28,100
7593,KCOV Buffer,79,90,85,40,294,3.40,100
7594,KCOV Buffer,100,82,83,42,307,3.26,100
7595,KCOV Buffer,112,78,80,33,303,3.30,100
7596,KCOV Buffer,142,95,86,38,361,2.77,100
7597,KCOV Buffer,122,89,89,43,343,2.92,100
7598,KCOV Buffer,85,95,95,41,316,3.16,100
7599,KCOV Buffer,87,76,97,40,300,3.33,100
7600,KCOV Buffer,119,84,111,42,356,2.81,100
7601,KCOV Buffer,108,89,84,41,322,3.11,100
7602,KCOV Buffer,130,80,89,41,340,2.94,100
7603,KCOV Buffer,132,85,80,40,337,2.97,100
7604,KCOV Buffer,175,82,77,40,374,2.67,100
7605,KCOV Buffer,83,77,92,38,290,3.45,100
7606,KCOV Buffer,127,79,79,42,327,3.06,100
7607,KCOV Buffer,101,77,100,34,312,3.21,100
7608,KCOV Buffer,115,74,82,41,312,3.21,100
7609,KCOV Buffer,137,86,90,42,355,2.82,100
7610,KCOV Buffer,154,83,85,41,363,2.75,100
7611,KCOV Buffer,100,84,95,40,319,3.13,100
7612,KCOV Buffer,135,87,97,33,352,2.84,100
7613,KCOV Buffer,87,90,84,40,301,3.32,100
7614,KCOV Buffer,140,89,89,42,360,2.78,100
7615,KCOV Buffer,121,87,79,40,327,3.06,100
7616,KCOV Buffer,84,89,96,42,311,3.22,100
7617,KCOV Buffer,113,84,84,40,321,3.12,100
7618,KCOV Buffer,133,76,102,41,352,2.84,100
7619,KCOV Buffer,89,81,111,41,322,3.11,100
7620,KCOV Buffer,111,84,98,43,336,2.98,100
7621,KCOV Buffer,126,82,92,31,331,3.02,100
7622,KCOV Buffer,109,88,89,40,326,3.07,100
7623,KCOV Buffer,123,86,89,37,335,2.99,100
7624,KCOV Buffer,98,83,91,41,313,3.19,100
7625,KCOV Buffer,102,82,89,43,316,3.16,100
7626,KCOV Buffer,141,79,103,45,368,2.72,100
7627,KCOV Buffer,156,78,73,38,345,2.90,100
7628,KCOV Buffer,88,80,89,42,299,3.34,100
7629,KCOV Buffer,133,82,95,40,350,2.86,100
7630,KCOV Buffer,98,81,95,39,313,3.19,100
7631,KCOV Buffer,113,88,85,34,320,3.12,100
7632,KCOV Buffer,108,79,78,41,306,3.27,100
7633,KCOV Buffer,90,84,109,38,321,3.12,100
7634,KCOV Buffer,89,83,83,41,296,3.38,100
7635,KCOV Buffer,102,86,96,40,324,3.09,100
7636,KCOV Buffer,111,82,85,41,319,3.13,100
7637,KCOV Buffer,102,82,89,40,313,3.19,100
7638,KCOV Buffer,89,90,95,41,315,3.17,100
7639,KCOV Buffer,97,86,86,38,307,3.26,100
7640,KCOV Buffer,104,81,83,42,310,3.23,100
7641,KCOV Buffer,92,82,80,40,294,3.40,100
7642,KCOV Buffer,95,83,79,42,299,3.34,100
7643,KCOV Buffer,85,84,91,43,303,3.30,100
7644,KCOV Buffer,82,86,95,31,294,3.40,100
7645,KCOV Buffer,108,88,96,41,333,3.00,100
7646,KCOV Buffer,91,83,109,42,325,3.08,100
7647,KCOV Buffer,112,85,90,43,330,3.03,100
7648,KCOV Buffer,99,84,104,42,329,3.04,100
7649,KCOV Buffer,95,83,89,41,308,3.25,100
7650,KCOV Buffer,112,88,94,42,336,2.98,100
7651,KCOV Buffer,118,81,87,36,322,3.11,100
7652,KCOV Buffer,99,82,97,40,318,3.14,100
7653,KCOV Buffer,89,78,97,41,305,3.28,100
7654,KCOV Buffer,93,82,102,40,317,3.15,100
7655,KCOV Buffer,136,108,106,44,394,2.54,100
7656,KCOV Buffer,111,85,93,40,329,3.04,100
7657,KCOV Buffer,105,103,86,40,334,2.99,100
7658,KCOV Buffer,94,89,83,41,307,3.26,100
7659,KCOV Buffer,105,82,85,41,313,3.19,100
7660,KCOV Buffer,124,84,93,39,340,2.94,100
7661,KCOV Buffer,109,82,87,42,320,3.12,100
7662,KCOV Buffer,122,94,88,32,336,2.98,100
7663,KCOV Buffer,88,89,94,41,312,3.21,100
7664,KCOV Buffer,105,88,92,40,325,3.08,100
7665,KCOV Buffer,96,94,80,31,301,3.32,100
7666,KCOV Buffer,85,88,87,40,300,3.33,100
7667,KCOV Buffer,118,95,103,37,353,2.83,100
7668,KCOV Buffer,106,87,88,39,320,3.12,100
7669,KCOV Buffer,172,78,81,40,371,2.70,100
7670,KCOV Buffer,115,88,98,42,343,2.92,100
7671,KCOV Buffer,115,78,88,40,321,3.12,100
7672,KCOV Buffer,152,89,78,39,358,2.79,100
7673,KCOV Buffer,87,77,84,40,288,3.47,100
7674,KCOV Buffer,97,86,93,41,317,3.15,100
7675,KCOV Buffer,124,80,95,41,340,2.94,100
7676,KCOV Buffer,165,89,86,39,379,2.64,100
7677,KCOV Buffer,100,85,97,40,322,3.11,100
7678,KCOV Buffer,131,87,99,58,375,2.67,100
7679,KCOV Buffer,119,88,121,39,367,2.72,100
7680,KCOV Buffer,100,85,79,40,304,3.29,100
7681,KCOV Buffer,102,89,85,43,319,3.13,100
7682,KCOV Buffer,81,81,76,40,278,3.60,100
7683,KCOV Buffer,98,92,80,40,310,3.23,100
7684,KCOV Buffer,98,92,76,39,305,3.28,100
7685,KCOV Buffer,97,85,87,41,310,3.23,100
7686,KCOV Buffer,81,82,83,41,287,3.48,100
7687,KCOV Buffer,92,88,93,41,314,3.18,100
7688,KCOV Buffer,86,86,106,53,331,3.02,100
7689,KCOV Buffer,93,81,75,39,288,3.47,100
7690,KCOV Buffer,133,85,109,42,369,2.71,100
7691,KCOV Buffer,114,90,97,40,341,2.93,100
7692,KCOV Buffer,119,100,88,42,349,2.87,100
7693,KCOV Buffer,104,82,93,43,322,3.11,100
7694,KCOV Buffer,95,81,104,42,322,3.11,100
7695,KCOV Buffer,103,79,89,43,314,3.18,100
7696,KCOV Buffer,106,85,110,41,342,2.92,100
7697,KCOV Buffer,102,81,77,33,293,3.41,100
7698,KCOV Buffer,110,87,97,39,333,3.00,100
7699,KCOV Buffer,121,78,90,31,320,3.12,100
7700,KCOV Buffer,175,86,72,40,373,2.68,100
7701,KCOV Buffer,90,81,87,38,296,3.38,100
7702,KCOV Buffer,104,77,85,32,298,3.36,100
7703,KCOV Buffer,88,83,97,40,308,3.25,100
7704,KCOV Buffer,86,81,117,40,324,3.09,100
7705,KCOV Buffer,90,88,99,42,319,3.13,100
7706,KCOV Buffer,89,84,95,42,310,3.23,100
7707,KCOV Buffer,96,84,83,41,304,3.29,100
7708,KCOV Buffer,84,80,80,41,285,3.51,100
7709,KCOV Buffer,124,87,94,37,342,2.92,100
7710,KCOV Buffer,118,83,92,40,333,3.00,100
7711,KCOV Buffer,133,91,101,40,365,2.74,100
7712,KCOV Buffer,124,81,98,31,334,2.99,100
7713,KCOV Buffer,97,80,98,33,308,3.25,100
7714,KCOV Buffer,81,85,99,32,297,3.37,100
7715,KCOV Buffer,85,89,82,40,296,3.38,100
7716,KCOV Buffer,113,85,105,41,344,2.91,100
7717,KCOV Buffer,92,88,93,40,313,3.19,100
7718,KCOV Buffer,90,83,106,41,320,3.12,100
7719,KCOV Buffer,105,82,107,40,334,2.99,100
7720,KCOV Buffer,102,88,93,42,325,3.08,100
7721,KCOV Buffer,100,88,80,41,309,3.24,100
7722,KCOV Buffer,115,87,95,38,335,2.99,100
7723,KCOV Buffer,102,83,79,41,305,3.28,100
7724,KCOV Buffer,104,90,142,35,371,2.70,100
7725,KCOV Buffer,96,87,85,40,308,3.25,100
7726,KCOV Buffer,87,89,95,40,311,3.22,100
7727,KCOV Buffer,140,78,106,43,367,2.72,100
7728,KCOV Buffer,127,83,104,41,355,2.82,100
7729,KCOV Buffer,107,85,98,40,330,3.03,100
7730,KCOV Buffer,110,82,92,41,325,3.08,100
7731,KCOV Buffer,140,79,77,40,336,2.98,100
7732,KCOV Buffer,140,90,87,32,349,2.87,100
7733,KCOV Buffer,85,88,91,42,306,3.27,100
7734,KCOV Buffer,97,80,99,40,316,3.16,100
7735,KCOV Buffer,151,87,89,34,361,2.77,100
7736,KCOV Buffer,110,82,101,33,326,3.07,100
7737,KCOV Buffer,100,81,93,40,314,3.18,100
7738,KCOV Buffer,141,80,104,40,365,2.74,100
7739,KCOV Buffer,95,80,98,40,313,3.19,100
7740,KCOV Buffer,119,82,81,40,322,3.11,100
7741,KCOV Buffer,90,88,83,42,303,3.30,100
7742,KCOV Buffer,128,87,96,41,352,2.84,100
7743,KCOV Buffer,134,83,84,41,342,2.92,100
7744,KCOV Buffer,85,87,83,33,288,3.47,100
7745,KCOV Buffer,129,79,98,33,339,2.95,100
7746,KCOV Buffer,81,77,74,38,270,3.70,100
7747,KCOV Buffer,82,74,105,42,303,3.30,100
7748,KCOV Buffer,146,87,95,40,368,2.72,100
7749,KCOV Buffer,96,83,83,41,303,3.30,100
7750,KCOV Buffer,144,113,93,40,390,2.56,100
7751,KCOV Buffer,106,81,102,42,331,3.02,100
7752,KCOV Buffer,115,85,86,40,326,3.07,100
7753,KCOV Buffer,118,88,78,38,322,3.11,100
7754,KCOV Buffer,97,85,91,39,312,3.21,100
7755,KCOV Buffer,110,83,78,40,311,3.22,100
7756,KCOV Buffer,155,81,78,40,354,2.82,100
7757,KCOV Buffer,111,78,89,41,319,3.13,100
7758,KCOV Buffer,92,86,101,40,319,3.13,100
7759,KCOV Buffer,98,83,88,58,327,3.06,100
7760,KCOV Buffer,135,85,90,40,350,2.86,100
7761,KCOV Buffer,142,81,84,40,347,2.88,100
7762,KCOV Buffer,104,86,98,60,348,2.87,100
7763,KCOV Buffer,126,80,82,41,329,3.04,100
7764,KCOV Buffer,141,103,117,39,400,2.50,100
7765,KCOV Buffer,144,87,115,40,386,2.59,100
7766,KCOV Buffer,261,92,89,42,484,2.07,100
7767,KCOV Buffer,111,84,97,32,324,3.09,100
7768,KCOV Buffer,112,89,102,40,343,2.92,100
7769,KCOV Buffer,108,91,91,41,331,3.02,100
7770,KCOV Buffer,105,88,94,40,327,3.06,100
7771,KCOV Buffer,103,86,88,40,317,3.15,100
7772,KCOV Buffer,111,83,89,42,325,3.08,100
7773,KCOV Buffer,92,88,91,40,311,3.22,100
7774,KCOV Buffer,128,87,112,39,366,2.73,100
7775,KCOV Buffer,91,82,96,40,309,3.24,100
7776,KCOV Buffer,129,81,80,39,329,3.04,100
7777,KCOV Buffer,94,87,84,39,304,3.29,100
7778,KCOV Buffer,76,79,86,40,281,3.56,100
7779,KCOV Buffer,102,78,93,39,312,3.21,100
7780,KCOV Buffer,128,85,90,41,344,2.91,100
7781,KCOV Buffer,85,97,97,40,319,3.13,100
7782,KCOV Buffer,96,88,106,39,329,3.04,100
7783,KCOV Buffer,89,85,82,41,297,3.37,100
7784,KCOV Buffer,97,87,90,42,316,3.16,100
7785,KCOV Buffer,86,80,89,40,295,3.39,100
7786,KCOV Buffer,104,80,85,42,311,3.22,100
7787,KCOV Buffer,86,83,73,41,283,3.53,100
7788,KCOV Buffer,137,78,87,40,342,2.92,100
7789,KCOV Buffer,124,87,107,42,360,2.78,100
7790,KCOV Buffer,95,97,85,32,309,3.24,100
7791,KCOV Buffer,94,81,104,55,334,2.99,100
7792,KCOV Buffer,85,82,80,40,287,3.48,100
7793,KCOV Buffer,91,94,105,31,321,3.12,100
7794,KCOV Buffer,96,94,97,40,327,3.06,100
7795,KCOV Buffer,97,85,81,32,295,3.39,100
7796,KCOV Buffer,88,85,87,41,301,3.32,100
7797,KCOV Buffer,89,86,98,38,311,3.22,100
7798,KCOV Buffer,104,79,87,41,311,3.22,100
7799,KCOV Buffer,83,87,99,32,301,3.32,100
7800,KCOV Buffer,116,88,94,32,330,3.03,100
7801,KCOV Buffer,142,82,86,42,352,2.84,100
7802,KCOV Buffer,106,87,91,42,326,3.07,100
7803,KCOV Buffer,132,84,116,37,369,2.71,100
7804,KCOV Buffer,106,84,122,36,348,2.87,100
7805,KCOV Buffer,160,82,103,40,385,2.60,100
7806,KCOV Buffer,84,86,96,40,306,3.27,100
7807,KCOV Buffer,101,90,83,40,314,3.18,100
7808,KCOV Buffer,91,77,94,31,293,3.41,100
7809,KCOV Buffer,112,85,79,42,318,3.14,100
7810,KCOV Buffer,95,88,85,40,308,3.25,100
7811,KCOV Buffer,96,89,86,32,303,3.30,100
7812,KCOV Buffer,108,77,91,40,316,3.16,100
7813,KCOV Buffer,142,81,96,40,359,2.79,100
7814,KCOV Buffer,98,81,97,41,317,3.15,100
7815,KCOV Buffer,84,87,85,41,297,3.37,100
7816,KCOV Buffer,121,81,90,41,333,3.00,100
7817,KCOV Buffer,89,87,104,44,324,3.09,100
7818,KCOV Buffer,100,90,83,39,312,3.21,100
7819,KCOV Buffer,87,83,96,41,307,3.26,100
7820,KCOV Buffer,113,88,101,41,343,2.92,100
7821,KCOV Buffer,88,86,93,36,303,3.30,100
7822,KCOV Buffer,129,82,83,40,334,2.99,100
7823,KCOV Buffer,128,85,82,40,335,2.99,100
7824,KCOV Buffer,86,96,91,32,305,3.28,100
7825,KCOV Buffer,132,82,88,40,342,2.92,100
7826,KCOV Buffer,118,81,83,40,322,3.11,100
7827,KCOV Buffer,115,86,86,38,325,3.08,100
7828,KCOV Buffer,101,101,89,39,330,3.03,100
7829,KCOV Buffer,111,85,103,41,340,2.94,100
7830,KCOV Buffer,93,85,122,41,341,2.93,100
7831,KCOV Buffer,87,86,108,42,323,3.10,100
7832,KCOV Buffer,155,82,84,40,361,2.77,100
7833,KCOV Buffer,103,78,82,42,305,3.28,100
7834,KCOV Buffer,100,84,81,40,305,3.28,100
7835,KCOV Buffer,91,83,85,40,299,3.34,100
7836,KCOV Buffer,92,101,114,42,349,2.87,100
7837,KCOV Buffer,119,87,116,42,364,2.75,100
7838,KCOV Buffer,124,77,85,41,327,3.06,100
7839,KCOV Buffer,93,80,122,40,335,2.99,100
7840,KCOV Buffer,95,75,95,40,305,3.28,100
7841,KCOV Buffer,120,89,86,39,334,2.99,100
7842,KCOV Buffer,130,82,78,40,330,3.03,100
7843,KCOV Buffer,137,85,83,39,344,2.91,100
7844,KCOV Buffer,83,86,108,42,319,3.13,100
7845,KCOV Buffer,122,88,106,40,356,2.81,100
7846,KCOV Buffer,117,88,96,40,341,2.93,100
7847,KCOV Buffer,209,86,86,33,414,2.42,100
7848,KCOV Buffer,98,80,106,42,326,3.07,100
7849,KCOV Buffer,128,82,85,41,336,2.98,100
7850,KCOV Buffer,103,84,95,32,314,3.18,100
7851,KCOV Buffer,141,94,90,59,384,2.60,100
7852,KCOV Buffer,90,88,102,40,320,3.12,100
7853,KCOV Buffer,120,84,90,35,329,3.04,100
7854,KCOV Buffer,90,84,102,40,316,3.16,100
7855,KCOV Buffer,98,86,92,41,317,3.15,100
7856,KCOV Buffer,114,88,92,40,334,2.99,100
7857,KCOV Buffer,98,85,74,38,295,3.39,100
7858,KCOV Buffer,147,82,82,41,352,2.84,100
7859,KCOV Buffer,88,84,95,32,299,3.34,100
7860,KCOV Buffer,95,82,84,40,301,3.32,100
7861,KCOV Buffer,79,81,86,38,284,3.52,100
7862,KCOV Buffer,103,86,88,39,316,3.16,100
7863,KCOV Buffer,93,85,95,33,306,3.27,100
7864,KCOV Buffer,87,87,94,39,307,3.26,100
7865,KCOV Buffer,96,86,107,40,329,3.04,100
7866,KCOV Buffer,110,82,111,40,343,2.92,100
7867,KCOV Buffer,101,85,93,33,312,3.21,100
7868,KCOV Buffer,80,87,92,40,299,3.34,100
7869,KCOV Buffer,84,84,84,33,285,3.51,100
7870,KCOV Buffer,106,89,81,32,308,3.25,100
7871,KCOV Buffer,88,97,78,42,305,3.28,100
7872,KCOV Buffer,100,98,110,42,350,2.86,100
7873,KCOV Buffer,93,78,95,42,308,3.25,100
7874,KCOV Buffer,131,81,88,42,342,2.92,100
7875,KCOV Buffer,90,86,98,42,316,3.16,100
7876,KCOV Buffer,94,88,103,32,317,3.15,100
7877,KCOV Buffer,134,86,82,39,341,2.93,100
7878,KCOV Buffer,130,87,116,40,373,2.68,100
7879,KCOV Buffer,151,85,100,42,378,2.65,100
7880,KCOV Buffer,97,92,87,40,316,3.16,100
7881,KCOV Buffer,145,86,91,42,364,2.75,100
7882,KCOV Buffer,93,85,92,41,311,3.22,100
7883,KCOV Buffer,130,92,88,37,347,2.88,100
7884,KCOV Buffer,96,79,86,45,306,3.27,100
7885,KCOV Buffer,118,85,91,43,337,2.97,100
7886,KCOV Buffer,104,83,84,41,312,3.21,100
7887,KCOV Buffer,134,88,93,43,358,2.79,100
7888,KCOV Buffer,88,86,103,39,316,3.16,100
7889,KCOV Buffer,101,99,81,33,314,3.18,100
7890,KCOV Buffer,100,84,82,31,297,3.37,100
7891,KCOV Buffer,128,100,107,40,375,2.67,100
7892,KCOV Buffer,88,82,105,38,313,3.19,100
7893,KCOV Buffer,99,80,93,40,312,3.21,100
7894,KCOV Buffer,93,84,76,40,293,3.41,100
7895,KCOV Buffer,91,82,96,33,302,3.31,100
7896,KCOV Buffer,84,80,105,34,303,3.30,100
7897,KCOV Buffer,90,89,94,39,312,3.21,100
7898,KCOV Buffer,95,87,75,42,299,3.34,100
7899,KCOV Buffer,125,114,110,41,390,2.56,100
7900,KCOV Buffer,92,82,97,42,313,3.19,100
7901,KCOV Buffer,85,82,127,39,333,3.00,100
7902,KCOV Buffer,90,81,107,39,317,3.15,100
7903,KCOV Buffer,114,90,110,33,347,2.88,100
7904,KCOV Buffer,132,75,94,33,334,2.99,100
7905,KCOV Buffer,132,82,84,44,342,2.92,100
7906,KCOV Buffer,104,86,79,42,311,3.22,100
7907,KCOV Buffer,90,85,111,41,327,3.06,100
7908,KCOV Buffer,92,81,105,40,318,3.14,100
7909,KCOV Buffer,94,84,86,40,304,3.29,100
7910,KCOV Buffer,89,85,106,41,321,3.12,100
7911,KCOV Buffer,118,75,94,40,327,3.06,100
7912,KCOV Buffer,135,77,88,35,335,2.99,100
7913,KCOV Buffer,131,79,92,40,342,2.92,100
7914,KCOV Buffer,139,90,93,33,355,2.82,100
7915,KCOV Buffer,143,76,88,43,350,2.86,100
7916,KCOV Buffer,92,74,91,35,292,3.42,100
7917,KCOV Buffer,99,87,90,40,316,3.16,100
7918,KCOV Buffer,88,84,81,40,293,3.41,100
7919,KCOV Buffer,136,75,78,33,322,3.11,100
7920,KCOV Buffer,86,83,108,33,310,3.23,100
7921,KCOV Buffer,91,84,84,40,299,3.34,100
7922,KCOV Buffer,100,81,92,40,313,3.19,100
7923,KCOV Buffer,118,81,91,32,322,3.11,100
7924,KCOV Buffer,104,88,103,40,335,2.99,100
7925,KCOV Buffer,98,77,119,52,346,2.89,100
7926,KCOV Buffer,99,89,83,40,311,3.22,100
7927,KCOV Buffer,87,91,85,41,304,3.29,100
7928,KCOV Buffer,135,83,96,34,348,2.87,100
7929,KCOV Buffer,90,87,93,40,310,3.23,100
7930,KCOV Buffer,107,90,90,41,328,3.05,100
7931,KCOV Buffer,105,79,81,41,306,3.27,100
7932,KCOV Buffer,123,82,78,40,323,3.10,100
7933,KCOV Buffer,127,96,91,39,353,2.83,100
7934,KCOV Buffer,162,83,85,40,370,2.70,100
7935,KCOV Buffer,119,83,73,31,306,3.27,100
7936,KCOV Buffer,140,85,92,42,359,2.79,100
7937,KCOV Buffer,112,84,93,40,329,3.04,100
7938,KCOV Buffer,109,93,88,31,321,3.12,100
7939,KCOV Buffer,129,90,83,40,342,2.92,100
7940,KCOV Buffer,96,90,88,37,311,3.22,100
7941,KCOV Buffer,104,82,88,31,305,3.28,100
7942,KCOV Buffer,88,85,94,42,309,3.24,100
7943,KCOV Buffer,103,87,82,40,312,3.21,100
7944,KCOV Buffer,90,95,92,41,318,3.14,100
7945,KCOV Buffer,86,95,94,40,315,3.17,100
7946,KCOV Buffer,106,78,96,41,321,3.12,100
7947,KCOV Buffer,96,82,100,38,316,3.16,100
7948,KCOV Buffer,87,81,87,40,295,3.39,100
7949,KCOV Buffer,104,84,79,40,307,3.26,100
7950,KCOV Buffer,113,77,105,42,337,2.97,100
7951,KCOV Buffer,86,81,83,40,290,3.45,100
7952,KCOV Buffer,96,84,84,41,305,3.28,100
7953,KCOV Buffer,80,78,101,40,299,3.34,100
7954,KCOV Buffer,97,81,113,40,331,3.02,100
7955,KCOV Buffer,99,84,96,41,320,3.12,100
7956,KCOV Buffer,96,83,104,42,325,3.08,100
7957,KCOV Buffer,98,88,99,41,326,3.07,100
7958,KCOV Buffer,127,86,84,44,341,2.93,100
7959,KCOV Buffer,86,81,92,40,299,3.34,100
7960,KCOV Buffer,134,87,86,41,348,2.87,100
7961,KCOV Buffer,117,87,82,43,329,3.04,100
7962,KCOV Buffer,130,88,95,43,356,2.81,100
7963,KCOV Buffer,92,87,96,41,316,3.16,100
7964,KCOV Buffer,89,88,84,41,302,3.31,100
7965,KCOV Buffer,93,85,73,40,291,3.44,100
7966,KCOV Buffer,109,83,88,40,320,3.12,100
7967,KCOV Buffer,82,81,88,35,286,3.50,100
7968,KCOV Buffer,179,85,95,38,397,2.52,100
7969,KCOV Buffer,86,82,82,40,290,3.45,100
7970,KCOV Buffer,93,78,90,35,296,3.38,100
7971,KCOV Buffer,129,84,84,40,337,2.97,100
7972,KCOV Buffer,120,86,111,40,357,2.80,100
7973,KCOV Buffer,88,88,104,41,321,3.12,100
7974,KCOV Buffer,86,78,96,41,301,3.32,100
7975,KCOV Buffer,82,82,100,40,304,3.29,100
7976,KCOV Buffer,102,81,101,31,315,3.17,100
7977,KCOV Buffer,88,87,87,40,302,3.31,100
7978,KCOV Buffer,101,82,83,40,306,3.27,100
7979,KCOV Buffer,92,88,101,33,314,3.18,100
7980,KCOV Buffer,96,93,91,40,320,3.12,100
7981,KCOV Buffer,97,82,119,41,339,2.95,100
7982,KCOV Buffer,95,93,77,40,305,3.28,100
7983,KCOV Buffer,87,81,96,40,304,3.29,100
7984,KCOV Buffer,145,85,89,40,359,2.79,100
7985,KCOV Buffer,83,80,116,49,328,3.05,100
7986,KCOV Buffer,87,85,97,40,309,3.24,100
7987,KCOV Buffer,99,87,108,42,336,2.98,100
7988,KCOV Buffer,103,79,85,42,309,3.24,100
7989,KCOV Buffer,112,83,86,40,321,3.12,100
7990,KCOV Buffer,110,75,99,42,326,3.07,100
7991,KCOV Buffer,128,85,115,42,370,2.70,100
7992,KCOV Buffer,108,88,90,40,326,3.07,100
7993,KCOV Buffer,107,90,124,40,361,2.77,100
7994,KCOV Buffer,83,87,81,35,286,3.50,100
7995,KCOV Buffer,92,89,81,32,294,3.40,100
7996,KCOV Buffer,104,85,85,41,315,3.17,100
7997,KCOV Buffer,99,87,89,40,315,3.17,100
7998,KCOV Buffer,94,81,87,42,304,3.29,100
7999,KCOV Buffer,89,83,94,40,306,3.27,100
8000,KCOV Buffer,84,89,89,41,303,3.30,100
8001,IOURING_LIBURING Ring,120,112,104,51,387,2.58,100
8002,IOURING_LIBURING Ring,114,122,85,51,372,2.69,100
8003,IOURING_LIBURING Ring,135,111,81,52,379,2.64,100
8004,IOURING_LIBURING Ring,145,125,66,50,386,2.59,100
8005,IOURING_LIBURING Ring,120,112,69,49,350,2.86,100
8006,IOURING_LIBURING Ring,124,124,78,51,377,2.65,100
8007,IOURING_LIBURING Ring,140,147,75,53,415,2.41,100
8008,IOURING_LIBURING Ring,111,115,68,72,366,2.73,100
8009,IOURING_LIBURING Ring,151,121,65,69,406,2.46,100
8010,IOURING_LIBURING Ring,114,131,92,53,390,2.56,100
8011,IOURING_LIBURING Ring,112,119,67,51,349,2.87,100
8012,IOURING_LIBURING Ring,140,132,105,59,436,2.29,100
8013,IOURING_LIBURING Ring,137,108,67,55,367,2.72,100
8014,IOURING_LIBURING Ring,111,123,63,54,351,2.85,100
8015,IOURING_LIBURING Ring,118,116,66,68,368,2.72,100
8016,IOURING_LIBURING Ring,129,110,81,42,362,2.76,100
8017,IOURING_LIBURING Ring,129,110,65,74,378,2.65,100
8018,IOURING_LIBURING Ring,119,111,71,48,349,2.87,100
8019,IOURING_LIBURING Ring,124,134,74,52,384,2.60,100
8020,IOURING_LIBURING Ring,114,120,63,53,350,2.86,100
8021,IOURING_LIBURING Ring,119,141,63,71,394,2.54,100
8022,IOURING_LIBURING Ring,129,126,77,50,382,2.62,100
8023,IOURING_LIBURING Ring,124,128,82,42,376,2.66,100
8024,IOURING_LIBURING Ring,136,123,77,42,378,2.65,100
8025,IOURING_LIBURING Ring,200,108,66,53,427,2.34,100
8026,IOURING_LIBURING Ring,171,116,69,52,408,2.45,100
8027,IOURING_LIBURING Ring,151,119,74,54,398,2.51,100
8028,IOURING_LIBURING Ring,156,125,80,69,430,2.33,100
8029,IOURING_LIBURING Ring,124,126,80,37,367,2.72,100
8030,IOURING_LIBURING Ring,159,111,71,49,390,2.56,100
8031,IOURING_LIBURING Ring,111,116,74,38,339,2.95,100
8032,IOURING_LIBURING Ring,112,124,71,42,349,2.87,100
8033,IOURING_LIBURING Ring,119,106,71,42,338,2.96,100
8034,IOURING_LIBURING Ring,163,115,108,54,440,2.27,100
8035,IOURING_LIBURING Ring,119,113,67,53,352,2.84,100
8036,IOURING_LIBURING Ring,166,123,91,43,423,2.36,100
8037,IOURING_LIBURING Ring,137,110,62,48,357,2.80,100
8038,IOURING_LIBURING Ring,138,123,121,48,430,2.33,100
8039,IOURING_LIBURING Ring,113,112,101,55,381,2.62,100
8040,IOURING_LIBURING Ring,130,117,66,53,366,2.73,100
8041,IOURING_LIBURING Ring,115,120,70,53,358,2.79,100
8042,IOURING_LIBURING Ring,115,111,61,53,340,2.94,100
8043,IOURING_LIBURING Ring,161,111,61,42,375,2.67,100
8044,IOURING_LIBURING Ring,118,113,86,51,368,2.72,100
8045,IOURING_LIBURING Ring,126,110,69,53,358,2.79,100
8046,IOURING_LIBURING Ring,160,107,61,52,380,2.63,100
8047,IOURING_LIBURING Ring,125,107,65,51,348,2.87,100
8048,IOURING_LIBURING Ring,173,119,91,50,433,2.31,100
8049,IOURING_LIBURING Ring,114,121,71,50,356,2.81,100
8050,IOURING_LIBURING Ring,106,116,71,53,346,2.89,100
8051,IOURING_LIBURING Ring,113,128,92,54,387,2.58,100
8052,IOURING_LIBURING Ring,112,114,70,54,350,2.86,100
8053,IOURING_LIBURING Ring,121,124,65,47,357,2.80,100
8054,IOURING_LIBURING Ring,129,128,75,47,379,2.64,100
8055,IOURING_LIBURING Ring,124,120,70,54,368,2.72,100
8056,IOURING_LIBURING Ring,113,109,106,53,381,2.62,100
8057,IOURING_LIBURING Ring,120,115,65,53,353,2.83,100
8058,IOURING_LIBURING Ring,172,108,91,49,420,2.38,100
8059,IOURING_LIBURING Ring,127,118,109,52,406,2.46,100
8060,IOURING_LIBURING Ring,135,113,102,41,391,2.56,100
8061,IOURING_LIBURING Ring,120,110,69,52,351,2.85,100
8062,IOURING_LIBURING Ring,118,111,63,43,335,2.99,100
8063,IOURING_LIBURING Ring,109,113,75,51,348,2.87,100
8064,IOURING_LIBURING Ring,119,122,78,53,372,2.69,100
8065,IOURING_LIBURING Ring,138,118,77,53,386,2.59,100
8066,IOURING_LIBURING Ring,154,112,72,62,400,2.50,100
8067,IOURING_LIBURING Ring,132,116,64,70,382,2.62,100
8068,IOURING_LIBURING Ring,117,110,80,52,359,2.79,100
8069,IOURING_LIBURING Ring,121,115,68,42,346,2.89,100
8070,IOURING_LIBURING Ring,116,114,64,54,348,2.87,100
8071,IOURING_LIBURING Ring,110,126,73,53,362,2.76,100
8072,IOURING_LIBURING Ring,111,120,72,54,357,2.80,100
8073,IOURING_LIBURING Ring,161,118,71,41,391,2.56,100
8074,IOURING_LIBURING Ring,111,110,82,53,356,2.81,100
8075,IOURING_LIBURING Ring,168,124,62,51,405,2.47,100
8076,IOURING_LIBURING Ring,112,109,70,44,335,2.99,100
8077,IOURING_LIBURING Ring,111,115,70,54,350,2.86,100
8078,IOURING_LIBURING Ring,132,109,64,54,359,2.79,100
8079,IOURING_LIBURING Ring,128,123,74,51,376,2.66,100
8080,IOURING_LIBURING Ring,163,110,67,50,390,2.56,100
8081,IOURING_LIBURING Ring,114,121,88,69,392,2.55,100
8082,IOURING_LIBURING Ring,138,109,64,53,364,2.75,100
8083,IOURING_LIBURING Ring,114,114,69,51,348,2.87,100
8084,IOURING_LIBURING Ring,150,124,69,52,395,2.53,100
8085,IOURING_LIBURING Ring,122,110,67,44,343,2.92,100
8086,IOURING_LIBURING Ring,113,132,67,42,354,2.82,100
8087,IOURING_LIBURING Ring,131,126,89,64,410,2.44,100
8088,IOURING_LIBURING Ring,111,116,63,51,341,2.93,100
8089,IOURING_LIBURING Ring,168,119,69,42,398,2.51,100
8090,IOURING_LIBURING Ring,120,122,68,54,364,2.75,100
8091,IOURING_LIBURING Ring,120,114,77,38,349,2.87,100
8092,IOURING_LIBURING Ring,170,124,72,56,422,2.37,100
8093,IOURING_LIBURING Ring,124,120,76,37,357,2.80,100
8094,IOURING_LIBURING Ring,148,123,81,42,394,2.54,100
8095,IOURING_LIBURING Ring,136,118,72,53,379,2.64,100
8096,IOURING_LIBURING Ring,119,128,74,47,368,2.72,100
8097,IOURING_LIBURING Ring,143,117,71,53,384,2.60,100
8098,IOURING_LIBURING Ring,115,142,97,47,401,2.49,100
8099,IOURING_LIBURING Ring,140,114,73,49,376,2.66,100
8100,IOURING_LIBURING Ring,106,128,118,49,401,2.49,100
8101,IOURING_LIBURING Ring,113,136,124,52,425,2.35,100
8102,IOURING_LIBURING Ring,118,126,69,48,361,2.77,100
8103,IOURING_LIBURING Ring,117,116,77,50,360,2.78,100
8104,IOURING_LIBURING Ring,113,110,67,53,343,2.92,100
8105,IOURING_LIBURING Ring,117,144,105,69,435,2.30,100
8106,IOURING_LIBURING Ring,170,112,63,41,386,2.59,100
8107,IOURING_LIBURING Ring,142,116,72,41,371,2.70,100
8108,IOURING_LIBURING Ring,141,114,66,52,373,2.68,100
8109,IOURING_LIBURING Ring,115,115,65,55,350,2.86,100
8110,IOURING_LIBURING Ring,123,118,77,42,360,2.78,100
8111,IOURING_LIBURING Ring,160,119,105,42,426,2.35,100
8112,IOURING_LIBURING Ring,115,117,71,54,357,2.80,100
8113,IOURING_LIBURING Ring,112,115,85,54,366,2.73,100
8114,IOURING_LIBURING Ring,151,111,73,51,386,2.59,100
8115,IOURING_LIBURING Ring,134,124,69,55,382,2.62,100
8116,IOURING_LIBURING Ring,139,114,78,49,380,2.63,100
8117,IOURING_LIBURING Ring,112,117,67,42,338,2.96,100
8118,IOURING_LIBURING Ring,110,112,89,56,367,2.72,100
8119,IOURING_LIBURING Ring,150,124,70,52,396,2.53,100
8120,IOURING_LIBURING Ring,130,113,93,50,386,2.59,100
8121,IOURING_LIBURING Ring,126,119,67,41,353,2.83,100
8122,IOURING_LIBURING Ring,139,128,119,53,439,2.28,100
8123,IOURING_LIBURING Ring,141,109,65,50,365,2.74,100
8124,IOURING_LIBURING Ring,154,127,117,48,446,2.24,100
8125,IOURING_LIBURING Ring,154,124,102,41,421,2.38,100
8126,IOURING_LIBURING Ring,177,121,87,38,423,2.36,100
8127,IOURING_LIBURING Ring,150,115,64,54,383,2.61,100
8128,IOURING_LIBURING Ring,141,117,75,52,385,2.60,100
8129,IOURING_LIBURING Ring,158,111,66,54,389,2.57,100
8130,IOURING_LIBURING Ring,152,125,97,54,428,2.34,100
8131,IOURING_LIBURING Ring,131,115,63,53,362,2.76,100
8132,IOURING_LIBURING Ring,204,114,77,43,438,2.28,100
8133,IOURING_LIBURING Ring,160,116,63,48,387,2.58,100
8134,IOURING_LIBURING Ring,164,123,75,53,415,2.41,100
8135,IOURING_LIBURING Ring,111,112,62,54,339,2.95,100
8136,IOURING_LIBURING Ring,130,118,84,47,379,2.64,100
8137,IOURING_LIBURING Ring,127,115,64,53,359,2.79,100
8138,IOURING_LIBURING Ring,141,121,68,61,391,2.56,100
8139,IOURING_LIBURING Ring,154,114,72,53,393,2.54,100
8140,IOURING_LIBURING Ring,120,122,79,49,370,2.70,100
8141,IOURING_LIBURING Ring,133,123,73,52,381,2.62,100
8142,IOURING_LIBURING Ring,145,113,127,53,438,2.28,100
8143,IOURING_LIBURING Ring,122,117,88,72,399,2.51,100
8144,IOURING_LIBURING Ring,115,118,72,52,357,2.80,100
8145,IOURING_LIBURING Ring,129,112,78,53,372,2.69,100
8146,IOURING_LIBURING Ring,172,120,74,64,430,2.33,100
8147,IOURING_LIBURING Ring,120,113,67,49,349,2.87,100
8148,IOURING_LIBURING Ring,130,105,96,52,383,2.61,100
8149,IOURING_LIBURING Ring,136,124,64,42,366,2.73,100
8150,IOURING_LIBURING Ring,132,116,66,55,369,2.71,100
8151,IOURING_LIBURING Ring,143,127,95,54,419,2.39,100
8152,IOURING_LIBURING Ring,143,121,114,53,431,2.32,100
8153,IOURING_LIBURING Ring,120,126,67,54,367,2.72,100
8154,IOURING_LIBURING Ring,116,120,65,53,354,2.82,100
8155,IOURING_LIBURING Ring,141,104,59,52,356,2.81,100
8156,IOURING_LIBURING Ring,115,122,71,52,360,2.78,100
8157,IOURING_LIBURING Ring,155,112,78,54,399,2.51,100
8158,IOURING_LIBURING Ring,130,118,63,53,364,2.75,100
8159,IOURING_LIBURING Ring,157,118,75,48,398,2.51,100
8160,IOURING_LIBURING Ring,130,120,73,53,376,2.66,100
8161,IOURING_LIBURING Ring,160,109,63,53,385,2.60,100
8162,IOURING_LIBURING Ring,154,105,69,53,381,2.62,100
8163,IOURING_LIBURING Ring,137,109,77,42,365,2.74,100
8164,IOURING_LIBURING Ring,114,107,70,54,345,2.90,100
8165,IOURING_LIBURING Ring,128,121,68,50,367,2.72,100
8166,IOURING_LIBURING Ring,198,122,66,41,427,2.34,100
8167,IOURING_LIBURING Ring,118,116,70,38,342,2.92,100
8168,IOURING_LIBURING Ring,155,121,75,50,401,2.49,100
8169,IOURING_LIBURING Ring,153,116,63,55,387,2.58,100
8170,IOURING_LIBURING Ring,152,121,111,50,434,2.30,100
8171,IOURING_LIBURING Ring,150,113,65,41,369,2.71,100
8172,IOURING_LIBURING Ring,113,124,78,52,367,2.72,100
8173,IOURING_LIBURING Ring,137,144,97,41,419,2.39,100
8174,IOURING_LIBURING Ring,113,117,71,53,354,2.82,100
8175,IOURING_LIBURING Ring,115,117,66,57,355,2.82,100
8176,IOURING_LIBURING Ring,126,119,67,54,366,2.73,100
8177,IOURING_LIBURING Ring,157,109,68,55,389,2.57,100
8178,IOURING_LIBURING Ring,183,108,66,53,410,2.44,100
8179,IOURING_LIBURING Ring,153,135,68,55,411,2.43,100
8180,IOURING_LIBURING Ring,140,113,62,50,365,2.74,100
8181,IOURING_LIBURING Ring,141,107,72,50,370,2.70,100
8182,IOURING_LIBURING Ring,111,122,69,45,347,2.88,100
8183,IOURING_LIBURING Ring,138,109,84,50,381,2.62,100
8184,IOURING_LIBURING Ring,115,120,74,42,351,2.85,100
8185,IOURING_LIBURING Ring,126,123,70,42,361,2.77,100
8186,IOURING_LIBURING Ring,142,118,67,71,398,2.51,100
8187,IOURING_LIBURING Ring,111,121,68,42,342,2.92,100
8188,IOURING_LIBURING Ring,126,112,63,41,342,2.92,100
8189,IOURING_LIBURING Ring,112,111,75,49,347,2.88,100
8190,IOURING_LIBURING Ring,110,115,74,53,352,2.84,100
8191,IOURING_LIBURING Ring,126,107,73,70,376,2.66,100
8192,IOURING_LIBURING Ring,127,123,105,47,402,2.49,100
8193,IOURING_LIBURING Ring,118,119,63,53,353,2.83,100
8194,IOURING_LIBURING Ring,125,116,65,48,354,2.82,100
8195,IOURING_LIBURING Ring,114,110,85,53,362,2.76,100
8196,IOURING_LIBURING Ring,119,113,83,53,368,2.72,100
8197,IOURING_LIBURING Ring,110,107,61,52,330,3.03,100
8198,IOURING_LIBURING Ring,140,118,69,48,375,2.67,100
8199,IOURING_LIBURING Ring,158,120,75,51,404,2.48,100
8200,IOURING_LIBURING Ring,107,120,83,53,363,2.75,100
8201,IOURING_LIBURING Ring,139,122,92,55,408,2.45,100
8202,IOURING_LIBURING Ring,123,120,86,59,388,2.58,100
8203,IOURING_LIBURING Ring,140,107,62,42,351,2.85,100
8204,IOURING_LIBURING Ring,136,114,62,54,366,2.73,100
8205,IOURING_LIBURING Ring,154,108,73,38,373,2.68,100
8206,IOURING_LIBURING Ring,162,108,101,55,426,2.35,100
8207,IOURING_LIBURING Ring,111,125,62,52,350,2.86,100
8208,IOURING_LIBURING Ring,122,119,78,77,396,2.53,100
8209,IOURING_LIBURING Ring,129,109,69,54,361,2.77,100
8210,IOURING_LIBURING Ring,127,123,77,67,394,2.54,100
8211,IOURING_LIBURING Ring,105,132,76,53,366,2.73,100
8212,IOURING_LIBURING Ring,112,130,68,50,360,2.78,100
8213,IOURING_LIBURING Ring,136,121,71,52,380,2.63,100
8214,IOURING_LIBURING Ring,162,119,101,54,436,2.29,100
8215,IOURING_LIBURING Ring,110,115,111,54,390,2.56,100
8216,IOURING_LIBURING Ring,140,119,105,56,420,2.38,100
8217,IOURING_LIBURING Ring,119,110,77,46,352,2.84,100
8218,IOURING_LIBURING Ring,120,106,70,55,351,2.85,100
8219,IOURING_LIBURING Ring,143,108,73,42,366,2.73,100
8220,IOURING_LIBURING Ring,134,123,71,55,383,2.61,100
8221,IOURING_LIBURING Ring,145,108,75,54,382,2.62,100
8222,IOURING_LIBURING Ring,146,120,69,50,385,2.60,100
8223,IOURING_LIBURING Ring,156,111,86,55,408,2.45,100
8224,IOURING_LIBURING Ring,125,127,97,49,398,2.51,100
8225,IOURING_LIBURING Ring,113,119,72,53,357,2.80,100
8226,IOURING_LIBURING Ring,151,112,66,53,382,2.62,100
8227,IOURING_LIBURING Ring,127,107,100,70,404,2.48,100
8228,IOURING_LIBURING Ring,109,114,75,52,350,2.86,100
8229,IOURING_LIBURING Ring,156,105,60,42,363,2.75,100
8230,IOURING_LIBURING Ring,169,129,74,51,423,2.36,100
8231,IOURING_LIBURING Ring,189,110,67,53,419,2.39,100
8232,IOURING_LIBURING Ring,109,108,73,42,332,3.01,100
8233,IOURING_LIBURING Ring,114,117,70,51,352,2.84,100
8234,IOURING_LIBURING Ring,107,123,123,54,407,2.46,100
8235,IOURING_LIBURING Ring,117,107,94,42,360,2.78,100
8236,IOURING_LIBURING Ring,111,113,75,51,350,2.86,100
8237,IOURING_LIBURING Ring,111,110,67,33,321,3.12,100
8238,IOURING_LIBURING Ring,111,122,83,42,358,2.79,100
8239,IOURING_LIBURING Ring,128,112,66,71,377,2.65,100
8240,IOURING_LIBURING Ring,107,122,67,53,349,2.87,100
8241,IOURING_LIBURING Ring,147,146,107,59,459,2.18,100
8242,IOURING_LIBURING Ring,122,113,76,52,363,2.75,100
8243,IOURING_LIBURING Ring,113,117,115,38,383,2.61,100
8244,IOURING_LIBURING Ring,118,121,70,51,360,2.78,100
8245,IOURING_LIBURING Ring,111,123,72,54,360,2.78,100
8246,IOURING_LIBURING Ring,139,121,79,42,381,2.62,100
8247,IOURING_LIBURING Ring,134,123,74,42,373,2.68,100
8248,IOURING_LIBURING Ring,119,122,71,42,354,2.82,100
8249,IOURING_LIBURING Ring,161,120,78,47,406,2.46,100
8250,IOURING_LIBURING Ring,121,140,66,66,393,2.54,100
8251,IOURING_LIBURING Ring,113,126,77,53,369,2.71,100
8252,IOURING_LIBURING Ring,122,109,73,54,358,2.79,100
8253,IOURING_LIBURING Ring,122,111,62,54,349,2.87,100
8254,IOURING_LIBURING Ring,120,125,70,50,365,2.74,100
8255,IOURING_LIBURING Ring,116,129,83,55,383,2.61,100
8256,IOURING_LIBURING Ring,139,132,59,53,383,2.61,100
8257,IOURING_LIBURING Ring,148,111,62,52,373,2.68,100
8258,IOURING_LIBURING Ring,122,119,74,53,368,2.72,100
8259,IOURING_LIBURING Ring,115,118,67,47,347,2.88,100
8260,IOURING_LIBURING Ring,110,116,64,51,341,2.93,100
8261,IOURING_LIBURING Ring,122,114,103,51,390,2.56,100
8262,IOURING_LIBURING Ring,187,121,69,74,451,2.22,100
8263,IOURING_LIBURING Ring,108,120,71,53,352,2.84,100
8264,IOURING_LIBURING Ring,130,108,62,53,353,2.83,100
8265,IOURING_LIBURING Ring,140,112,65,53,370,2.70,100
8266,IOURING_LIBURING Ring,199,112,61,65,437,2.29,100
8267,IOURING_LIBURING Ring,113,123,73,51,360,2.78,100
8268,IOURING_LIBURING Ring,135,118,66,51,370,2.70,100
8269,IOURING_LIBURING Ring,125,120,76,52,373,2.68,100
8270,IOURING_LIBURING Ring,115,110,101,38,364,2.75,100
8271,IOURING_LIBURING Ring,114,107,108,49,378,2.65,100
8272,IOURING_LIBURING Ring,137,111,81,42,371,2.70,100
8273,IOURING_LIBURING Ring,124,112,63,51,350,2.86,100
8274,IOURING_LIBURING Ring,118,121,79,48,366,2.73,100
8275,IOURING_LIBURING Ring,109,123,67,37,336,2.98,100
8276,IOURING_LIBURING Ring,122,120,77,52,371,2.70,100
8277,IOURING_LIBURING Ring,115,135,71,51,372,2.69,100
8278,IOURING_LIBURING Ring,131,132,68,41,372,2.69,100
8279,IOURING_LIBURING Ring,149,113,72,51,385,2.60,100
8280,IOURING_LIBURING Ring,115,126,82,42,365,2.74,100
8281,IOURING_LIBURING Ring,110,122,93,54,379,2.64,100
8282,IOURING_LIBURING Ring,112,111,61,48,332,3.01,100
8283,IOURING_LIBURING Ring,122,139,84,52,397,2.52,100
8284,IOURING_LIBURING Ring,137,119,63,47,366,2.73,100
8285,IOURING_LIBURING Ring,119,109,84,55,367,2.72,100
8286,IOURING_LIBURING Ring,159,126,87,48,420,2.38,100
8287,IOURING_LIBURING Ring,114,119,71,49,353,2.83,100
8288,IOURING_LIBURING Ring,119,125,73,54,371,2.70,100
8289,IOURING_LIBURING Ring,115,132,111,52,410,2.44,100
8290,IOURING_LIBURING Ring,110,136,97,53,396,2.53,100
8291,IOURING_LIBURING Ring,149,111,71,52,383,2.61,100
8292,IOURING_LIBURING Ring,115,137,84,42,378,2.65,100
8293,IOURING_LIBURING Ring,127,116,74,55,372,2.69,100
8294,IOURING_LIBURING Ring,111,127,72,38,348,2.87,100
8295,IOURING_LIBURING Ring,143,128,82,53,406,2.46,100
8296,IOURING_LIBURING Ring,153,113,70,51,387,2.58,100
8297,IOURING_LIBURING Ring,119,117,99,49,384,2.60,100
8298,IOURING_LIBURING Ring,128,109,84,67,388,2.58,100
8299,IOURING_LIBURING Ring,107,121,68,50,346,2.89,100
8300,IOURING_LIBURING Ring,126,140,70,65,401,2.49,100
8301,IOURING_LIBURING Ring,113,120,65,45,343,2.92,100
8302,IOURING_LIBURING Ring,117,117,72,52,358,2.79,100
8303,IOURING_LIBURING Ring,120,120,76,37,353,2.83,100
8304,IOURING_LIBURING Ring,116,141,84,38,379,2.64,100
8305,IOURING_LIBURING Ring,116,109,62,51,338,2.96,100
8306,IOURING_LIBURING Ring,107,111,71,53,342,2.92,100
8307,IOURING_LIBURING Ring,110,113,64,53,340,2.94,100
8308,IOURING_LIBURING Ring,127,120,90,38,375,2.67,100
8309,IOURING_LIBURING Ring,129,116,59,54,358,2.79,100
8310,IOURING_LIBURING Ring,110,119,91,42,362,2.76,100
8311,IOURING_LIBURING Ring,166,118,63,82,429,2.33,100
8312,IOURING_LIBURING Ring,106,120,64,38,328,3.05,100
8313,IOURING_LIBURING Ring,121,120,78,69,388,2.58,100
8314,IOURING_LIBURING Ring,108,120,112,48,388,2.58,100
8315,IOURING_LIBURING Ring,112,129,76,51,368,2.72,100
8316,IOURING_LIBURING Ring,113,126,75,52,366,2.73,100
8317,IOURING_LIBURING Ring,109,130,69,42,350,2.86,100
8318,IOURING_LIBURING Ring,116,129,94,51,390,2.56,100
8319,IOURING_LIBURING Ring,112,107,62,64,345,2.90,100
8320,IOURING_LIBURING Ring,113,137,64,42,356,2.81,100
8321,IOURING_LIBURING Ring,154,137,95,42,428,2.34,100
8322,IOURING_LIBURING Ring,115,110,77,51,353,2.83,100
8323,IOURING_LIBURING Ring,124,116,80,68,388,2.58,100
8324,IOURING_LIBURING Ring,104,110,68,51,333,3.00,100
8325,IOURING_LIBURING Ring,111,111,67,48,337,2.97,100
8326,IOURING_LIBURING Ring,123,120,65,42,350,2.86,100
8327,IOURING_LIBURING Ring,109,110,73,48,340,2.94,100
8328,IOURING_LIBURING Ring,114,122,80,53,369,2.71,100
8329,IOURING_LIBURING Ring,116,120,85,53,374,2.67,100
8330,IOURING_LIBURING Ring,115,127,76,42,360,2.78,100
8331,IOURING_LIBURING Ring,117,112,82,43,354,2.82,100
8332,IOURING_LIBURING Ring,116,115,66,54,351,2.85,100
8333,IOURING_LIBURING Ring,111,129,75,53,368,2.72,100
8334,IOURING_LIBURING Ring,111,114,75,53,353,2.83,100
8335,IOURING_LIBURING Ring,107,123,87,38,355,2.82,100
8336,IOURING_LIBURING Ring,110,111,88,54,363,2.75,100
8337,IOURING_LIBURING Ring,144,123,65,55,387,2.58,100
8338,IOURING_LIBURING Ring,112,121,90,53,376,2.66,100
8339,IOURING_LIBURING Ring,118,116,67,52,353,2.83,100
8340,IOURING_LIBURING Ring,110,120,60,53,343,2.92,100
8341,IOURING_LIBURING Ring,109,120,69,33,331,3.02,100
8342,IOURING_LIBURING Ring,112,107,60,53,332,3.01,100
8343,IOURING_LIBURING Ring,150,117,59,54,380,2.63,100
8344,IOURING_LIBURING Ring,111,118,82,53,364,2.75,100
8345,IOURING_LIBURING Ring,113,117,75,47,352,2.84,100
8346,IOURING_LIBURING Ring,110,122,108,54,394,2.54,100
8347,IOURING_LIBURING Ring,115,112,63,53,343,2.92,100
8348,IOURING_LIBURING Ring,135,110,73,51,369,2.71,100
8349,IOURING_LIBURING Ring,108,119,94,51,372,2.69,100
8350,IOURING_LIBURING Ring,120,121,67,65,373,2.68,100
8351,IOURING_LIBURING Ring,108,122,64,37,331,3.02,100
8352,IOURING_LIBURING Ring,123,123,101,42,389,2.57,100
8353,IOURING_LIBURING Ring,124,128,88,42,382,2.62,100
8354,IOURING_LIBURING Ring,114,116,83,67,380,2.63,100
8355,IOURING_LIBURING Ring,107,113,71,48,339,2.95,100
8356,IOURING_LIBURING Ring,113,125,85,52,375,2.67,100
8357,IOURING_LIBURING Ring,112,124,68,42,346,2.89,100
8358,IOURING_LIBURING Ring,122,131,74,53,380,2.63,100
8359,IOURING_LIBURING Ring,111,119,69,42,341,2.93,100
8360,IOURING_LIBURING Ring,179,119,78,41,417,2.40,100
8361,IOURING_LIBURING Ring,117,120,71,41,349,2.87,100
8362,IOURING_LIBURING Ring,113,123,79,51,366,2.73,100
8363,IOURING_LIBURING Ring,125,108,63,52,348,2.87,100
8364,IOURING_LIBURING Ring,114,109,67,54,344,2.91,100
8365,IOURING_LIBURING Ring,111,108,67,50,336,2.98,100
8366,IOURING_LIBURING Ring,124,127,93,47,391,2.56,100
8367,IOURING_LIBURING Ring,124,121,70,75,390,2.56,100
8368,IOURING_LIBURING Ring,109,121,74,53,357,2.80,100
8369,IOURING_LIBURING Ring,124,110,61,73,368,2.72,100
8370,IOURING_LIBURING Ring,108,109,74,54,345,2.90,100
8371,IOURING_LIBURING Ring,120,133,71,63,387,2.58,100
8372,IOURING_LIBURING Ring,111,135,81,54,381,2.62,100
8373,IOURING_LIBURING Ring,119,113,70,42,344,2.91,100
8374,IOURING_LIBURING Ring,123,109,100,48,380,2.63,100
8375,IOURING_LIBURING Ring,143,108,62,48,361,2.77,100
8376,IOURING_LIBURING Ring,108,123,70,53,354,2.82,100
8377,IOURING_LIBURING Ring,170,122,79,44,415,2.41,100
8378,IOURING_LIBURING Ring,121,109,70,54,354,2.82,100
8379,IOURING_LIBURING Ring,129,122,68,54,373,2.68,100
8380,IOURING_LIBURING Ring,125,132,86,53,396,2.53,100
8381,IOURING_LIBURING Ring,156,113,72,52,393,2.54,100
8382,IOURING_LIBURING Ring,115,137,122,42,416,2.40,100
8383,IOURING_LIBURING Ring,141,126,71,52,390,2.56,100
8384,IOURING_LIBURING Ring,116,136,68,41,361,2.77,100
8385,IOURING_LIBURING Ring,115,121,64,41,341,2.93,100
8386,IOURING_LIBURING Ring,160,130,79,69,438,2.28,100
8387,IOURING_LIBURING Ring,130,109,76,42,357,2.80,100
8388,IOURING_LIBURING Ring,139,112,72,56,379,2.64,100
8389,IOURING_LIBURING Ring,110,109,116,51,386,2.59,100
8390,IOURING_LIBURING Ring,114,110,72,54,350,2.86,100
8391,IOURING_LIBURING Ring,113,133,82,37,365,2.74,100
8392,IOURING_LIBURING Ring,140,124,75,53,392,2.55,100
8393,IOURING_LIBURING Ring,137,130,70,72,409,2.44,100
8394,IOURING_LIBURING Ring,146,112,74,53,385,2.60,100
8395,IOURING_LIBURING Ring,142,122,73,52,389,2.57,100
8396,IOURING_LIBURING Ring,118,119,83,55,375,2.67,100
8397,IOURING_LIBURING Ring,108,120,67,52,347,2.88,100
8398,IOURING_LIBURING Ring,137,116,90,54,397,2.52,100
8399,IOURING_LIBURING Ring,146,118,73,52,389,2.57,100
8400,IOURING_LIBURING Ring,120,120,68,71,379,2.64,100
8401,IOURING_LIBURING Ring,137,115,79,53,384,2.60,100
8402,IOURING_LIBURING Ring,116,114,68,48,346,2.89,100
8403,IOURING_LIBURING Ring,112,130,77,52,371,2.70,100
8404,IOURING_LIBURING Ring,126,116,79,42,363,2.75,100
8405,IOURING_LIBURING Ring,111,117,73,49,350,2.86,100
8406,IOURING_LIBURING Ring,171,114,108,45,438,2.28,100
8407,IOURING_LIBURING Ring,137,122,87,53,399,2.51,100
8408,IOURING_LIBURING Ring,115,108,68,47,338,2.96,100
8409,IOURING_LIBURING Ring,174,113,83,54,424,2.36,100
8410,IOURING_LIBURING Ring,122,135,68,49,374,2.67,100
8411,IOURING_LIBURING Ring,115,124,69,41,349,2.87,100
8412,IOURING_LIBURING Ring,124,107,73,50,354,2.82,100
8413,IOURING_LIBURING Ring,116,109,96,52,373,2.68,100
8414,IOURING_LIBURING Ring,119,119,62,73,373,2.68,100
8415,IOURING_LIBURING Ring,111,123,81,55,370,2.70,100
8416,IOURING_LIBURING Ring,131,127,72,52,382,2.62,100
8417,IOURING_LIBURING Ring,190,117,79,53,439,2.28,100
8418,IOURING_LIBURING Ring,113,125,67,66,371,2.70,100
8419,IOURING_LIBURING Ring,122,130,73,50,375,2.67,100
8420,IOURING_LIBURING Ring,133,109,70,52,364,2.75,100
8421,IOURING_LIBURING Ring,150,114,66,53,383,2.61,100
8422,IOURING_LIBURING Ring,113,123,114,69,419,2.39,100
8423,IOURING_LIBURING Ring,112,121,72,53,358,2.79,100
8424,IOURING_LIBURING Ring,114,109,62,47,332,3.01,100
8425,IOURING_LIBURING Ring,109,121,92,49,371,2.70,100
8426,IOURING_LIBURING Ring,113,120,91,54,378,2.65,100
8427,IOURING_LIBURING Ring,144,137,73,50,404,2.48,100
8428,IOURING_LIBURING Ring,133,124,68,42,367,2.72,100
8429,IOURING_LIBURING Ring,112,109,63,59,343,2.92,100
8430,IOURING_LIBURING Ring,113,115,72,53,353,2.83,100
8431,IOURING_LIBURING Ring,121,119,64,52,356,2.81,100
8432,IOURING_LIBURING Ring,115,124,79,55,373,2.68,100
8433,IOURING_LIBURING Ring,122,128,80,67,397,2.52,100
8434,IOURING_LIBURING Ring,134,114,77,41,366,2.73,100
8435,IOURING_LIBURING Ring,110,145,74,52,381,2.62,100
8436,IOURING_LIBURING Ring,111,119,71,53,354,2.82,100
8437,IOURING_LIBURING Ring,106,126,76,53,361,2.77,100
8438,IOURING_LIBURING Ring,137,129,75,70,411,2.43,100
8439,IOURING_LIBURING Ring,108,127,75,49,359,2.79,100
8440,IOURING_LIBURING Ring,128,126,69,47,370,2.70,100
8441,IOURING_LIBURING Ring,115,113,100,53,381,2.62,100
8442,IOURING_LIBURING Ring,122,123,66,69,380,2.63,100
8443,IOURING_LIBURING Ring,156,119,94,53,422,2.37,100
8444,IOURING_LIBURING Ring,111,115,89,51,366,2.73,100
8445,IOURING_LIBURING Ring,162,110,78,53,403,2.48,100
8446,IOURING_LIBURING Ring,127,112,76,53,368,2.72,100
8447,IOURING_LIBURING Ring,126,110,74,42,352,2.84,100
8448,IOURING_LIBURING Ring,155,123,68,53,399,2.51,100
8449,IOURING_LIBURING Ring,111,126,77,54,368,2.72,100
8450,IOURING_LIBURING Ring,111,124,81,53,369,2.71,100
8451,IOURING_LIBURING Ring,116,124,91,76,407,2.46,100
8452,IOURING_LIBURING Ring,115,123,122,41,401,2.49,100
8453,IOURING_LIBURING Ring,166,117,74,42,399,2.51,100
8454,IOURING_LIBURING Ring,111,120,113,49,393,2.54,100
8455,IOURING_LIBURING Ring,168,123,116,53,460,2.17,100
8456,IOURING_LIBURING Ring,111,115,68,52,346,2.89,100
8457,IOURING_LIBURING Ring,151,114,69,51,385,2.60,100
8458,IOURING_LIBURING Ring,123,112,75,64,374,2.67,100
8459,IOURING_LIBURING Ring,129,133,83,54,399,2.51,100
8460,IOURING_LIBURING Ring,111,136,87,53,387,2.58,100
8461,IOURING_LIBURING Ring,130,112,64,50,356,2.81,100
8462,IOURING_LIBURING Ring,122,121,75,42,360,2.78,100
8463,IOURING_LIBURING Ring,113,116,71,54,354,2.82,100
8464,IOURING_LIBURING Ring,115,122,65,41,343,2.92,100
8465,IOURING_LIBURING Ring,172,132,103,42,449,2.23,100
8466,IOURING_LIBURING Ring,165,122,108,49,444,2.25,100
8467,IOURING_LIBURING Ring,139,116,72,52,379,2.64,100
8468,IOURING_LIBURING Ring,126,111,68,42,347,2.88,100
8469,IOURING_LIBURING Ring,112,111,63,52,338,2.96,100
8470,IOURING_LIBURING Ring,119,112,108,48,387,2.58,100
8471,IOURING_LIBURING Ring,147,119,69,51,386,2.59,100
8472,IOURING_LIBURING Ring,136,120,72,54,382,2.62,100
8473,IOURING_LIBURING Ring,135,134,74,52,395,2.53,100
8474,IOURING_LIBURING Ring,110,109,66,49,334,2.99,100
8475,IOURING_LIBURING Ring,116,118,85,53,372,2.69,100
8476,IOURING_LIBURING Ring,117,111,78,49,355,2.82,100
8477,IOURING_LIBURING Ring,114,125,74,56,369,2.71,100
8478,IOURING_LIBURING Ring,124,136,64,52,376,2.66,100
8479,IOURING_LIBURING Ring,109,124,74,52,359,2.79,100
8480,IOURING_LIBURING Ring,105,113,76,38,332,3.01,100
8481,IOURING_LIBURING Ring,111,116,74,53,354,2.82,100
8482,IOURING_LIBURING Ring,127,118,70,45,360,2.78,100
8483,IOURING_LIBURING Ring,112,142,82,49,385,2.60,100
8484,IOURING_LIBURING Ring,111,117,85,47,360,2.78,100
8485,IOURING_LIBURING Ring,126,121,67,53,367,2.72,100
8486,IOURING_LIBURING Ring,115,116,69,51,351,2.85,100
8487,IOURING_LIBURING Ring,110,120,68,71,369,2.71,100
8488,IOURING_LIBURING Ring,114,117,63,48,342,2.92,100
8489,IOURING_LIBURING Ring,122,124,96,47,389,2.57,100
8490,IOURING_LIBURING Ring,151,123,72,52,398,2.51,100
8491,IOURING_LIBURING Ring,114,109,84,49,356,2.81,100
8492,IOURING_LIBURING Ring,128,121,81,54,384,2.60,100
8493,IOURING_LIBURING Ring,118,122,70,45,355,2.82,100
8494,IOURING_LIBURING Ring,116,124,89,38,367,2.72,100
8495,IOURING_LIBURING Ring,124,122,93,68,407,2.46,100
8496,IOURING_LIBURING Ring,109,115,70,54,348,2.87,100
8497,IOURING_LIBURING Ring,157,106,68,49,380,2.63,100
8498,IOURING_LIBURING Ring,130,112,66,55,363,2.75,100
8499,IOURING_LIBURING Ring,133,419,71,53,676,1.48,100
8500,IOURING_LIBURING Ring,164,118,75,69,426,2.35,100
8501,IOURING_LIBURING Ring,125,119,71,52,367,2.72,100
8502,IOURING_LIBURING Ring,123,115,66,53,357,2.80,100
8503,IOURING_LIBURING Ring,109,118,64,49,340,2.94,100
8504,IOURING_LIBURING Ring,111,114,66,50,341,2.93,100
8505,IOURING_LIBURING Ring,138,132,77,72,419,2.39,100
8506,IOURING_LIBURING Ring,111,122,94,51,378,2.65,100
8507,IOURING_LIBURING Ring,110,127,89,54,380,2.63,100
8508,IOURING_LIBURING Ring,114,139,69,53,375,2.67,100
8509,IOURING_LIBURING Ring,114,119,69,33,335,2.99,100
8510,IOURING_LIBURING Ring,154,118,69,38,379,2.64,100
8511,IOURING_LIBURING Ring,127,124,70,52,373,2.68,100
8512,IOURING_LIBURING Ring,122,110,60,56,348,2.87,100
8513,IOURING_LIBURING Ring,121,113,79,39,352,2.84,100
8514,IOURING_LIBURING Ring,130,116,88,53,387,2.58,100
8515,IOURING_LIBURING Ring,153,106,58,49,366,2.73,100
8516,IOURING_LIBURING Ring,145,116,79,53,393,2.54,100
8517,IOURING_LIBURING Ring,115,119,70,53,357,2.80,100
8518,IOURING_LIBURING Ring,126,115,69,49,359,2.79,100
8519,IOURING_LIBURING Ring,126,125,73,53,377,2.65,100
8520,IOURING_LIBURING Ring,229,113,73,53,468,2.14,100
8521,IOURING_LIBURING Ring,133,121,70,46,370,2.70,100
8522,IOURING_LIBURING Ring,127,117,71,69,384,2.60,100
8523,IOURING_LIBURING Ring,114,115,83,42,354,2.82,100
8524,IOURING_LIBURING Ring,123,123,79,42,367,2.72,100
8525,IOURING_LIBURING Ring,133,110,71,71,385,2.60,100
8526,IOURING_LIBURING Ring,111,110,72,42,335,2.99,100
8527,IOURING_LIBURING Ring,112,102,72,54,340,2.94,100
8528,IOURING_LIBURING Ring,136,116,69,72,393,2.54,100
8529,IOURING_LIBURING Ring,148,114,63,53,378,2.65,100
8530,IOURING_LIBURING Ring,132,116,104,54,406,2.46,100
8531,IOURING_LIBURING Ring,130,115,64,53,362,2.76,100
8532,IOURING_LIBURING Ring,110,112,63,53,338,2.96,100
8533,IOURING_LIBURING Ring,155,108,80,55,398,2.51,100
8534,IOURING_LIBURING Ring,120,119,70,54,363,2.75,100
8535,IOURING_LIBURING Ring,127,105,77,42,351,2.85,100
8536,IOURING_LIBURING Ring,131,144,79,56,410,2.44,100
8537,IOURING_LIBURING Ring,142,111,68,52,373,2.68,100
8538,IOURING_LIBURING Ring,117,117,78,41,353,2.83,100
8539,IOURING_LIBURING Ring,150,109,64,42,365,2.74,100
8540,IOURING_LIBURING Ring,124,107,76,53,360,2.78,100
8541,IOURING_LIBURING Ring,169,117,69,53,408,2.45,100
8542,IOURING_LIBURING Ring,109,126,73,53,361,2.77,100
8543,IOURING_LIBURING Ring,128,107,61,54,350,2.86,100
8544,IOURING_LIBURING Ring,134,111,69,53,367,2.72,100
8545,IOURING_LIBURING Ring,118,126,103,53,400,2.50,100
8546,IOURING_LIBURING Ring,118,108,123,62,411,2.43,100
8547,IOURING_LIBURING Ring,145,119,89,53,406,2.46,100
8548,IOURING_LIBURING Ring,124,110,74,51,359,2.79,100
8549,IOURING_LIBURING Ring,110,116,72,51,349,2.87,100
8550,IOURING_LIBURING Ring,119,110,79,53,361,2.77,100
8551,IOURING_LIBURING Ring,132,115,75,54,376,2.66,100
8552,IOURING_LIBURING Ring,115,121,61,48,345,2.90,100
8553,IOURING_LIBURING Ring,116,108,97,52,373,2.68,100
8554,IOURING_LIBURING Ring,113,141,81,51,386,2.59,100
8555,IOURING_LIBURING Ring,115,133,63,52,363,2.75,100
8556,IOURING_LIBURING Ring,145,147,83,42,417,2.40,100
8557,IOURING_LIBURING Ring,113,108,68,53,342,2.92,100
8558,IOURING_LIBURING Ring,117,134,79,52,382,2.62,100
8559,IOURING_LIBURING Ring,113,108,72,51,344,2.91,100
8560,IOURING_LIBURING Ring,177,119,68,53,417,2.40,100
8561,IOURING_LIBURING Ring,123,116,70,47,356,2.81,100
8562,IOURING_LIBURING Ring,125,108,81,55,369,2.71,100
8563,IOURING_LIBURING Ring,119,115,83,36,353,2.83,100
8564,IOURING_LIBURING Ring,109,119,71,38,337,2.97,100
8565,IOURING_LIBURING Ring,135,127,88,52,402,2.49,100
8566,IOURING_LIBURING Ring,148,115,74,51,388,2.58,100
8567,IOURING_LIBURING Ring,181,112,68,69,430,2.33,100
8568,IOURING_LIBURING Ring,105,115,66,53,339,2.95,100
8569,IOURING_LIBURING Ring,120,109,67,39,335,2.99,100
8570,IOURING_LIBURING Ring,118,111,105,53,387,2.58,100
8571,IOURING_LIBURING Ring,126,111,69,42,348,2.87,100
8572,IOURING_LIBURING Ring,116,116,66,51,349,2.87,100
8573,IOURING_LIBURING Ring,117,112,98,53,380,2.63,100
8574,IOURING_LIBURING Ring,124,117,59,51,351,2.85,100
8575,IOURING_LIBURING Ring,109,128,100,53,390,2.56,100
8576,IOURING_LIBURING Ring,163,132,74,50,419,2.39,100
8577,IOURING_LIBURING Ring,146,123,96,37,402,2.49,100
8578,IOURING_LIBURING Ring,164,113,79,52,408,2.45,100
8579,IOURING_LIBURING Ring,110,117,66,51,344,2.91,100
8580,IOURING_LIBURING Ring,113,106,62,51,332,3.01,100
8581,IOURING_LIBURING Ring,107,112,61,55,335,2.99,100
8582,IOURING_LIBURING Ring,115,119,83,39,356,2.81,100
8583,IOURING_LIBURING Ring,119,114,94,50,377,2.65,100
8584,IOURING_LIBURING Ring,133,134,105,42,414,2.42,100
8585,IOURING_LIBURING Ring,124,128,73,73,398,2.51,100
8586,IOURING_LIBURING Ring,142,114,79,53,388,2.58,100
8587,IOURING_LIBURING Ring,153,106,104,52,415,2.41,100
8588,IOURING_LIBURING Ring,119,119,70,53,361,2.77,100
8589,IOURING_LIBURING Ring,113,111,67,48,339,2.95,100
8590,IOURING_LIBURING Ring,138,113,66,47,364,2.75,100
8591,IOURING_LIBURING Ring,126,117,77,48,368,2.72,100
8592,IOURING_LIBURING Ring,114,122,64,46,346,2.89,100
8593,IOURING_LIBURING Ring,132,115,66,38,351,2.85,100
8594,IOURING_LIBURING Ring,115,109,114,53,391,2.56,100
8595,IOURING_LIBURING Ring,104,119,64,42,329,3.04,100
8596,IOURING_LIBURING Ring,110,123,68,42,343,2.92,100
8597,IOURING_LIBURING Ring,127,111,63,53,354,2.82,100
8598,IOURING_LIBURING Ring,112,117,62,50,341,2.93,100
8599,IOURING_LIBURING Ring,106,127,92,47,372,2.69,100
8600,IOURING_LIBURING Ring,117,114,81,51,363,2.75,100
8601,IOURING_LIBURING Ring,107,106,65,42,320,3.12,100
8602,IOURING_LIBURING Ring,103,137,63,42,345,2.90,100
8603,IOURING_LIBURING Ring,106,113,63,42,324,3.09,100
8604,IOURING_LIBURING Ring,115,118,97,52,382,2.62,100
8605,IOURING_LIBURING Ring,114,124,67,50,355,2.82,100
8606,IOURING_LIBURING Ring,115,112,73,53,353,2.83,100
8607,IOURING_LIBURING Ring,119,115,72,52,358,2.79,100
8608,IOURING_LIBURING Ring,113,122,62,52,349,2.87,100
8609,IOURING_LIBURING Ring,109,120,61,48,338,2.96,100
8610,IOURING_LIBURING Ring,114,125,67,52,358,2.79,100
8611,IOURING_LIBURING Ring,108,128,95,52,383,2.61,100
8612,IOURING_LIBURING Ring,111,120,80,49,360,2.78,100
8613,IOURING_LIBURING Ring,140,131,65,54,390,2.56,100
8614,IOURING_LIBURING Ring,168,112,61,54,395,2.53,100
8615,IOURING_LIBURING Ring,111,137,81,52,381,2.62,100
8616,IOURING_LIBURING Ring,112,110,82,54,358,2.79,100
8617,IOURING_LIBURING Ring,116,108,81,52,357,2.80,100
8618,IOURING_LIBURING Ring,111,115,99,52,377,2.65,100
8619,IOURING_LIBURING Ring,121,115,66,50,352,2.84,100
8620,IOURING_LIBURING Ring,114,119,71,42,346,2.89,100
8621,IOURING_LIBURING Ring,136,116,67,53,372,2.69,100
8622,IOURING_LIBURING Ring,114,113,71,38,336,2.98,100
8623,IOURING_LIBURING Ring,108,112,67,34,321,3.12,100
8624,IOURING_LIBURING Ring,113,115,79,53,360,2.78,100
8625,IOURING_LIBURING Ring,128,126,68,69,391,2.56,100
8626,IOURING_LIBURING Ring,119,105,68,53,345,2.90,100
8627,IOURING_LIBURING Ring,130,110,59,80,379,2.64,100
8628,IOURING_LIBURING Ring,106,125,80,47,358,2.79,100
8629,IOURING_LIBURING Ring,118,131,83,53,385,2.60,100
8630,IOURING_LIBURING Ring,139,120,65,41,365,2.74,100
8631,IOURING_LIBURING Ring,110,122,76,52,360,2.78,100
8632,IOURING_LIBURING Ring,121,109,59,74,363,2.75,100
8633,IOURING_LIBURING Ring,106,123,76,54,359,2.79,100
8634,IOURING_LIBURING Ring,134,121,64,53,372,2.69,100
8635,IOURING_LIBURING Ring,135,123,68,51,377,2.65,100
8636,IOURING_LIBURING Ring,121,118,66,67,372,2.69,100
8637,IOURING_LIBURING Ring,165,121,79,53,418,2.39,100
8638,IOURING_LIBURING Ring,110,116,68,41,335,2.99,100
8639,IOURING_LIBURING Ring,117,109,62,52,340,2.94,100
8640,IOURING_LIBURING Ring,123,123,69,52,367,2.72,100
8641,IOURING_LIBURING Ring,113,123,74,48,358,2.79,100
8642,IOURING_LIBURING Ring,120,128,83,53,384,2.60,100
8643,IOURING_LIBURING Ring,110,115,73,42,340,2.94,100
8644,IOURING_LIBURING Ring,117,107,62,45,331,3.02,100
8645,IOURING_LIBURING Ring,128,121,63,53,365,2.74,100
8646,IOURING_LIBURING Ring,120,130,63,53,366,2.73,100
8647,IOURING_LIBURING Ring,121,111,60,38,330,3.03,100
8648,IOURING_LIBURING Ring,124,105,98,61,388,2.58,100
8649,IOURING_LIBURING Ring,108,115,69,53,345,2.90,100
8650,IOURING_LIBURING Ring,108,121,66,49,344,2.91,100
8651,IOURING_LIBURING Ring,113,118,74,56,361,2.77,100
8652,IOURING_LIBURING Ring,116,130,70,41,357,2.80,100
8653,IOURING_LIBURING Ring,129,117,78,51,375,2.67,100
8654,IOURING_LIBURING Ring,113,114,66,66,359,2.79,100
8655,IOURING_LIBURING Ring,116,130,70,53,369,2.71,100
8656,IOURING_LIBURING Ring,111,129,92,53,385,2.60,100
8657,IOURING_LIBURING Ring,153,118,93,77,441,2.27,100
8658,IOURING_LIBURING Ring,155,110,87,53,405,2.47,100
8659,IOURING_LIBURING Ring,116,129,69,53,367,2.72,100
8660,IOURING_LIBURING Ring,112,109,85,42,348,2.87,100
8661,IOURING_LIBURING Ring,117,111,69,43,340,2.94,100
8662,IOURING_LIBURING Ring,117,109,86,54,366,2.73,100
8663,IOURING_LIBURING Ring,126,134,71,48,379,2.64,100
8664,IOURING_LIBURING Ring,111,104,62,52,329,3.04,100
8665,IOURING_LIBURING Ring,122,114,74,42,352,2.84,100
8666,IOURING_LIBURING Ring,114,116,91,53,374,2.67,100
8667,IOURING_LIBURING Ring,111,122,62,41,336,2.98,100
8668,IOURING_LIBURING Ring,158,138,86,48,430,2.33,100
8669,IOURING_LIBURING Ring,129,118,67,41,355,2.82,100
8670,IOURING_LIBURING Ring,152,120,66,53,391,2.56,100
8671,IOURING_LIBURING Ring,125,132,93,52,402,2.49,100
8672,IOURING_LIBURING Ring,126,111,68,56,361,2.77,100
8673,IOURING_LIBURING Ring,127,114,61,78,380,2.63,100
8674,IOURING_LIBURING Ring,110,119,77,54,360,2.78,100
8675,IOURING_LIBURING Ring,111,119,74,52,356,2.81,100
8676,IOURING_LIBURING Ring,113,126,70,51,360,2.78,100
8677,IOURING_LIBURING Ring,160,121,67,38,386,2.59,100
8678,IOURING_LIBURING Ring,138,124,75,54,391,2.56,100
8679,IOURING_LIBURING Ring,128,109,81,51,369,2.71,100
8680,IOURING_LIBURING Ring,112,123,74,42,351,2.85,100
8681,IOURING_LIBURING Ring,107,110,65,54,336,2.98,100
8682,IOURING_LIBURING Ring,169,128,76,49,422,2.37,100
8683,IOURING_LIBURING Ring,126,107,62,48,343,2.92,100
8684,IOURING_LIBURING Ring,112,119,84,52,367,2.72,100
8685,IOURING_LIBURING Ring,117,112,66,68,363,2.75,100
8686,IOURING_LIBURING Ring,185,119,67,38,409,2.44,100
8687,IOURING_LIBURING Ring,136,112,66,41,355,2.82,100
8688,IOURING_LIBURING Ring,127,124,79,42,372,2.69,100
8689,IOURING_LIBURING Ring,120,115,67,42,344,2.91,100
8690,IOURING_LIBURING Ring,160,112,74,43,389,2.57,100
8691,IOURING_LIBURING Ring,118,123,63,54,358,2.79,100
8692,IOURING_LIBURING Ring,115,136,77,107,435,2.30,100
8693,IOURING_LIBURING Ring,146,122,77,54,399,2.51,100
8694,IOURING_LIBURING Ring,168,112,74,47,401,2.49,100
8695,IOURING_LIBURING Ring,141,109,79,51,380,2.63,100
8696,IOURING_LIBURING Ring,185,105,95,42,427,2.34,100
8697,IOURING_LIBURING Ring,116,122,81,48,367,2.72,100
8698,IOURING_LIBURING Ring,184,110,82,41,417,2.40,100
8699,IOURING_LIBURING Ring,116,131,67,53,367,2.72,100
8700,IOURING_LIBURING Ring,112,118,70,54,354,2.82,100
8701,IOURING_LIBURING Ring,135,116,67,53,371,2.70,100
8702,IOURING_LIBURING Ring,126,127,72,49,374,2.67,100
8703,IOURING_LIBURING Ring,123,121,99,51,394,2.54,100
8704,IOURING_LIBURING Ring,113,119,69,54,355,2.82,100
8705,IOURING_LIBURING Ring,123,125,77,45,370,2.70,100
8706,IOURING_LIBURING Ring,118,118,71,51,358,2.79,100
8707,IOURING_LIBURING Ring,125,122,60,82,389,2.57,100
8708,IOURING_LIBURING Ring,111,114,69,47,341,2.93,100
8709,IOURING_LIBURING Ring,116,120,85,53,374,2.67,100
8710,IOURING_LIBURING Ring,121,123,68,52,364,2.75,100
8711,IOURING_LIBURING Ring,159,122,65,53,399,2.51,100
8712,IOURING_LIBURING Ring,112,114,65,52,343,2.92,100
8713,IOURING_LIBURING Ring,123,126,107,54,410,2.44,100
8714,IOURING_LIBURING Ring,111,122,116,50,399,2.51,100
8715,IOURING_LIBURING Ring,124,128,81,54,387,2.58,100
8716,IOURING_LIBURING Ring,122,128,94,68,412,2.43,100
8717,IOURING_LIBURING Ring,114,108,73,54,349,2.87,100
8718,IOURING_LIBURING Ring,129,119,67,54,369,2.71,100
8719,IOURING_LIBURING Ring,122,116,78,49,365,2.74,100
8720,IOURING_LIBURING Ring,137,129,93,37,396,2.53,100
8721,IOURING_LIBURING Ring,124,107,73,42,346,2.89,100
8722,IOURING_LIBURING Ring,120,113,71,48,352,2.84,100
8723,IOURING_LIBURING Ring,154,119,82,45,400,2.50,100
8724,IOURING_LIBURING Ring,132,111,108,71,422,2.37,100
8725,IOURING_LIBURING Ring,113,118,70,48,349,2.87,100
8726,IOURING_LIBURING Ring,106,123,69,53,351,2.85,100
8727,IOURING_LIBURING Ring,126,121,68,71,386,2.59,100
8728,IOURING_LIBURING Ring,128,125,73,42,368,2.72,100
8729,IOURING_LIBURING Ring,132,111,67,47,357,2.80,100
8730,IOURING_LIBURING Ring,113,110,72,42,337,2.97,100
8731,IOURING_LIBURING Ring,129,119,62,50,360,2.78,100
8732,IOURING_LIBURING Ring,114,113,63,53,343,2.92,100
8733,IOURING_LIBURING Ring,152,113,68,52,385,2.60,100
8734,IOURING_LIBURING Ring,147,115,63,46,371,2.70,100
8735,IOURING_LIBURING Ring,124,111,62,52,349,2.87,100
8736,IOURING_LIBURING Ring,113,117,75,51,356,2.81,100
8737,IOURING_LIBURING Ring,111,111,72,53,347,2.88,100
8738,IOURING_LIBURING Ring,110,117,77,39,343,2.92,100
8739,IOURING_LIBURING Ring,113,122,93,41,369,2.71,100
8740,IOURING_LIBURING Ring,138,122,73,53,386,2.59,100
8741,IOURING_LIBURING Ring,115,116,68,42,341,2.93,100
8742,IOURING_LIBURING Ring,149,110,70,67,396,2.53,100
8743,IOURING_LIBURING Ring,111,109,65,53,338,2.96,100
8744,IOURING_LIBURING Ring,173,112,74,52,411,2.43,100
8745,IOURING_LIBURING Ring,107,133,64,52,356,2.81,100
8746,IOURING_LIBURING Ring,136,121,70,53,380,2.63,100
8747,IOURING_LIBURING Ring,109,115,73,47,344,2.91,100
8748,IOURING_LIBURING Ring,126,120,67,50,363,2.75,100
8749,IOURING_LIBURING Ring,114,112,106,36,368,2.72,100
8750,IOURING_LIBURING Ring,125,120,67,53,365,2.74,100
8751,IOURING_LIBURING Ring,115,120,71,42,348,2.87,100
8752,IOURING_LIBURING Ring,111,128,70,53,362,2.76,100
8753,IOURING_LIBURING Ring,116,113,65,73,367,2.72,100
8754,IOURING_LIBURING Ring,123,123,63,53,362,2.76,100
8755,IOURING_LIBURING Ring,116,111,61,53,341,2.93,100
8756,IOURING_LIBURING Ring,115,112,101,43,371,2.70,100
8757,IOURING_LIBURING Ring,107,115,79,56,357,2.80,100
8758,IOURING_LIBURING Ring,112,110,108,45,375,2.67,100
8759,IOURING_LIBURING Ring,111,124,75,52,362,2.76,100
8760,IOURING_LIBURING Ring,115,113,66,39,333,3.00,100
8761,IOURING_LIBURING Ring,117,118,71,37,343,2.92,100
8762,IOURING_LIBURING Ring,118,120,81,48,367,2.72,100
8763,IOURING_LIBURING Ring,119,114,73,50,356,2.81,100
8764,IOURING_LIBURING Ring,122,118,74,49,363,2.75,100
8765,IOURING_LIBURING Ring,112,116,71,48,347,2.88,100
8766,IOURING_LIBURING Ring,110,122,95,52,379,2.64,100
8767,IOURING_LIBURING Ring,115,112,64,50,341,2.93,100
8768,IOURING_LIBURING Ring,114,114,64,55,347,2.88,100
8769,IOURING_LIBURING Ring,113,118,70,42,343,2.92,100
8770,IOURING_LIBURING Ring,112,118,75,52,357,2.80,100
8771,IOURING_LIBURING Ring,112,119,76,70,377,2.65,100
8772,IOURING_LIBURING Ring,113,114,76,55,358,2.79,100
8773,IOURING_LIBURING Ring,121,130,67,53,371,2.70,100
8774,IOURING_LIBURING Ring,112,118,70,39,339,2.95,100
8775,IOURING_LIBURING Ring,112,119,76,42,349,2.87,100
8776,IOURING_LIBURING Ring,113,118,73,54,358,2.79,100
8777,IOURING_LIBURING Ring,165,110,59,53,387,2.58,100
8778,IOURING_LIBURING Ring,112,113,67,52,344,2.91,100
8779,IOURING_LIBURING Ring,139,108,71,51,369,2.71,100
8780,IOURING_LIBURING Ring,112,115,106,43,376,2.66,100
8781,IOURING_LIBURING Ring,117,110,79,53,359,2.79,100
8782,IOURING_LIBURING Ring,125,104,75,52,356,2.81,100
8783,IOURING_LIBURING Ring,114,143,78,41,376,2.66,100
8784,IOURING_LIBURING Ring,130,113,63,53,359,2.79,100
8785,IOURING_LIBURING Ring,115,124,80,67,386,2.59,100
8786,IOURING_LIBURING Ring,113,148,81,43,385,2.60,100
8787,IOURING_LIBURING Ring,118,130,73,53,374,2.67,100
8788,IOURING_LIBURING Ring,116,115,74,51,356,2.81,100
8789,IOURING_LIBURING Ring,113,113,74,42,342,2.92,100
8790,IOURING_LIBURING Ring,117,109,66,52,344,2.91,100
8791,IOURING_LIBURING Ring,112,115,88,42,357,2.80,100
8792,IOURING_LIBURING Ring,113,104,66,54,337,2.97,100
8793,IOURING_LIBURING Ring,116,120,68,42,346,2.89,100
8794,IOURING_LIBURING Ring,107,120,95,42,364,2.75,100
8795,IOURING_LIBURING Ring,119,116,67,71,373,2.68,100
8796,IOURING_LIBURING Ring,152,120,67,48,387,2.58,100
8797,IOURING_LIBURING Ring,123,113,81,54,371,2.70,100
8798,IOURING_LIBURING Ring,129,107,64,54,354,2.82,100
8799,IOURING_LIBURING Ring,134,119,93,42,388,2.58,100
8800,IOURING_LIBURING Ring,125,118,64,72,379,2.64,100
8801,IOURING_LIBURING Ring,140,142,108,50,440,2.27,100
8802,IOURING_LIBURING Ring,122,109,73,52,356,2.81,100
8803,IOURING_LIBURING Ring,135,110,65,52,362,2.76,100
8804,IOURING_LIBURING Ring,158,104,60,48,370,2.70,100
8805,IOURING_LIBURING Ring,127,113,63,53,356,2.81,100
8806,IOURING_LIBURING Ring,115,115,78,54,362,2.76,100
8807,IOURING_LIBURING Ring,128,110,58,53,349,2.87,100
8808,IOURING_LIBURING Ring,131,114,80,53,378,2.65,100
8809,IOURING_LIBURING Ring,126,122,71,77,396,2.53,100
8810,IOURING_LIBURING Ring,102,126,71,44,343,2.92,100
8811,IOURING_LIBURING Ring,110,129,82,42,363,2.75,100
8812,IOURING_LIBURING Ring,156,115,65,52,388,2.58,100
8813,IOURING_LIBURING Ring,112,115,72,54,353,2.83,100
8814,IOURING_LIBURING Ring,120,116,89,51,376,2.66,100
8815,IOURING_LIBURING Ring,128,117,68,54,367,2.72,100
8816,IOURING_LIBURING Ring,121,111,78,54,364,2.75,100
8817,IOURING_LIBURING Ring,112,124,71,53,360,2.78,100
8818,IOURING_LIBURING Ring,106,112,64,53,335,2.99,100
8819,IOURING_LIBURING Ring,116,117,71,51,355,2.82,100
8820,IOURING_LIBURING Ring,111,112,75,54,352,2.84,100
8821,IOURING_LIBURING Ring,109,111,66,51,337,2.97,100
8822,IOURING_LIBURING Ring,114,131,115,50,410,2.44,100
8823,IOURING_LIBURING Ring,123,121,118,53,415,2.41,100
8824,IOURING_LIBURING Ring,108,114,92,52,366,2.73,100
8825,IOURING_LIBURING Ring,119,110,65,52,346,2.89,100
8826,IOURING_LIBURING Ring,110,124,68,42,344,2.91,100
8827,IOURING_LIBURING Ring,139,115,87,53,394,2.54,100
8828,IOURING_LIBURING Ring,113,132,68,52,365,2.74,100
8829,IOURING_LIBURING Ring,161,105,85,67,418,2.39,100
8830,IOURING_LIBURING Ring,116,114,69,53,352,2.84,100
8831,IOURING_LIBURING Ring,126,121,65,57,369,2.71,100
8832,IOURING_LIBURING Ring,115,110,74,49,348,2.87,100
8833,IOURING_LIBURING Ring,112,108,71,42,333,3.00,100
8834,IOURING_LIBURING Ring,125,125,80,38,368,2.72,100
8835,IOURING_LIBURING Ring,132,122,74,42,370,2.70,100
8836,IOURING_LIBURING Ring,124,110,80,62,376,2.66,100
8837,IOURING_LIBURING Ring,107,111,82,51,351,2.85,100
8838,IOURING_LIBURING Ring,121,118,99,53,391,2.56,100
8839,IOURING_LIBURING Ring,108,134,69,38,349,2.87,100
8840,IOURING_LIBURING Ring,135,109,70,51,365,2.74,100
8841,IOURING_LIBURING Ring,110,121,73,41,345,2.90,100
8842,IOURING_LIBURING Ring,128,119,71,53,371,2.70,100
8843,IOURING_LIBURING Ring,111,136,81,53,381,2.62,100
8844,IOURING_LIBURING Ring,107,117,71,39,334,2.99,100
8845,IOURING_LIBURING Ring,109,114,77,52,352,2.84,100
8846,IOURING_LIBURING Ring,119,127,66,46,358,2.79,100
8847,IOURING_LIBURING Ring,115,116,65,51,347,2.88,100
8848,IOURING_LIBURING Ring,126,113,65,53,357,2.80,100
8849,IOURING_LIBURING Ring,113,120,83,52,368,2.72,100
8850,IOURING_LIBURING Ring,116,118,81,68,383,2.61,100
8851,IOURING_LIBURING Ring,114,118,95,54,381,2.62,100
8852,IOURING_LIBURING Ring,111,126,74,42,353,2.83,100
8853,IOURING_LIBURING Ring,122,136,68,53,379,2.64,100
8854,IOURING_LIBURING Ring,125,110,70,48,353,2.83,100
8855,IOURING_LIBURING Ring,135,115,68,52,370,2.70,100
8856,IOURING_LIBURING Ring,111,112,67,54,344,2.91,100
8857,IOURING_LIBURING Ring,111,122,76,37,346,2.89,100
8858,IOURING_LIBURING Ring,142,120,67,49,378,2.65,100
8859,IOURING_LIBURING Ring,115,120,67,60,362,2.76,100
8860,IOURING_LIBURING Ring,117,115,65,37,334,2.99,100
8861,IOURING_LIBURING Ring,113,112,78,54,357,2.80,100
8862,IOURING_LIBURING Ring,113,108,71,50,342,2.92,100
8863,IOURING_LIBURING Ring,106,109,63,53,331,3.02,100
8864,IOURING_LIBURING Ring,113,113,92,53,371,2.70,100
8865,IOURING_LIBURING Ring,112,116,94,54,376,2.66,100
8866,IOURING_LIBURING Ring,109,121,83,50,363,2.75,100
8867,IOURING_LIBURING Ring,140,120,67,42,369,2.71,100
8868,IOURING_LIBURING Ring,111,115,85,54,365,2.74,100
8869,IOURING_LIBURING Ring,106,115,63,49,333,3.00,100
8870,IOURING_LIBURING Ring,111,118,89,53,371,2.70,100
8871,IOURING_LIBURING Ring,130,111,66,55,362,2.76,100
8872,IOURING_LIBURING Ring,134,105,63,47,349,2.87,100
8873,IOURING_LIBURING Ring,113,114,66,52,345,2.90,100
8874,IOURING_LIBURING Ring,119,111,65,54,349,2.87,100
8875,IOURING_LIBURING Ring,108,123,83,53,367,2.72,100
8876,IOURING_LIBURING Ring,116,125,115,51,407,2.46,100
8877,IOURING_LIBURING Ring,163,111,69,52,395,2.53,100
8878,IOURING_LIBURING Ring,117,126,76,56,375,2.67,100
8879,IOURING_LIBURING Ring,133,120,70,68,391,2.56,100
8880,IOURING_LIBURING Ring,115,108,71,53,347,2.88,100
8881,IOURING_LIBURING Ring,116,124,68,42,350,2.86,100
8882,IOURING_LIBURING Ring,138,120,88,53,399,2.51,100
8883,IOURING_LIBURING Ring,122,113,93,54,382,2.62,100
8884,IOURING_LIBURING Ring,151,137,110,42,440,2.27,100
8885,IOURING_LIBURING Ring,111,109,93,51,364,2.75,100
8886,IOURING_LIBURING Ring,109,133,90,42,374,2.67,100
8887,IOURING_LIBURING Ring,119,127,105,54,405,2.47,100
8888,IOURING_LIBURING Ring,119,105,73,51,348,2.87,100
8889,IOURING_LIBURING Ring,141,115,95,44,395,2.53,100
8890,IOURING_LIBURING Ring,114,137,83,36,370,2.70,100
8891,IOURING_LIBURING Ring,124,109,71,52,356,2.81,100
8892,IOURING_LIBURING Ring,114,112,76,40,342,2.92,100
8893,IOURING_LIBURING Ring,126,118,73,44,361,2.77,100
8894,IOURING_LIBURING Ring,107,105,70,36,318,3.14,100
8895,IOURING_LIBURING Ring,138,123,71,46,378,2.65,100
8896,IOURING_LIBURING Ring,114,112,79,55,360,2.78,100
8897,IOURING_LIBURING Ring,124,113,102,52,391,2.56,100
8898,IOURING_LIBURING Ring,125,118,79,53,375,2.67,100
8899,IOURING_LIBURING Ring,136,110,96,53,395,2.53,100
8900,IOURING_LIBURING Ring,110,115,79,51,355,2.82,100
8901,IOURING_LIBURING Ring,106,121,100,52,379,2.64,100
8902,IOURING_LIBURING Ring,108,118,73,53,352,2.84,100
8903,IOURING_LIBURING Ring,119,116,69,54,358,2.79,100
8904,IOURING_LIBURING Ring,111,123,75,52,361,2.77,100
8905,IOURING_LIBURING Ring,117,117,105,54,393,2.54,100
8906,IOURING_LIBURING Ring,148,140,76,52,416,2.40,100
8907,IOURING_LIBURING Ring,146,119,76,53,394,2.54,100
8908,IOURING_LIBURING Ring,153,105,110,50,418,2.39,100
8909,IOURING_LIBURING Ring,165,125,65,53,408,2.45,100
8910,IOURING_LIBURING Ring,111,130,79,53,373,2.68,100
8911,IOURING_LIBURING Ring,149,117,71,52,389,2.57,100
8912,IOURING_LIBURING Ring,198,118,70,52,438,2.28,100
8913,IOURING_LIBURING Ring,122,114,77,42,355,2.82,100
8914,IOURING_LIBURING Ring,177,114,65,67,423,2.36,100
8915,IOURING_LIBURING Ring,130,123,71,52,376,2.66,100
8916,IOURING_LIBURING Ring,152,130,84,73,439,2.28,100
8917,IOURING_LIBURING Ring,129,111,73,38,351,2.85,100
8918,IOURING_LIBURING Ring,110,108,84,50,352,2.84,100
8919,IOURING_LIBURING Ring,112,130,69,42,353,2.83,100
8920,IOURING_LIBURING Ring,120,115,68,42,345,2.90,100
8921,IOURING_LIBURING Ring,133,121,83,52,389,2.57,100
8922,IOURING_LIBURING Ring,131,129,90,42,392,2.55,100
8923,IOURING_LIBURING Ring,125,110,90,45,370,2.70,100
8924,IOURING_LIBURING Ring,136,121,68,48,373,2.68,100
8925,IOURING_LIBURING Ring,114,124,84,53,375,2.67,100
8926,IOURING_LIBURING Ring,123,127,63,53,366,2.73,100
8927,IOURING_LIBURING Ring,154,106,67,52,379,2.64,100
8928,IOURING_LIBURING Ring,125,123,76,54,378,2.65,100
8929,IOURING_LIBURING Ring,162,116,66,53,397,2.52,100
8930,IOURING_LIBURING Ring,110,119,72,52,353,2.83,100
8931,IOURING_LIBURING Ring,107,110,69,53,339,2.95,100
8932,IOURING_LIBURING Ring,125,109,75,42,351,2.85,100
8933,IOURING_LIBURING Ring,107,120,71,53,351,2.85,100
8934,IOURING_LIBURING Ring,126,120,81,53,380,2.63,100
8935,IOURING_LIBURING Ring,111,112,70,42,335,2.99,100
8936,IOURING_LIBURING Ring,111,113,77,53,354,2.82,100
8937,IOURING_LIBURING Ring,122,119,76,50,367,2.72,100
8938,IOURING_LIBURING Ring,111,113,78,42,344,2.91,100
8939,IOURING_LIBURING Ring,112,118,83,40,353,2.83,100
8940,IOURING_LIBURING Ring,117,127,68,46,358,2.79,100
8941,IOURING_LIBURING Ring,112,117,75,52,356,2.81,100
8942,IOURING_LIBURING Ring,146,113,71,52,382,2.62,100
8943,IOURING_LIBURING Ring,204,115,90,51,460,2.17,100
8944,IOURING_LIBURING Ring,114,113,58,42,327,3.06,100
8945,IOURING_LIBURING Ring,146,113,71,52,382,2.62,100
8946,IOURING_LIBURING Ring,115,121,61,72,369,2.71,100
8947,IOURING_LIBURING Ring,122,122,76,63,383,2.61,100
8948,IOURING_LIBURING Ring,109,115,94,42,360,2.78,100
8949,IOURING_LIBURING Ring,115,135,69,52,371,2.70,100
8950,IOURING_LIBURING Ring,123,122,64,49,358,2.79,100
8951,IOURING_LIBURING Ring,119,111,72,52,354,2.82,100
8952,IOURING_LIBURING Ring,115,111,86,42,354,2.82,100
8953,IOURING_LIBURING Ring,119,116,69,53,357,2.80,100
8954,IOURING_LIBURING Ring,118,105,69,53,345,2.90,100
8955,IOURING_LIBURING Ring,119,113,93,53,378,2.65,100
8956,IOURING_LIBURING Ring,161,112,68,41,382,2.62,100
8957,IOURING_LIBURING Ring,111,113,73,48,345,2.90,100
8958,IOURING_LIBURING Ring,120,118,76,51,365,2.74,100
8959,IOURING_LIBURING Ring,142,108,66,69,385,2.60,100
8960,IOURING_LIBURING Ring,126,122,95,52,395,2.53,100
8961,IOURING_LIBURING Ring,151,107,61,55,374,2.67,100
8962,IOURING_LIBURING Ring,126,114,62,53,355,2.82,100
8963,IOURING_LIBURING Ring,115,116,67,54,352,2.84,100
8964,IOURING_LIBURING Ring,132,117,67,53,369,2.71,100
8965,IOURING_LIBURING Ring,108,109,112,51,380,2.63,100
8966,IOURING_LIBURING Ring,112,113,72,48,345,2.90,100
8967,IOURING_LIBURING Ring,109,124,134,53,420,2.38,100
8968,IOURING_LIBURING Ring,113,108,70,53,344,2.91,100
8969,IOURING_LIBURING Ring,117,106,69,52,344,2.91,100
8970,IOURING_LIBURING Ring,118,116,66,53,353,2.83,100
8971,IOURING_LIBURING Ring,117,109,72,52,350,2.86,100
8972,IOURING_LIBURING Ring,128,118,79,54,379,2.64,100
8973,IOURING_LIBURING Ring,109,121,85,50,365,2.74,100
8974,IOURING_LIBURING Ring,113,114,68,42,337,2.97,100
8975,IOURING_LIBURING Ring,111,119,72,45,347,2.88,100
8976,IOURING_LIBURING Ring,114,109,64,53,340,2.94,100
8977,IOURING_LIBURING Ring,112,115,62,42,331,3.02,100
8978,IOURING_LIBURING Ring,117,122,103,53,395,2.53,100
8979,IOURING_LIBURING Ring,111,121,67,53,352,2.84,100
8980,IOURING_LIBURING Ring,142,126,76,54,398,2.51,100
8981,IOURING_LIBURING Ring,126,115,66,37,344,2.91,100
8982,IOURING_LIBURING Ring,117,113,65,54,349,2.87,100
8983,IOURING_LIBURING Ring,109,116,80,42,347,2.88,100
8984,IOURING_LIBURING Ring,150,111,63,54,378,2.65,100
8985,IOURING_LIBURING Ring,134,111,69,49,363,2.75,100
8986,IOURING_LIBURING Ring,147,112,69,42,370,2.70,100
8987,IOURING_LIBURING Ring,164,116,90,48,418,2.39,100
8988,IOURING_LIBURING Ring,119,117,70,42,348,2.87,100
8989,IOURING_LIBURING Ring,144,128,78,49,399,2.51,100
8990,IOURING_LIBURING Ring,123,114,93,50,380,2.63,100
8991,IOURING_LIBURING Ring,119,125,64,52,360,2.78,100
8992,IOURING_LIBURING Ring,115,119,72,46,352,2.84,100
8993,IOURING_LIBURING Ring,125,121,73,38,357,2.80,100
8994,IOURING_LIBURING Ring,110,117,68,53,348,2.87,100
8995,IOURING_LIBURING Ring,125,121,98,60,404,2.48,100
8996,IOURING_LIBURING Ring,111,110,71,54,346,2.89,100
8997,IOURING_LIBURING Ring,113,134,66,38,351,2.85,100
8998,IOURING_LIBURING Ring,108,107,75,58,348,2.87,100
8999,IOURING_LIBURING Ring,153,118,67,54,392,2.55,100
9000,IOURING_LIBURING Ring,113,111,68,56,348,2.87,100
